student_id,programa,semestre,edad,genero,horas_estudio_semana,horas_sueno_noche,tiempo_desplazamiento_min,medio_transporte,nivel_estres,satisfaccion_academica,dias_ejercicio_semana,horas_sociales_semana,uso_ia_generativa,confianza_programando,area_interes_datos,modalidad_preferida,promedio_acumulado,fecha_encuesta
E0001,Economía,5,21,Mujer,16.8,5.5,61,Bus,4,4,3,7.2,A veces,3,Ingeniería de datos,Presencial,3.47,2026-08-01
E0002,Administración,6,23,Mujer,23.5,7.2,98,TransMilenio,4,4,2,10.8,Nunca,2,No estoy seguro,Presencial,3.69,2026-08-10
E0003,Administración,1,17,Hombre,12.6,6.7,55,TransMilenio,5,4,3,6.8,A veces,4,Analítica de negocio,Presencial,3.26,2026-08-21
E0004,Ciencia de Datos,8,21,Mujer,15.7,6.1,57,Moto,4,3,1,14.3,Nunca,4,Analítica de negocio,Presencial,2.9,2026-08-19
E0005,Diseño,3,22,Mujer,20.5,6.4,50,Carro,5,4,5,11.0,A veces,2,No estoy seguro,Presencial,3.54,2026-08-04
E0006,Ciencia de Datos,4,22,Hombre,23.4,6.0,77,Bus,5,4,5,5.7,A veces,5,Ciencia social computacional,Presencial,3.13,2026-08-10
E0007,Ingeniería de Sistemas,1,20,Hombre,12.6,8.0,79,Caminando,5,4,5,6.0,Frecuentemente,3,Visualización,Híbrida,3.44,2026-08-11
E0008,Ingeniería de Sistemas,4,22,Prefiere no responder,19.8,7.1,33,TransMilenio,4,4,2,0.8,Todos los días,3,,Híbrida,3.54,2026-08-06
E0009,Ingeniería Industrial,5,20,Mujer,8.9,6.5,59,Moto,4,3,1,6.1,A veces,3,Analítica de negocio,Presencial,3.36,2026-08-03
E0010,Administración,5,22,Mujer,18.2,,81,TransMilenio,4,4,2,0,Frecuentemente,3,Analítica de negocio,Presencial,3.84,2026-08-14
E0011,Ingeniería Industrial,1,21,Mujer,8.6,5.9,94,Caminando,5,4,3,5.7,A veces,2,Visualización,Híbrida,3.72,2026-08-18
E0012,Ciencia de Datos,5,20,Mujer,11.9,8.1,78,TransMilenio,3,5,5,2.0,A veces,4,No estoy seguro,Híbrida,3.59,2026-08-10
E0013,Ingeniería de Sistemas,10,22,Hombre,22.4,6.2,31,Carro,5,3,2,12.8,Frecuentemente,4,No estoy seguro,Presencial,3.61,2026-08-06
E0014,Ciencia de Datos,4,24,Mujer,20.9,8.0,39,Carro,4,4,2,3.8,A veces,3,Analítica de negocio,Presencial,4.14,2026-08-05
E0015,Economía,3,22,Hombre,20.8,7.3,145,TransMilenio,4,4,4,15.7,Todos los días,2,Analítica de negocio,Presencial,3.86,2026-08-20
E0016,Psicología,1,20,Hombre,6.8,5.0,30,TransMilenio,5,3,4,3.6,A veces,2,Analítica de negocio,Presencial,3.32,2026-08-09
E0017,Ingeniería de Sistemas,4,25,Mujer,9.5,5.6,76,TransMilenio,4,4,2,2.3,Frecuentemente,4,IA y ML,Híbrida,3.2,2026-08-02
E0018,Administración,3,19,Mujer,13.8,6.2,108,Caminando,5,2,3,10.7,A veces,3,Analítica de negocio,Presencial,2.67,2026-08-05
E0019,Psicología,4,22,Hombre,18.9,7.7,79,Bicicleta,5,3,4,7.5,A veces,2,Ingeniería de datos,Presencial,3.89,2026-08-07
E0020,Administración,4,19,Hombre,17.6,6.9,58,TransMilenio,3,5,4,7.8,Frecuentemente,1,Visualización,Híbrida,4.12,2026-08-04
E0021,Diseño,4,23,Prefiere no responder,23.6,7.2,24,Bus,5,4,3,9.9,Nunca,2,Analítica de negocio,Presencial,3.75,2026-08-07
E0022,Ingeniería Industrial,1,21,Mujer,16.6,6.3,102,Bicicleta,4,4,1,10.4,A veces,3,No estoy seguro,Presencial,3.69,2026-08-06
E0023,Economía,3,22,Mujer,14.0,7.8,16,Bus,3,4,3,0.0,Frecuentemente,3,IA y ML,Presencial,3.15,2026-08-11
E0024,Ciencia de Datos,4,22,Mujer,15.2,7.1,37,TransMilenio,5,4,3,3.4,Todos los días,2,Analítica de negocio,Presencial,3.19,2026-08-05
E0025,Economía,7,22,Hombre,24.2,7.4,84,Carro,5,4,3,10.4,Frecuentemente,2,Ingeniería de datos,Virtual,2.96,2026-08-15
E0026,Economía,1,19,Hombre,6.7,5.1,34,Bicicleta,4,4,2,13.8,Frecuentemente,1,IA y ML,Presencial,3.12,2026-08-10
E0027,Ingeniería Industrial,2,23,Mujer,17.4,7.7,63,Bus,4,4,4,15.1,A veces,3,Ciencia social computacional,Híbrida,4.23,2026-08-19
E0028,Ingeniería de Sistemas,4,22,Hombre,16.6,8.2,0,Bus,3,4,2,6.8,A veces,3,Analítica de negocio,Presencial,3.71,2026-08-13
E0029,Administración,6,18,Prefiere no responder,6.9,6.4,17,TransMilenio,3,3,4,9.8,A veces,3,Analítica de negocio,Presencial,3.54,2026-08-14
E0030,Ingeniería Industrial,3,20,Hombre,15.8,7.7,52,Carro,4,3,3,0,A veces,3,IA y ML,Presencial,3.57,2026-08-19
E0031,Psicología,2,20,Mujer,3.1,5.5,42,Transmilenio,3,4,5,13.2,Todos los días,2,Analítica de negocio,Híbrida,3.35,2026-08-21
E0032,Ingeniería Industrial,6,21,Hombre,14.2,7.4,5,Carro,4,4,2,6.9,Frecuentemente,4,Visualización,Presencial,3.52,2026-08-12
E0033,Economía,5,19,Mujer,16.0,4.5,46,Carro,5,3,2,7.4,Todos los días,2,Ciencia social computacional,Presencial,3.4,2026-08-15
E0034,Economía,3,19,Hombre,11.0,6.4,81,Bus,4,4,0,3.5,Frecuentemente,2,IA y ML,Presencial,3.34,2026-08-18
E0035,Administración,3,18,Hombre,15.9,6.5,,TransMilenio,5,3,2,3.7,Frecuentemente,2,Analítica de negocio,Presencial,3.35,2026-08-04
E0036,Administración,5,20,No binario,25.8,6.6,35,Bicicleta,4,5,3,2.8,Todos los días,3,Analítica de negocio,Presencial,3.41,2026-08-18
E0037,Ciencia de Datos,4,21,Mujer,23.8,6.4,52,TransMilenio,4,4,4,2.5,A veces,5,No estoy seguro,Presencial,3.93,2026-08-19
E0038,Economía,5,22,Hombre,18.5,5.9,136,TransMilenio,5,3,3,5.0,Frecuentemente,2,No estoy seguro,Virtual,3.49,2026-08-10
E0039,Economía,8,24,Mujer,21.4,5.5,51,TransMilenio,5,3,2,2.7,Frecuentemente,3,IA y ML,Presencial,3.28,2026-08-03
E0040,Economía,7,25,Hombre,15.2,5.7,0,Bus,3,4,5,4.4,Nunca,3,Ciencia social computacional,Presencial,3.69,2026-08-10
E0041,Ingeniería de Sistemas,2,20,Mujer,13.2,8.1,17,Caminando,4,4,1,11.0,Frecuentemente,4,No estoy seguro,Presencial,4.08,2026-08-09
E0042,Economía,4,21,Hombre,13.0,6.2,60,Moto,3,5,4,7.6,A veces,2,IA y ML,Presencial,3.59,2026-08-16
E0043,Ingeniería Industrial,7,21,Hombre,15.1,7.0,19,Bus,5,2,2,5.1,A veces,2,IA y ML,Presencial,3.43,2026-08-02
E0044,Ingeniería Industrial,1,16,Mujer,9.3,6.8,38,Moto,3,4,4,12.7,Frecuentemente,5,No estoy seguro,Presencial,3.98,2026-08-04
E0045,Economía,6,25,Mujer,17.0,5.9,21,Bus,4,4,3,2.8,A veces,2,IA y ML,Híbrida,3.61,2026-08-17
E0046,Ingeniería Industrial,2,22,Hombre,14.3,5.8,32,Caminando,3,4,1,14.4,A veces,4,No estoy seguro,Presencial,3.18,2026-08-13
E0047,Ingeniería Industrial,4,20,Hombre,13.6,5.3,21,Caminando,5,4,2,12.4,Frecuentemente,3,No estoy seguro,Híbrida,2.88,2026-08-15
E0048,Ciencia de Datos,5,23,No binario,26.3,8.2,74,TransMilenio,4,4,4,9.9,Frecuentemente,1,Ingeniería de datos,Híbrida,3.61,2026-08-16
E0049,Diseño,4,21,Hombre,33.1,5.4,51,TransMilenio,5,3,0,2.0,Todos los días,3,IA y ML,Híbrida,3.52,2026-08-05
E0050,Ingeniería Industrial,6,19,Mujer,23.0,7.4,86,Bus,4,3,2,6.7,Frecuentemente,1,No estoy seguro,Presencial,3.78,2026-08-10
E0051,Economía,5,23,Mujer,10.8,6.2,33,Caminando,4,4,4,5.2,Frecuentemente,3,Visualización,Virtual,3.09,2026-08-13
E0052,Ingeniería Industrial,9,21,Hombre,18.5,7.9,64,Bus,4,4,4,2.9,A veces,2,Ingeniería de datos,Híbrida,3.28,2026-08-05
E0053,Economía,6,20,Mujer,11.9,7.3,51,TransMilenio,3,4,2,11.9,Todos los días,4,Visualización,Híbrida,3.64,2026-08-16
E0054,Psicología,3,19,Hombre,26.0,6.6,54,Bicicleta,5,5,2,4.2,Todos los días,2,Analítica de negocio,Presencial,3.53,2026-08-04
E0055,Ingeniería de Sistemas,2,17,Hombre,19.9,5.0,68,TransMilenio,5,4,1,10.2,Nunca,3,Ciencia social computacional,Híbrida,3.23,2026-08-05
E0056,Ciencia de Datos,6,28,Mujer,22.8,6.9,87,Bus,3,5,2,3.8,Frecuentemente,3,Ingeniería de datos,Híbrida,3.02,2026-08-20
E0057,Ingeniería de Sistemas,4,20,Mujer,3.8,7.6,60,Carro,3,3,2,6.0,A veces,4,IA y ML,Híbrida,2.94,2026-08-21
E0058,Economía,5,22,Mujer,17.2,,49,TransMilenio,4,3,0,4.4,A veces,3,Visualización,Presencial,3.07,2026-08-05
E0059,Psicología,1,18,Mujer,15.1,,21,Carro,5,4,3,10.7,A veces,3,IA y ML,Presencial,3.1,2026-08-15
E0060,Ingeniería de Sistemas,6,22,Hombre,18.0,7.6,27,Bus,4,4,1,8.7,Frecuentemente,1,IA y ML,Presencial,3.62,2026-08-20
E0061,Ciencia de Datos,6,23,Hombre,17.3,6.0,33,Bus,4,3,4,12.5,Todos los días,4,Visualización,Híbrida,2.84,2026-08-14
E0062,Ingeniería Industrial,5,19,Mujer,19.1,5.7,70,Bus,5,5,5,10.9,Nunca,4,Ciencia social computacional,Presencial,3.68,2026-08-19
E0063,Psicología,1,18,Mujer,22.3,5.4,0,TransMilenio,5,3,4,11.6,A veces,3,Visualización,Híbrida,3.17,2026-08-04
E0064,Administración,6,19,Hombre,14.1,8.5,44,Carro,3,4,6,5.3,A veces,3,Analítica de negocio,Presencial,4.11,2026-08-01
E0065,Ciencia de Datos,6,24,Mujer,17.8,4.4,81,Bus,5,3,3,6.5,Todos los días,4,Visualización,Híbrida,3.55,2026-08-02
E0066,Economía,6,21,Hombre,26.6,6.1,60,Bicicleta,5,4,2,13.7,Frecuentemente,2,Analítica de negocio,Presencial,3.46,2026-08-01
E0067,Ingeniería Industrial,7,21,Hombre,19.0,7.2,22,TransMilenio,4,3,2,2.6,A veces,2,Analítica de negocio,Híbrida,3.24,2026-08-03
E0068,Diseño,5,19,Hombre,14.2,6.5,59,TransMilenio,4,5,0,3.0,Todos los días,4,IA y ML,Presencial,3.75,2026-08-17
E0069,Ciencia de Datos,6,20,Mujer,19.0,6.5,29,TransMilenio,4,4,1,13.7,A veces,3,IA y ML,Presencial,3.6,2026-08-21
E0070,Ciencia de Datos,5,24,Mujer,15.2,5.8,38,Carro,5,3,4,7.5,Todos los días,3,Visualización,Presencial,3.63,2026-08-09
E0071,Economía,3,21,Mujer,20.4,7.1,43,Moto,5,4,4,3.9,Todos los días,3,Ingeniería de datos,Presencial,3.87,2026-08-07
E0072,Ingeniería Industrial,2,18,Mujer,14.7,8.5,88,Bus,3,4,4,11.2,A veces,1,IA y ML,Presencial,3.81,2026-08-10
E0073,Ingeniería de Sistemas,4,18,Mujer,13.0,6.3,35,Bus,5,4,6,13.1,A veces,3,IA y ML,Presencial,3.56,2026-08-21
E0074,Economía,3,18,Hombre,19.9,6.6,77,Caminando,5,3,4,2.0,Frecuentemente,1,Analítica de negocio,Presencial,3.39,2026-08-12
E0075,Ingeniería Industrial,5,21,Hombre,26.6,10.5,65,Bicicleta,4,4,3,7.8,Frecuentemente,1,No estoy seguro,Presencial,3.82,2026-08-06
E0076,Administración,3,20,Mujer,5.4,6.1,63,Carro,4,5,2,14.6,A veces,2,Ciencia social computacional,Presencial,3.18,2026-08-07
E0077,Ingeniería Industrial,9,22,Mujer,20.8,7.6,0,Caminando,4,4,2,8.1,Todos los días,4,Visualización,Presencial,3.99,2026-08-10
E0078,Ciencia de Datos,1,20,Hombre,18.2,7.2,41,Caminando,5,2,4,6.0,A veces,3,IA y ML,Presencial,3.71,2026-08-11
E0079,Psicología,5,19,Hombre,20.4,7.4,73,TransMilenio,3,4,1,10.1,A veces,3,Ciencia social computacional,Presencial,3.62,2026-08-04
E0080,Administración,1,19,Mujer,15.9,6.2,22,TransMilenio,5,3,0,6.5,Frecuentemente,2,IA y ML,Presencial,3.1,2026-08-19
E0081,Ingeniería de Sistemas,3,19,Prefiere no responder,21.4,7.4,0,Carro,4,3,4,0.7,A veces,1,IA y ML,Híbrida,3.34,2026-08-21
E0082,Ciencia de Datos,6,19,Mujer,14.0,6.3,72,Carro,5,3,4,7.3,A veces,5,No estoy seguro,Presencial,3.72,2026-08-07
E0083,Ciencia de Datos,4,21,Hombre,0,6.6,31,Bicicleta,3,4,4,10.0,A veces,2,IA y ML,Presencial,3.65,2026-08-13
E0084,Ingeniería Industrial,2,21,Mujer,22.0,7.1,31,TransMilenio,3,5,4,8.4,A veces,3,Analítica de negocio,Presencial,3.86,2026-08-14
E0085,Ciencia de Datos,2,20,Hombre,20.7,6.3,15,Caminando,5,4,3,3.8,Frecuentemente,4,IA y ML,Presencial,3.74,2026-08-15
E0086,Ciencia de Datos,1,22,Mujer,17.0,6.1,76,Carro,4,2,1,13.0,Frecuentemente,3,Ingeniería de datos,Presencial,3.38,2026-08-04
E0087,Ciencia de Datos,5,23,Hombre,24.5,7.9,46,Carro,4,3,0,8.8,Nunca,4,IA y ML,Presencial,4.31,2026-08-11
E0088,Economía,4,20,Mujer,9.7,6.7,68,Bicicleta,4,4,2,10.3,Todos los días,3,Visualización,Presencial,3.13,2026-08-19
E0089,Ingeniería Industrial,5,19,Hombre,21.6,7.2,97,Carro,4,4,0,17.7,Frecuentemente,4,Analítica de negocio,Presencial,3.25,2026-08-18
E0090,Economía,7,24,Mujer,32.7,7.0,47,TransMilenio,5,4,2,13.4,A veces,5,No estoy seguro,Presencial,3.48,2026-08-21
E0091,Psicología,3,23,Hombre,21.9,7.6,21,TransMilenio,3,3,0,3.8,Nunca,5,No estoy seguro,Presencial,4.24,2026-08-09
E0092,Economía,3,20,Hombre,9.6,,52,TransMilenio,5,3,3,2.1,A veces,3,Analítica de negocio,Presencial,3.25,2026-08-07
E0093,Ingeniería Industrial,6,25,Mujer,23.6,6.8,300,Carro,5,4,3,10.9,A veces,3,IA y ML,Híbrida,3.77,2026-08-06
E0094,Administración,2,22,Mujer,10.6,8.6,130,Bus,4,4,4,10.3,Frecuentemente,3,,Presencial,3.95,2026-08-20
E0095,Diseño,3,18,Hombre,18.6,6.1,85,Bicicleta,4,3,4,5.8,Frecuentemente,2,IA y ML,Presencial,3.5,2026-08-20
E0096,Economía,2,23,Mujer,24.3,7.2,28,Moto,4,4,1,7.9,Nunca,3,Visualización,Presencial,3.88,2026-08-20
E0097,Diseño,7,25,Mujer,13.7,7.6,73,Bus,3,4,3,4.3,Nunca,2,Analítica de negocio,Presencial,3.34,2026-08-21
E0098,Ciencia de Datos,5,17,Hombre,19.8,,16,Bicicleta,4,4,1,4.1,Todos los días,4,IA y ML,Híbrida,3.95,2026-08-04
E0099,Ciencia de Datos,2,20,Mujer,16.1,8.0,28,Caminando,3,4,0,3.4,Todos los días,3,Visualización,Presencial,3.99,2026-08-18
E0100,Ingeniería Industrial,3,18,Hombre,22.8,6.1,18,Carro,5,4,1,6.8,Todos los días,2,IA y ML,Presencial,3.73,2026-08-11
E0101,Ingeniería de Sistemas,1,17,Hombre,11.4,8.1,0,Bus,3,4,5,9.2,Todos los días,4,IA y ML,Híbrida,3.28,2026-08-07
E0102,Ingeniería Industrial,1,16,Hombre,10.0,7.8,81,Carro,4,5,0,7.0,Nunca,1,IA y ML,Híbrida,3.72,2026-08-01
E0103,Psicología,5,21,Hombre,22.1,6.2,24,TransMilenio,3,4,3,9.2,A veces,1,Ingeniería de datos,Híbrida,4.32,2026-08-14
E0104,Diseño,5,23,Prefiere no responder,28.5,6.0,72,Moto,5,3,3,7.4,Frecuentemente,5,Analítica de negocio,Virtual,4.14,2026-08-18
E0105,Ingeniería de Sistemas,5,21,Hombre,16.1,8.5,30,Carro,4,4,3,6.4,Frecuentemente,4,IA y ML,Presencial,3.41,2026-08-14
E0106,Ingeniería de Sistemas,2,22,Mujer,18.4,7.4,71,TransMilenio,4,4,3,0,A veces,3,Ingeniería de datos,Presencial,3.53,2026-08-02
E0107,Economía,3,20,Hombre,25.5,6.0,57,Carro,4,4,2,10.0,Frecuentemente,5,Analítica de negocio,Virtual,3.24,2026-08-16
E0108,Administración,6,23,Hombre,8.9,6.3,18,Bicicleta,3,4,0,15.3,A veces,4,IA y ML,Presencial,2.78,2026-08-06
E0109,Ingeniería Industrial,3,20,Mujer,13.2,6.7,1,Bus,4,3,2,12.3,Frecuentemente,3,Ingeniería de datos,Presencial,3.64,2026-08-19
E0110,Ciencia de Datos,1,16,Hombre,17.0,8.7,74,Moto,3,5,3,10.5,Frecuentemente,3,Analítica de negocio,Híbrida,2.9,2026-08-15
E0111,Diseño,5,20,Hombre,13.9,5.9,37,TransMilenio,4,3,2,7.8,Nunca,2,IA y ML,Presencial,3.19,2026-08-18
E0112,Ingeniería Industrial,2,20,Mujer,20.3,7.6,105,Bicicleta,5,4,0,1.6,Todos los días,3,Visualización,Presencial,3.67,2026-08-02
E0113,Ingeniería Industrial,6,22,Hombre,18.9,5.3,109,TransMilenio,5,4,1,1.7,Frecuentemente,2,IA y ML,Híbrida,3.73,2026-08-14
E0114,Ingeniería Industrial,4,25,Hombre,21.4,8.0,31,Bus,2,5,5,6.7,Frecuentemente,2,IA y ML,Presencial,4.12,2026-08-18
E0115,Ingeniería de Sistemas,5,20,Hombre,21.7,5.0,0,Carro,4,4,3,9.8,Todos los días,5,No estoy seguro,Presencial,3.41,2026-08-09
E0116,Ingeniería Industrial,3,20,Mujer,14.3,7.3,17,Carro,4,4,4,6.3,Todos los días,3,Ciencia social computacional,Híbrida,3.69,2026-08-16
E0117,Diseño,3,17,Mujer,15.6,7.7,46,Carro,5,4,4,11.1,Frecuentemente,2,Ingeniería de datos,Híbrida,3.38,2026-08-11
E0118,Ingeniería de Sistemas,5,20,Mujer,16.0,6.7,117,Carro,4,4,2,11.6,Todos los días,2,Ingeniería de datos,Presencial,3.48,2026-08-16
E0119,Psicología,2,18,Mujer,15.1,6.4,46,Caminando,3,3,2,9.5,Todos los días,3,No estoy seguro,Presencial,3.53,2026-08-21
E0120,Ingeniería Industrial,2,19,Hombre,13.5,6.1,80,Carro,4,3,2,8.2,Frecuentemente,4,IA y ML,Virtual,3.41,2026-08-01
E0121,Ingeniería de Sistemas,3,18,Hombre,20.6,8.7,31,Carro,3,4,5,9.0,Todos los días,3,Analítica de negocio,Presencial,3.7,2026-08-03
E0122,Economía,2,21,Mujer,7.0,6.1,76,TransMilenio,4,4,1,8.2,Frecuentemente,1,IA y ML,Presencial,3.01,2026-08-02
E0123,Ingeniería Industrial,6,20,Hombre,16.9,8.8,43,Carro,3,4,2,8.9,A veces,2,IA y ML,Híbrida,4.05,2026-08-10
E0124,Ciencia de Datos,1,19,Mujer,23.5,7.6,37,Bicicleta,5,5,2,3.1,Todos los días,5,Ciencia social computacional,Presencial,3.72,2026-08-20
E0125,Psicología,1,21,Mujer,10.6,9.8,26,Moto,3,4,4,7.6,Frecuentemente,2,Ciencia social computacional,Presencial,3.86,2026-08-21
E0126,Ciencia de Datos,4,19,Mujer,19.7,7.8,41,Bicicleta,4,4,1,10.3,Frecuentemente,4,Visualización,Presencial,3.71,2026-08-11
E0127,Diseño,6,22,Hombre,17.5,5.7,73,Carro,5,3,2,7.4,A veces,3,IA y ML,Presencial,3.18,2026-08-12
E0128,Ingeniería Industrial,7,22,Hombre,27.4,6.9,65,TransMilenio,5,3,0,2.8,A veces,2,No estoy seguro,Virtual,4.13,2026-08-05
E0129,Ingeniería Industrial,1,17,Hombre,15.5,7.8,33,Carro,5,5,2,6.3,Frecuentemente,3,Analítica de negocio,Híbrida,3.82,2026-08-06
E0130,Economía,10,20,Mujer,18.8,6.4,23,TransMilenio,4,3,3,4.2,Frecuentemente,2,Ingeniería de datos,Presencial,3.32,2026-08-13
E0131,Ciencia de Datos,6,22,Mujer,6.2,6.7,39,Caminando,3,3,5,2.9,Nunca,3,Ciencia social computacional,Presencial,3.08,2026-08-02
E0132,Economía,6,20,No binario,12.3,6.0,96,TransMilenio,5,4,2,2.7,Frecuentemente,3,Visualización,Presencial,3.59,2026-08-17
E0133,Ciencia de Datos,6,22,Mujer,20.6,6.6,74,Bus,3,4,5,4.8,Nunca,3,Ingeniería de datos,Presencial,3.71,2026-08-04
E0134,Ciencia de Datos,4,20,Hombre,18.6,,32,Carro,3,4,1,10.5,Frecuentemente,3,Ingeniería de datos,Presencial,3.56,2026-08-20
E0135,Diseño,2,20,Mujer,15.2,7.6,38,Carro,2,5,1,7.1,A veces,3,Ingeniería de datos,Presencial,3.94,2026-08-13
E0136,Economía,3,19,Hombre,12.7,5.7,17,Bicicleta,4,5,3,9.2,A veces,2,Ingeniería de datos,Presencial,3.53,2026-08-14
E0137,Economía,2,19,Hombre,2.2,6.5,68,TransMilenio,3,4,4,11.5,Todos los días,1,No estoy seguro,Presencial,3.39,2026-08-18
E0138,Ingeniería de Sistemas,6,19,Mujer,18.9,,25,TransMilenio,5,4,2,10.9,Frecuentemente,4,Ciencia social computacional,Híbrida,3.82,2026-08-18
E0139,Ingeniería de Sistemas,2,19,Hombre,21.1,6.9,54,Bus,3,4,4,8.0,A veces,2,No estoy seguro,Presencial,3.6,2026-08-03
E0140,Ingeniería de Sistemas,8,26,Mujer,20.4,7.2,17,Bus,4,3,3,10.0,A veces,4,Analítica de negocio,Presencial,3.7,2026-08-18
E0141,Ciencia de Datos,5,21,Hombre,23.8,6.5,94,TransMilenio,4,4,1,11.2,Frecuentemente,4,Ingeniería de datos,Presencial,3.77,2026-08-08
E0142,Administración,5,20,Hombre,11.8,6.7,81,Bus,3,3,4,11.2,A veces,3,No estoy seguro,Presencial,3.35,2026-08-01
E0143,Diseño,4,20,Prefiere no responder,10.8,5.8,81,Bus,3,5,2,5.0,A veces,3,Visualización,Presencial,3.72,2026-08-02
E0144,Ciencia de Datos,1,17,Mujer,5.6,7.4,45,Bus,4,4,6,7.9,Todos los días,3,No estoy seguro,Presencial,3.96,2026-08-12
E0145,Ingeniería Industrial,1,22,Mujer,9.4,7.4,46,Carro,3,4,3,6.4,A veces,3,Ingeniería de datos,Presencial,3.28,2026-08-14
E0146,Economía,1,18,Mujer,13.7,7.1,40,Bus,4,5,4,0.6,Frecuentemente,2,Visualización,Presencial,3.36,2026-08-06
E0147,Ingeniería de Sistemas,3,18,Mujer,8.2,7.6,60,TransMilenio,3,4,1,0.8,A veces,5,IA y ML,Presencial,3.83,2026-08-20
E0148,Administración,5,20,Mujer,30.3,7.9,5,TransMilenio,4,4,1,11.8,Frecuentemente,3,Analítica de negocio,Presencial,3.6,2026-08-21
E0149,Economía,1,18,Prefiere no responder,15.8,6.8,75,Bus,3,4,0,15.1,Nunca,2,IA y ML,Presencial,3.66,2026-08-13
E0150,Ingeniería de Sistemas,4,19,Mujer,11.7,6.8,41,Carro,3,4,2,13.0,A veces,4,Analítica de negocio,Presencial,3.1,2026-08-21
E0151,Economía,6,23,Hombre,19.7,6.6,78,Bus,5,3,2,7.5,A veces,1,Ingeniería de datos,Presencial,3.87,2026-08-17
E0152,Ingeniería de Sistemas,8,23,Mujer,17.0,6.8,0,Bicicleta,5,5,2,11.4,Frecuentemente,3,Ingeniería de datos,Presencial,4.3,2026-08-17
E0153,Ingeniería Industrial,1,19,Mujer,13.0,,12,TransMilenio,3,4,3,10.5,Frecuentemente,2,Analítica de negocio,Presencial,4.12,2026-08-18
E0154,Administración,2,19,Mujer,6.4,7.0,114,TransMilenio,4,3,5,12.2,Nunca,3,IA y ML,Presencial,3.71,2026-08-15
E0155,Diseño,4,19,Mujer,11.3,7.1,,Bicicleta,5,4,4,21.6,Frecuentemente,2,Ingeniería de datos,Presencial,3.4,2026-08-14
E0156,Ciencia de Datos,3,18,Hombre,13.3,7.7,54,Bicicleta,3,5,2,11.0,Todos los días,1,No estoy seguro,Presencial,3.97,2026-08-09
E0157,Ciencia de Datos,7,20,Hombre,18.1,6.0,64,TransMilenio,4,5,5,12.8,A veces,4,No estoy seguro,Presencial,3.44,2026-08-13
E0158,Administración,5,21,Mujer,12.7,7.4,61,Bicicleta,3,4,4,12.3,A veces,1,IA y ML,Presencial,3.36,2026-08-09
E0159,Diseño,7,24,Mujer,17.6,5.6,64,TransMilenio,5,3,0,6.8,A veces,3,Ciencia social computacional,Presencial,3.94,2026-08-18
E0160,Administración,3,20,Hombre,21.4,7.0,55,Caminando,5,4,3,4.3,Frecuentemente,2,IA y ML,Híbrida,3.19,2026-08-01
E0161,Psicología,5,24,Hombre,26.4,7.8,57,Moto,4,5,4,2.3,Frecuentemente,3,Analítica de negocio,Presencial,3.32,2026-08-09
E0162,Ingeniería Industrial,7,23,Hombre,18.7,6.8,75,Bus,4,4,2,10.3,A veces,4,Ingeniería de datos,Híbrida,3.27,2026-08-01
E0163,Psicología,4,19,Hombre,4.3,7.1,24,TransMilenio,3,4,4,14.0,Nunca,2,No estoy seguro,Presencial,3.5,2026-08-06
E0164,Ciencia de Datos,1,18,Hombre,9.5,7.2,47,Moto,4,5,3,4.6,Todos los días,4,Visualización,Híbrida,3.23,2026-08-12
E0165,Diseño,7,23,Hombre,13.2,6.3,84,Caminando,5,3,3,6.1,A veces,3,IA y ML,Presencial,4.04,2026-08-07
E0166,Administración,4,20,Hombre,19.3,7.1,45,TransMilenio,4,4,4,11.3,A veces,4,Ingeniería de datos,Presencial,3.79,2026-08-11
E0167,Ingeniería Industrial,5,22,Hombre,21.1,4.6,42,Moto,5,3,0,8.5,Frecuentemente,2,IA y ML,Presencial,3.26,2026-08-01
E0168,Psicología,3,22,Prefiere no responder,13.6,7.1,50,Carro,5,3,3,12.9,Todos los días,4,IA y ML,Virtual,3.8,2026-08-06
E0169,Economía,7,21,Hombre,19.1,6.0,71,Bicicleta,5,3,5,7.6,A veces,2,Analítica de negocio,Presencial,2.84,2026-08-12
E0170,Ingeniería de Sistemas,6,23,Hombre,22.3,6.0,17,TransMilenio,5,4,2,11.2,Todos los días,4,Analítica de negocio,Híbrida,3.55,2026-08-18
E0171,Psicología,6,21,Prefiere no responder,25.3,5.9,15,Carro,5,3,3,2.5,A veces,5,Visualización,Híbrida,3.05,2026-08-10
E0172,Ingeniería Industrial,3,22,Hombre,17.5,7.4,74,Bus,4,5,2,6.6,Nunca,3,IA y ML,Híbrida,3.79,2026-08-10
E0173,Administración,1,20,Mujer,9.7,6.3,33,TransMilenio,4,5,3,7.5,Frecuentemente,4,IA y ML,Presencial,3.72,2026-08-18
E0174,Ingeniería de Sistemas,5,21,Mujer,13.6,6.0,74,Moto,4,2,1,6.9,A veces,2,IA y ML,Presencial,3.76,2026-08-17
E0175,Administración,3,18,Mujer,15.5,6.4,127,Caminando,4,4,4,12.4,Todos los días,3,Ingeniería de datos,Híbrida,3.41,2026-08-03
E0176,Ciencia de Datos,8,21,Hombre,18.4,,44,TransMilenio,5,3,2,5.9,A veces,2,No estoy seguro,Presencial,3.12,2026-08-04
E0177,Economía,5,22,Hombre,14.4,7.6,28,Carro,4,5,3,11.5,Frecuentemente,4,IA y ML,Híbrida,3.4,2026-08-16
E0178,Psicología,5,21,Hombre,16.8,6.6,73,Bus,4,4,3,6.6,Todos los días,1,IA y ML,Presencial,3.69,2026-08-21
E0179,Ciencia de Datos,1,20,Mujer,6.5,7.1,45,Caminando,4,5,4,2.4,Frecuentemente,4,Visualización,Presencial,3.49,2026-08-02
E0180,Ingeniería Industrial,3,16,Hombre,18.6,6.7,104,Bus,4,4,4,8.9,Frecuentemente,3,Visualización,Presencial,4.1,2026-08-06
E0181,Administración,4,24,Mujer,18.1,6.9,82,TransMilenio,3,4,4,10.1,Frecuentemente,4,No estoy seguro,Virtual,3.45,2026-08-05
E0182,Economía,2,19,Mujer,13.8,7.2,30,Moto,3,4,2,11.1,A veces,1,Ciencia social computacional,Presencial,3.64,2026-08-04
E0183,Ciencia de Datos,9,23,Hombre,15.1,6.3,43,Bus,5,3,4,6.3,Frecuentemente,4,No estoy seguro,Presencial,3.5,2026-08-08
E0184,Diseño,6,23,Hombre,9.3,6.1,16,Bicicleta,2,2,2,13.0,A veces,4,Visualización,Presencial,3.56,2026-08-08
E0185,Economía,2,18,Hombre,11.3,,72,Carro,5,4,5,7.4,Frecuentemente,1,No estoy seguro,Híbrida,3.76,2026-08-08
E0186,Ingeniería Industrial,2,19,Hombre,9.5,6.6,71,TransMilenio,4,3,4,4.2,Todos los días,4,Visualización,Híbrida,3.64,2026-08-13
E0187,Ingeniería de Sistemas,1,21,Mujer,18.1,6.9,111,Moto,4,5,5,8.8,A veces,4,No estoy seguro,Presencial,3.86,2026-08-07
E0188,Administración,5,23,Hombre,25.7,6.9,40,Carro,4,3,4,7.3,Nunca,3,IA y ML,Presencial,3.96,2026-08-17
E0189,Ciencia de Datos,3,18,Mujer,13.5,6.1,71,Carro,5,4,5,6.8,Frecuentemente,4,Visualización,Presencial,4.11,2026-08-11
E0190,Psicología,1,16,Mujer,13.7,8.3,24,TransMilenio,4,5,3,9.0,Frecuentemente,4,Ciencia social computacional,Presencial,3.91,2026-08-21
E0191,Ingeniería Industrial,3,20,Prefiere no responder,11.1,5.8,95,Bus,4,3,4,5.9,Frecuentemente,3,Ingeniería de datos,Presencial,3.07,2026-08-09
E0192,Economía,1,18,Hombre,7.6,5.7,49,TransMilenio,4,3,0,3.8,Todos los días,4,Analítica de negocio,Presencial,3.19,2026-08-18
E0193,Ingeniería de Sistemas,5,25,Mujer,25.7,6.9,96,Carro,4,4,3,1.8,A veces,3,IA y ML,Presencial,3.93,2026-08-15
E0194,Ciencia de Datos,4,22,Hombre,6.1,6.0,84,Bus,5,4,3,7.4,A veces,3,No estoy seguro,Virtual,2.94,2026-08-09
E0195,Diseño,7,24,Mujer,8.3,8.1,48,Caminando,4,4,1,8.7,Frecuentemente,2,IA y ML,Híbrida,3.63,2026-08-19
E0196,Ingeniería de Sistemas,5,19,Hombre,15.0,7.1,14,Caminando,5,3,4,4.9,Frecuentemente,4,IA y ML,Presencial,3.19,2026-08-01
E0197,Administración,2,17,Hombre,0.3,6.0,40,Carro,3,4,2,6.9,A veces,2,Ingeniería de datos,Presencial,3.42,2026-08-20
E0198,Ciencia de Datos,2,19,Hombre,11.7,8.0,7,TransMilenio,3,4,3,8.3,A veces,3,IA y ML,Presencial,3.32,2026-08-19
E0199,Ingeniería de Sistemas,5,20,Mujer,9.5,6.9,75,Carro,4,4,3,3.7,A veces,3,Visualización,Presencial,3.0,2026-08-12
E0200,Administración,1,20,Mujer,3.4,7.1,14,Bicicleta,3,5,5,11.9,Nunca,2,Ciencia social computacional,Presencial,3.71,2026-08-12
E0201,Administración,5,21,Mujer,15.7,5.4,82,TransMilenio,5,4,2,1.1,Frecuentemente,3,IA y ML,Presencial,3.84,2026-08-19
E0202,Ciencia de Datos,2,21,Hombre,10.4,4.6,50,TransMilenio,4,3,0,10.3,Todos los días,4,Ingeniería de datos,Presencial,2.52,2026-08-05
E0203,Ciencia de Datos,2,17,Mujer,18.4,6.3,19,TransMilenio,4,3,4,6.2,A veces,5,Visualización,Híbrida,2.87,2026-08-18
E0204,Diseño,4,20,Hombre,3.9,7.3,89,TransMilenio,3,5,5,7.8,Todos los días,1,Analítica de negocio,Presencial,3.36,2026-08-12
E0205,Economía,1,17,Hombre,7.8,5.3,0,Bus,4,4,2,7.2,Nunca,3,IA y ML,Híbrida,3.7,2026-08-05
E0206,Administración,4,20,Hombre,12.1,8.5,62,TransMilenio,4,3,5,3.2,Frecuentemente,3,Ciencia social computacional,Presencial,4.11,2026-08-02
E0207,Psicología,1,22,Prefiere no responder,10.4,8.0,73,Carro,4,4,0,12.4,Frecuentemente,1,Ingeniería de datos,Híbrida,3.06,2026-08-07
E0208,Ingeniería Industrial,3,21,Mujer,22.8,7.4,82,Bus,3,5,4,12.4,A veces,2,IA y ML,Presencial,4.16,2026-08-11
E0209,Economía,4,18,Hombre,13.3,8.4,42,Bicicleta,3,3,2,1.5,A veces,2,Visualización,Presencial,3.24,2026-08-11
E0210,Ingeniería Industrial,7,21,Hombre,32.7,5.6,58,Bicicleta,5,3,2,10.2,Frecuentemente,3,IA y ML,Híbrida,3.5,2026-08-13
E0211,Diseño,6,21,Hombre,16.1,8.8,64,Caminando,3,4,3,10.6,Frecuentemente,2,No estoy seguro,Presencial,4.1,2026-08-01
E0212,Economía,3,21,Mujer,22.8,,3,TransMilenio,5,2,2,3.5,Frecuentemente,4,IA y ML,Presencial,3.7,2026-08-02
E0213,Ciencia de Datos,7,23,Hombre,16.2,6.5,50,Carro,5,3,3,5.5,Frecuentemente,2,Ingeniería de datos,Híbrida,2.96,2026-08-03
E0214,Ingeniería Industrial,2,18,Hombre,14.1,6.4,38,Moto,3,5,4,8.9,A veces,3,No estoy seguro,Presencial,2.91,2026-08-21
E0215,Ciencia de Datos,2,16,Hombre,13.5,6.1,86,Carro,4,4,3,4.1,Todos los días,3,Analítica de negocio,Híbrida,3.62,2026-08-14
E0216,Diseño,3,21,Mujer,12.8,6.4,38,TransMilenio,4,3,5,10.4,Todos los días,1,IA y ML,Presencial,3.25,2026-08-09
E0217,Ciencia de Datos,3,18,Mujer,20.9,7.9,83,Caminando,5,3,5,5.3,Frecuentemente,3,Visualización,Presencial,3.45,2026-08-01
E0218,Ingeniería Industrial,6,22,Hombre,10.1,6.7,78,Carro,3,5,0,10.8,Frecuentemente,4,IA y ML,Presencial,3.73,2026-08-05
E0219,Diseño,5,24,Hombre,15.9,5.0,75,Caminando,4,3,1,8.4,A veces,3,No estoy seguro,Presencial,3.23,2026-08-13
E0220,Ingeniería Industrial,3,20,Mujer,6.4,5.9,59,Bus,3,4,4,2.6,Frecuentemente,3,Analítica de negocio,Presencial,3.64,2026-08-19
E0221,Economía,7,22,Hombre,17.3,7.3,42,Bus,4,4,3,11.3,Frecuentemente,2,Analítica de negocio,Presencial,3.83,2026-08-17
E0222,Economía,4,20,Hombre,25.4,6.1,40,Bus,3,3,4,9.9,Todos los días,3,Ciencia social computacional,Presencial,3.99,2026-08-16
E0223,Diseño,8,23,Mujer,21.6,7.8,49,TransMilenio,4,3,1,6.0,A veces,2,IA y ML,Presencial,3.24,2026-08-21
E0224,Administración,4,21,Hombre,16.6,7.6,85,TransMilenio,4,4,3,10.7,Todos los días,2,IA y ML,Presencial,3.32,2026-08-10
E0225,Psicología,4,23,Hombre,12.6,7.0,39,Carro,4,4,0,5.7,Frecuentemente,3,No estoy seguro,Presencial,3.72,2026-08-05
E0226,Ciencia de Datos,5,22,Hombre,27.9,6.4,60,TransMilenio,4,4,5,9.9,Frecuentemente,4,IA y ML,Presencial,3.91,2026-08-01
E0227,Diseño,4,18,Hombre,15.3,7.1,32,Caminando,4,4,1,2.6,Frecuentemente,2,Ingeniería de datos,Presencial,3.74,2026-08-08
E0228,Diseño,5,23,Hombre,21.2,6.8,55,Bicicleta,5,4,1,7.3,A veces,3,IA y ML,Presencial,3.2,2026-08-19
E0229,Ingeniería Industrial,5,20,Mujer,16.2,8.2,53,Bicicleta,3,4,3,5.6,A veces,2,Analítica de negocio,Presencial,3.61,2026-08-04
E0230,Administración,1,16,Mujer,15.9,7.2,80,Bus,3,4,2,6.2,Todos los días,3,IA y ML,Híbrida,3.59,2026-08-14
E0231,Ciencia de Datos,4,22,Hombre,14.4,4.8,19,TransMilenio,5,4,2,8.2,Frecuentemente,3,IA y ML,Híbrida,3.57,2026-08-07
E0232,Ciencia de Datos,3,18,Mujer,11.4,7.0,59,TransMilenio,4,4,6,8.0,A veces,2,Visualización,Híbrida,3.68,2026-08-03
E0233,Diseño,1,18,Hombre,8.7,6.6,60,Moto,3,4,3,11.0,Frecuentemente,3,Visualización,Presencial,3.32,2026-08-17
E0234,Psicología,5,23,Hombre,10.4,6.0,0,Carro,4,3,4,7.1,Frecuentemente,2,IA y ML,Presencial,3.28,2026-08-21
E0235,Administración,4,23,Hombre,12.0,,10,TransMilenio,3,4,4,8.5,Frecuentemente,2,IA y ML,Presencial,3.6,2026-08-06
E0236,Psicología,6,20,Hombre,7.6,7.3,95,Caminando,4,4,3,13.7,A veces,4,Ingeniería de datos,Presencial,3.82,2026-08-20
E0237,Ciencia de Datos,7,19,Hombre,16.4,7.4,98,Carro,3,4,4,8.9,A veces,2,Ciencia social computacional,Presencial,3.28,2026-08-18
E0238,Ciencia de Datos,3,18,Hombre,24.2,6.5,56,Carro,5,4,2,4.3,A veces,2,IA y ML,Presencial,4.02,2026-08-09
E0239,Ingeniería de Sistemas,2,18,Hombre,16.3,8.3,14,TransMilenio,4,4,4,5.6,Nunca,3,IA y ML,Presencial,3.32,2026-08-05
E0240,Administración,5,21,Mujer,11.3,6.4,,Caminando,3,4,2,12.7,A veces,3,IA y ML,Presencial,3.36,2026-08-07
E0241,Administración,1,19,Mujer,10.5,7.7,0,TransMilenio,3,5,3,15.4,A veces,1,Visualización,Presencial,3.78,2026-08-12
E0242,Ingeniería Industrial,7,19,Mujer,19.1,7.9,70,Bus,5,3,0,0.7,A veces,2,No estoy seguro,Presencial,3.34,2026-08-11
E0243,Ingeniería Industrial,3,21,Mujer,12.6,6.3,0,Bus,4,2,0,6.0,Nunca,3,Ingeniería de datos,Presencial,3.84,2026-08-03
E0244,Ingeniería Industrial,3,19,Hombre,16.8,6.6,54,Bicicleta,2,4,5,12.2,Nunca,4,IA y ML,Híbrida,3.49,2026-08-15
E0245,Economía,6,24,Mujer,13.0,5.3,38,Moto,5,3,2,0,Frecuentemente,3,IA y ML,Presencial,2.93,2026-08-19
E0246,Ingeniería de Sistemas,2,18,Hombre,9.0,6.3,54,TransMilenio,4,4,3,8.6,Frecuentemente,4,Analítica de negocio,Presencial,3.14,2026-08-16
E0247,Psicología,4,21,Mujer,15.3,7.5,79,Bus,4,3,2,11.5,A veces,4,Analítica de negocio,Presencial,3.32,2026-08-20
E0248,Administración,4,20,Hombre,12.3,7.2,25,Caminando,4,4,1,3.9,A veces,2,,Presencial,3.3,2026-08-18
E0249,Ciencia de Datos,5,21,Mujer,16.8,6.9,56,TransMilenio,4,3,4,4.3,Frecuentemente,4,IA y ML,Presencial,3.51,2026-08-09
E0250,Administración,3,22,Mujer,18.0,7.8,9,Caminando,5,5,3,14.7,A veces,3,Visualización,Híbrida,3.44,2026-08-17
E0251,Economía,4,22,No binario,19.4,6.7,,Carro,3,5,4,7.4,Nunca,4,Ingeniería de datos,Virtual,3.64,2026-08-01
E0252,Ciencia de Datos,6,22,Hombre,21.3,7.1,52,Bicicleta,3,4,2,9.8,A veces,5,No estoy seguro,Virtual,3.91,2026-08-21
E0253,Ciencia de Datos,3,21,Hombre,20.3,,37,Carro,5,3,6,7.7,A veces,3,Ingeniería de datos,Presencial,4.04,2026-08-18
E0254,Ingeniería Industrial,5,21,Mujer,14.1,6.0,89,TransMilenio,5,2,2,7.3,A veces,2,Analítica de negocio,Presencial,3.55,2026-08-21
E0255,Ingeniería de Sistemas,3,16,Hombre,10.3,7.9,48,Moto,4,4,2,5.4,A veces,2,Analítica de negocio,Presencial,3.4,2026-08-03
E0256,Ciencia de Datos,5,22,Mujer,16.2,7.3,63,TransMilenio,3,4,0,8.9,Frecuentemente,4,Ingeniería de datos,Presencial,3.66,2026-08-07
E0257,Economía,7,21,Mujer,16.4,6.1,,Caminando,3,4,2,4.9,Frecuentemente,2,Ciencia social computacional,Presencial,3.59,2026-08-04
E0258,Administración,6,21,Hombre,17.9,6.8,91,TransMilenio,4,3,5,11.7,A veces,1,No estoy seguro,Presencial,3.64,2026-08-06
E0259,Ingeniería de Sistemas,1,19,Hombre,2.7,5.7,81,Moto,3,4,1,3.5,A veces,2,IA y ML,Presencial,2.94,2026-08-09
E0260,Ingeniería Industrial,5,17,Mujer,21.6,7.6,57,TransMilenio,5,5,7,8.3,A veces,2,No estoy seguro,Híbrida,4.08,2026-08-18
E0261,Ingeniería de Sistemas,2,18,Mujer,11.1,7.1,46,TransMilenio,5,4,4,3.1,A veces,3,IA y ML,Presencial,2.98,2026-08-19
E0262,Administración,4,23,Mujer,20.8,7.2,26,Bicicleta,5,3,4,4.9,Todos los días,4,Ciencia social computacional,Híbrida,3.91,2026-08-01
E0263,Economía,3,20,Hombre,12.3,8.0,32,TransMilenio,4,3,0,14.7,Frecuentemente,2,IA y ML,Presencial,3.55,2026-08-11
E0264,Ciencia de Datos,3,20,Mujer,14.5,7.8,69,Bicicleta,4,4,1,6.5,Frecuentemente,4,,Presencial,3.95,2026-08-03
E0265,Ingeniería Industrial,1,20,Hombre,17.4,7.6,40,Bus,4,3,0,10.0,Frecuentemente,3,Ciencia social computacional,Presencial,2.89,2026-08-08
E0266,Ciencia de Datos,5,19,Hombre,24.1,7.1,58,Moto,5,3,3,7.2,Frecuentemente,4,IA y ML,Presencial,3.81,2026-08-18
E0267,Ingeniería Industrial,1,18,Hombre,0.8,5.0,38,Bus,3,5,1,8.5,A veces,3,Ingeniería de datos,Presencial,2.38,2026-08-03
E0268,Ingeniería de Sistemas,5,21,Hombre,28.2,7.0,48,Caminando,4,4,0,15.6,Nunca,3,Visualización,Presencial,4.31,2026-08-17
E0269,Psicología,1,18,Mujer,17.2,6.6,6,TransMilenio,4,4,1,3.9,Todos los días,5,IA y ML,Presencial,3.47,2026-08-01
E0270,Psicología,6,23,Mujer,17.4,6.4,61,Bicicleta,3,4,4,4.1,A veces,2,Analítica de negocio,Presencial,3.4,2026-08-15
E0271,Ingeniería de Sistemas,4,22,Hombre,19.8,5.2,36,Carro,5,5,7,10.0,Todos los días,3,No estoy seguro,Presencial,2.62,2026-08-04
E0272,Ciencia de Datos,2,20,Mujer,11.6,5.9,120,Moto,4,5,4,3.0,Frecuentemente,4,IA y ML,Presencial,3.5,2026-08-20
E0273,Economía,2,18,Hombre,14.4,7.1,95,TransMilenio,5,4,1,6.3,A veces,2,Visualización,Presencial,3.46,2026-08-01
E0274,Psicología,6,23,Hombre,17.4,7.0,70,TransMilenio,5,3,1,3.7,Todos los días,3,Ciencia social computacional,Presencial,3.23,2026-08-13
E0275,Administración,1,22,Hombre,5.4,6.7,50,TransMilenio,3,3,4,10.7,Frecuentemente,2,No estoy seguro,Presencial,2.94,2026-08-02
E0276,Ciencia de Datos,6,18,Hombre,22.8,6.7,68,TransMilenio,5,3,4,5.3,Frecuentemente,4,IA y ML,Presencial,3.73,2026-08-18
E0277,Ciencia de Datos,2,21,Mujer,6.9,6.2,61,TransMilenio,5,3,0,9.6,A veces,2,IA y ML,Presencial,2.95,2026-08-13
E0278,Administración,6,24,Mujer,17.4,6.6,49,TransMilenio,3,5,3,6.7,A veces,3,Analítica de negocio,Híbrida,3.46,2026-08-15
E0279,Ingeniería Industrial,6,25,No binario,28.0,6.9,85,Bus,5,4,1,5.0,Frecuentemente,3,Analítica de negocio,Presencial,3.61,2026-08-18
E0280,Ingeniería Industrial,4,18,Mujer,9.0,7.0,61,Bus,4,4,1,5.6,A veces,3,No estoy seguro,Presencial,3.45,2026-08-10
E0281,Economía,3,18,Hombre,18.0,7.8,0,TransMilenio,3,4,4,7.4,A veces,3,Visualización,Presencial,4.0,2026-08-09
E0282,Ingeniería Industrial,6,21,Mujer,20.5,7.9,65,Moto,4,4,2,2.8,Frecuentemente,2,No estoy seguro,Presencial,3.33,2026-08-19
E0283,Psicología,3,21,Hombre,7.6,6.8,34,Carro,4,3,0,9.0,Frecuentemente,3,IA y ML,Híbrida,3.69,2026-08-14
E0284,Ciencia de Datos,1,17,Mujer,21.2,6.1,19,TransMilenio,5,4,0,5.7,A veces,3,Visualización,Virtual,3.73,2026-08-06
E0285,Ciencia de Datos,6,18,Hombre,17.1,6.9,63,Bus,4,5,0,1.0,Todos los días,4,IA y ML,Presencial,3.07,2026-08-18
E0286,Ingeniería de Sistemas,3,21,Hombre,23.4,7.6,35,Moto,4,4,5,7.6,Todos los días,3,Visualización,Híbrida,3.54,2026-08-10
E0287,Administración,4,21,Mujer,12.3,6.9,0,TransMilenio,4,4,3,9.7,Todos los días,1,Analítica de negocio,Presencial,3.05,2026-08-07
E0288,Ingeniería Industrial,4,17,Mujer,17.6,6.2,94,TransMilenio,5,3,4,7.7,Nunca,1,IA y ML,Presencial,3.81,2026-08-02
E0289,Economía,3,20,Mujer,21.7,7.2,39,Carro,4,3,6,7.0,A veces,3,Analítica de negocio,Presencial,3.75,2026-08-09
E0290,Ciencia de Datos,5,23,Mujer,15.7,5.8,43,TransMilenio,5,3,2,6.7,A veces,4,IA y ML,Presencial,3.08,2026-08-02
E0291,Ciencia de Datos,6,22,Mujer,12.5,6.1,74,Carro,3,4,5,7.1,Frecuentemente,2,No estoy seguro,Híbrida,3.27,2026-08-15
E0292,Ciencia de Datos,4,20,Hombre,23.7,4.7,65,TransMilenio,5,3,2,9.7,Todos los días,3,Analítica de negocio,Presencial,3.94,2026-08-03
E0293,Ingeniería de Sistemas,3,22,Mujer,16.1,5.7,61,Caminando,5,4,1,3.6,Frecuentemente,2,Analítica de negocio,Presencial,3.03,2026-08-16
E0294,Ingeniería de Sistemas,2,18,Hombre,22.7,7.1,23,Bicicleta,4,4,2,6.8,Todos los días,2,Visualización,Presencial,3.46,2026-08-18
E0295,Ciencia de Datos,2,20,Mujer,7.4,,9,Bus,3,4,2,8.9,Frecuentemente,4,Ciencia social computacional,Híbrida,3.36,2026-08-15
E0296,Ingeniería de Sistemas,1,17,Mujer,17.7,6.6,30,Carro,5,3,4,6.3,Todos los días,3,IA y ML,Virtual,3.54,2026-08-13
E0297,Diseño,4,20,Hombre,16.6,6.9,0,TransMilenio,3,4,3,3.6,Frecuentemente,3,Ingeniería de datos,Presencial,3.37,2026-08-06
E0298,Ingeniería de Sistemas,4,21,Hombre,21.4,7.2,38,Moto,4,4,3,8.5,Frecuentemente,2,No estoy seguro,Presencial,3.64,2026-08-21
E0299,Administración,6,19,Hombre,25.6,6.3,24,Caminando,5,3,3,7.4,Frecuentemente,3,Ingeniería de datos,Presencial,3.46,2026-08-19
E0300,Ingeniería Industrial,8,25,Hombre,19.8,7.5,73,Bicicleta,5,5,7,6.6,Frecuentemente,2,No estoy seguro,Presencial,3.56,2026-08-16
E0301,Economía,2,17,Hombre,7.2,6.7,6,Carro,2,5,3,13.2,A veces,2,Analítica de negocio,Virtual,3.4,2026-08-20
E0302,Administración,5,21,Mujer,10.5,6.3,55,TransMilenio,5,3,2,5.5,Nunca,1,IA y ML,Presencial,3.25,2026-08-09
E0303,Ingeniería Industrial,4,24,Hombre,24.0,6.1,37,TransMilenio,4,4,1,10.2,Nunca,4,No estoy seguro,Virtual,3.08,2026-08-16
E0304,Administración,2,18,Hombre,17.0,6.9,35,Carro,4,4,2,15.5,Nunca,1,Visualización,Híbrida,3.59,2026-08-18
E0305,Ingeniería Industrial,3,18,Mujer,9.5,6.7,40,Bus,5,3,5,9.5,Frecuentemente,2,Analítica de negocio,Híbrida,2.93,2026-08-09
E0306,Ingeniería Industrial,2,19,Hombre,16.7,5.7,82,Bicicleta,5,3,3,11.2,Frecuentemente,3,Ingeniería de datos,Híbrida,3.7,2026-08-01
E0307,Ingeniería de Sistemas,1,19,Mujer,12.5,6.3,90,TransMilenio,4,3,1,9.3,A veces,5,No estoy seguro,Presencial,3.13,2026-08-21
E0308,Economía,3,24,Hombre,12.9,,83,Moto,3,3,2,12.7,Todos los días,3,IA y ML,Presencial,3.22,2026-08-02
E0309,Ingeniería de Sistemas,3,21,No binario,14.8,7.9,0,Carro,4,4,5,12.4,A veces,5,Ingeniería de datos,Híbrida,3.52,2026-08-03
E0310,Ciencia de Datos,3,20,Mujer,5.9,5.6,53,TransMilenio,5,4,3,10.7,A veces,5,Ciencia social computacional,Presencial,3.15,2026-08-13
E0311,Diseño,4,18,Hombre,30.1,6.9,65,Carro,4,4,2,6.5,Frecuentemente,2,No estoy seguro,Presencial,2.95,2026-08-03
E0312,Diseño,3,20,Mujer,10.8,4.7,240,Carro,4,4,4,11.9,Frecuentemente,3,IA y ML,Presencial,2.99,2026-08-01
E0313,Administración,2,18,Mujer,9.6,6.7,0,Bus,3,4,3,15.1,Nunca,3,,Híbrida,3.25,2026-08-18
E0314,Ciencia de Datos,2,16,Mujer,8.2,7.8,84,Bus,4,4,3,6.1,A veces,4,Ciencia social computacional,Presencial,3.51,2026-08-06
E0315,Administración,7,24,Mujer,13.4,6.1,69,Bus,4,4,0,6.5,Frecuentemente,3,Visualización,Presencial,3.6,2026-08-02
E0316,Economía,4,20,Mujer,18.8,5.7,74,Carro,3,5,3,9.0,Todos los días,1,,Presencial,3.15,2026-08-01
E0317,Ciencia de Datos,6,20,Hombre,16.8,8.2,60,TransMilenio,3,5,4,5.7,A veces,4,Ingeniería de datos,Presencial,3.59,2026-08-03
E0318,Economía,1,19,Mujer,8.1,7.0,66,Carro,4,4,3,3.2,A veces,3,IA y ML,Presencial,2.89,2026-08-05
E0319,Economía,6,21,Mujer,17.8,,38,Bus,4,3,5,8.2,Frecuentemente,2,No estoy seguro,Presencial,3.58,2026-08-04
E0320,Ciencia de Datos,2,20,Hombre,20.1,5.6,75,Caminando,5,4,3,10.7,A veces,4,IA y ML,Presencial,4.03,2026-08-02
E0321,Diseño,6,25,Mujer,16.3,7.1,,Moto,3,4,4,8.0,A veces,2,No estoy seguro,Presencial,3.72,2026-08-10
E0322,Economía,5,22,Hombre,9.9,8.0,117,Caminando,5,4,0,8.7,Frecuentemente,3,Ingeniería de datos,Híbrida,3.18,2026-08-08
E0323,Ingeniería Industrial,3,21,Hombre,26.8,6.2,75,TransMilenio,4,5,2,3.9,A veces,3,Ciencia social computacional,Presencial,3.93,2026-08-03
E0324,Ingeniería de Sistemas,5,24,Hombre,18.2,7.4,69,Carro,5,4,2,13.7,Todos los días,3,Analítica de negocio,Híbrida,3.43,2026-08-13
E0325,Ciencia de Datos,6,20,Hombre,26.3,6.8,20,Carro,5,3,5,6.0,Frecuentemente,2,IA y ML,Presencial,3.39,2026-08-02
E0326,Ingeniería de Sistemas,3,21,Mujer,12.5,6.2,73,TransMilenio,3,5,2,3.6,Frecuentemente,4,Visualización,Presencial,3.66,2026-08-19
E0327,Diseño,3,17,Hombre,10.3,8.6,23,TransMilenio,3,4,4,1.0,Frecuentemente,3,Visualización,Híbrida,3.88,2026-08-12
E0328,Administración,3,23,Hombre,11.9,8.6,76,Bus,5,5,2,17.5,A veces,2,Visualización,Híbrida,3.97,2026-08-17
E0329,Psicología,6,22,Hombre,24.3,6.4,12,TransMilenio,5,4,3,10.2,Frecuentemente,1,Analítica de negocio,Presencial,3.22,2026-08-16
E0330,Economía,1,18,Mujer,3.1,6.8,66,Bicicleta,4,4,0,9.2,Frecuentemente,3,Analítica de negocio,Presencial,3.34,2026-08-06
E0331,Administración,3,25,Hombre,12.4,5.7,64,TransMilenio,5,3,3,7.6,Frecuentemente,3,IA y ML,Presencial,3.09,2026-08-18
E0332,Psicología,5,20,Mujer,16.9,8.2,32,Moto,4,4,5,7.2,Frecuentemente,2,No estoy seguro,Virtual,3.4,2026-08-19
E0333,Economía,5,18,Hombre,16.1,7.2,44,Carro,4,4,3,6.1,A veces,2,Analítica de negocio,Presencial,3.65,2026-08-09
E0334,Ciencia de Datos,6,25,Hombre,24.0,9.2,32,Bus,3,5,3,8.4,Frecuentemente,2,Analítica de negocio,Presencial,4.19,2026-08-01
E0335,Ingeniería Industrial,1,23,Hombre,20.7,7.7,0,Caminando,5,3,6,11.9,Todos los días,2,IA y ML,Presencial,3.76,2026-08-16
E0336,Psicología,4,19,Hombre,15.6,6.1,37,TransMilenio,4,3,3,12.1,Frecuentemente,3,Ciencia social computacional,Presencial,3.31,2026-08-16
E0337,Ciencia de Datos,5,18,Mujer,11.8,6.5,54,TransMilenio,4,5,2,2.4,Todos los días,4,Analítica de negocio,Presencial,3.29,2026-08-04
E0338,Administración,2,16,Hombre,14.8,6.3,76,Bus,4,5,6,7.0,A veces,3,IA y ML,Presencial,3.36,2026-08-05
E0339,Ingeniería Industrial,5,20,Mujer,16.7,,74,TransMilenio,3,3,2,1.7,A veces,2,IA y ML,Híbrida,3.02,2026-08-10
E0340,Ingeniería Industrial,3,20,Hombre,10.4,6.6,65,TransMilenio,4,5,0,12.9,A veces,3,Ciencia social computacional,Híbrida,3.74,2026-08-18
E0341,Economía,5,19,Hombre,8.7,6.4,75,TransMilenio,4,4,0,4.7,A veces,3,Ciencia social computacional,Híbrida,2.87,2026-08-11
E0342,Ciencia de Datos,2,18,Mujer,22.8,7.9,83,Carro,4,4,5,7.7,Frecuentemente,4,Visualización,Presencial,3.73,2026-08-07
E0343,Ciencia de Datos,4,19,Mujer,19.5,7.3,90,Bicicleta,5,4,0,10.2,A veces,5,Analítica de negocio,Presencial,3.95,2026-08-19
E0344,Ingeniería Industrial,1,20,Hombre,18.6,7.0,88,TransMilenio,4,4,3,10.7,A veces,4,No estoy seguro,Presencial,3.31,2026-08-07
E0345,Psicología,5,20,Hombre,20.8,8.1,94,Moto,5,3,4,2.1,A veces,4,Visualización,Presencial,3.3,2026-08-10
E0346,Ingeniería de Sistemas,4,22,Mujer,17.6,6.6,89,TransMilenio,5,3,1,6.7,Todos los días,4,No estoy seguro,Presencial,3.54,2026-08-12
E0347,Ciencia de Datos,6,22,Mujer,11.1,7.3,65,Bus,4,4,2,18.0,Nunca,2,No estoy seguro,Presencial,2.62,2026-08-04
E0348,Ingeniería Industrial,1,17,Hombre,16.0,7.1,15,Bicicleta,4,2,1,12.8,Todos los días,4,IA y ML,Presencial,3.48,2026-08-04
E0349,Ingeniería Industrial,1,19,Mujer,14.6,7.1,90,Moto,5,3,4,11.0,Nunca,4,IA y ML,Híbrida,3.47,2026-08-07
E0350,Ingeniería Industrial,1,17,Hombre,13.2,7.4,19,TransMilenio,4,2,3,6.8,Frecuentemente,3,IA y ML,Presencial,3.2,2026-08-10
E0351,Diseño,5,23,Mujer,10.3,7.8,22,Carro,3,4,2,6.3,Nunca,2,IA y ML,Presencial,3.18,2026-08-10
E0352,Ingeniería Industrial,6,22,Hombre,18.9,6.0,89,TransMilenio,5,3,4,9.9,A veces,2,IA y ML,Presencial,3.78,2026-08-19
E0353,Ciencia de Datos,2,16,Mujer,17.5,7.9,92,Bus,4,3,3,12.6,Nunca,4,Analítica de negocio,Presencial,3.53,2026-08-16
E0354,Ciencia de Datos,5,20,Hombre,13.1,6.9,27,Carro,3,5,0,8.6,Frecuentemente,4,Analítica de negocio,Presencial,3.17,2026-08-19
E0355,Ingeniería de Sistemas,4,24,Mujer,17.8,6.5,47,Caminando,4,3,3,9.8,A veces,2,Ciencia social computacional,Presencial,3.28,2026-08-13
E0356,Ingeniería Industrial,3,17,Hombre,14.5,7.8,25,Carro,4,5,1,1.8,Todos los días,2,Ciencia social computacional,Híbrida,3.99,2026-08-14
E0357,Psicología,4,20,Mujer,12.4,7.0,51,Caminando,3,3,5,13.3,Todos los días,2,IA y ML,Presencial,3.76,2026-08-08
E0358,Ingeniería de Sistemas,6,23,Mujer,20.9,7.3,24,Carro,3,5,4,9.0,A veces,3,Ingeniería de datos,Presencial,4.26,2026-08-02
E0359,Psicología,3,20,Hombre,21.7,7.5,92,Bus,3,4,5,16.6,Frecuentemente,4,IA y ML,Presencial,3.64,2026-08-17
E0360,Economía,1,16,Hombre,8.5,6.6,52,Carro,4,3,4,2.5,Frecuentemente,3,IA y ML,Presencial,2.58,2026-08-07
E0361,Psicología,2,20,Hombre,8.9,7.0,75,Bus,4,3,0,15.0,A veces,1,,Híbrida,4.2,2026-08-20
E0362,Ciencia de Datos,4,20,Mujer,6.6,8.0,31,TransMilenio,2,5,2,0.6,Frecuentemente,3,Analítica de negocio,Presencial,3.5,2026-08-13
E0363,Psicología,5,20,Hombre,17.7,6.1,63,Bus,4,3,5,3.8,A veces,1,IA y ML,Híbrida,2.93,2026-08-11
E0364,Administración,4,23,Hombre,9.3,6.5,20,Bus,3,3,2,4.1,Nunca,4,Ingeniería de datos,Híbrida,3.55,2026-08-05
E0365,Ciencia de Datos,4,22,Hombre,19.6,7.3,41,Carro,3,5,4,0.5,Frecuentemente,5,No estoy seguro,Presencial,3.86,2026-08-11
E0366,Administración,6,22,Mujer,24.0,8.4,5,Caminando,4,5,5,5.5,Frecuentemente,5,IA y ML,Presencial,3.28,2026-08-06
E0367,Ciencia de Datos,2,18,Mujer,17.4,6.8,48,Carro,4,4,0,10.3,A veces,2,IA y ML,Híbrida,3.6,2026-08-16
E0368,Ingeniería de Sistemas,2,18,Mujer,15.8,7.6,12,TransMilenio,4,5,7,10.1,A veces,3,Visualización,Presencial,3.62,2026-08-03
E0369,Ciencia de Datos,5,22,Hombre,14.1,5.5,40,TransMilenio,3,4,3,7.0,Todos los días,4,No estoy seguro,Híbrida,3.84,2026-08-02
E0370,Ciencia de Datos,3,18,Prefiere no responder,15.1,6.7,39,Caminando,4,4,4,12.2,A veces,3,Ingeniería de datos,Presencial,3.49,2026-08-09
E0371,Ciencia de Datos,5,21,Hombre,22.1,5.6,72,Caminando,5,3,1,7.5,Todos los días,4,Analítica de negocio,Virtual,3.44,2026-08-21
E0372,Administración,3,21,Mujer,16.3,7.6,57,Bicicleta,2,5,3,8.3,A veces,2,Visualización,Híbrida,3.33,2026-08-05
E0373,Ciencia de Datos,7,24,Mujer,22.9,7.7,44,Carro,5,2,1,2.7,A veces,3,IA y ML,Híbrida,3.31,2026-08-01
E0374,Ingeniería Industrial,1,20,mujer,12.8,7.4,46,Bus,5,4,2,3.4,Frecuentemente,2,Analítica de negocio,Presencial,3.87,2026-08-20
E0375,Psicología,2,22,Hombre,21.1,6.6,54,Carro,5,4,3,16.7,A veces,4,Analítica de negocio,Presencial,4.11,2026-08-03
E0376,Ciencia de Datos,3,21,Mujer,20.6,5.6,0,TransMilenio,4,5,2,0,Todos los días,3,IA y ML,Presencial,3.29,2026-08-07
E0377,Ingeniería de Sistemas,5,20,Hombre,9.3,7.6,66,Bus,3,4,3,6.1,A veces,4,Ingeniería de datos,Presencial,3.04,2026-08-17
E0378,Ciencia de Datos,4,20,Hombre,16.8,6.1,129,Carro,4,4,1,10.4,Frecuentemente,5,Visualización,Presencial,3.25,2026-08-15
E0379,Economía,2,19,Mujer,19.9,7.5,83,TransMilenio,5,4,4,14.9,A veces,4,Visualización,Presencial,3.32,2026-08-09
E0380,Ingeniería Industrial,1,22,Mujer,8.2,9.2,90,TransMilenio,3,4,5,9.0,Nunca,2,Analítica de negocio,Presencial,3.31,2026-08-20
E0381,Administración,3,23,Hombre,10.2,4.8,29,TransMilenio,3,4,3,11.0,A veces,1,IA y ML,Presencial,3.43,2026-08-21
E0382,Diseño,5,20,Hombre,16.9,7.4,76,TransMilenio,5,3,1,9.4,Nunca,2,Analítica de negocio,Híbrida,3.55,2026-08-13
E0383,Ciencia de Datos,6,22,Hombre,29.2,6.6,49,Carro,4,4,5,2.8,Frecuentemente,4,Ingeniería de datos,Híbrida,3.2,2026-08-17
E0384,Ciencia de Datos,4,19,Mujer,13.2,5.8,5,TransMilenio,3,3,1,9.9,A veces,3,Analítica de negocio,Presencial,3.07,2026-08-19
E0385,Diseño,2,22,Hombre,12.6,6.5,40,Moto,5,4,0,7.1,Frecuentemente,1,No estoy seguro,Presencial,3.22,2026-08-16
E0386,Ciencia de Datos,7,23,Mujer,26.8,4.3,97,TransMilenio,5,3,6,8.7,A veces,5,No estoy seguro,Presencial,3.91,2026-08-03
E0387,Ingeniería Industrial,5,22,Hombre,0.1,7.1,62,Bicicleta,2,3,1,13.8,Frecuentemente,1,IA y ML,Presencial,3.9,2026-08-04
E0388,Psicología,3,21,Hombre,7.9,7.8,74,Bus,4,4,3,11.8,Frecuentemente,2,Visualización,Híbrida,2.89,2026-08-05
E0389,Economía,3,21,Hombre,10.0,7.3,55,Caminando,3,4,4,11.8,Frecuentemente,3,Analítica de negocio,Presencial,3.79,2026-08-14
E0390,Administración,6,23,Hombre,23.0,8.6,11,Carro,3,3,0,10.9,Frecuentemente,2,Analítica de negocio,Presencial,3.81,2026-08-06
E0391,Ingeniería de Sistemas,3,20,Hombre,19.5,7.9,130,Caminando,4,5,0,0.9,Frecuentemente,5,No estoy seguro,Híbrida,3.52,2026-08-09
E0392,Diseño,5,20,Mujer,15.5,5.7,6,Carro,4,3,1,14.2,Frecuentemente,3,IA y ML,Presencial,2.73,2026-08-13
E0393,Administración,4,20,Prefiere no responder,15.9,7.3,20,Bicicleta,3,4,3,10.0,A veces,1,Ciencia social computacional,Híbrida,3.74,2026-08-02
E0394,Diseño,4,20,Mujer,95.0,7.0,0,Bus,4,4,2,10.6,Frecuentemente,1,No estoy seguro,Presencial,3.37,2026-08-20
E0395,Ingeniería Industrial,3,23,Hombre,12.6,6.7,,TransMilenio,5,3,3,8.6,A veces,2,Analítica de negocio,Presencial,3.62,2026-08-05
E0396,Ingeniería de Sistemas,5,20,Hombre,19.3,5.9,34,Bus,4,5,1,10.1,Todos los días,1,Ciencia social computacional,Presencial,3.53,2026-08-05
E0397,Ingeniería de Sistemas,1,20,Hombre,4.8,6.7,45,TransMilenio,4,3,1,13.9,A veces,5,Analítica de negocio,Presencial,3.11,2026-08-10
E0398,Psicología,4,20,Hombre,22.4,7.6,81,TransMilenio,5,3,3,15.0,Frecuentemente,3,No estoy seguro,Presencial,3.8,2026-08-19
E0399,Ingeniería Industrial,2,20,Mujer,19.5,5.5,62,Carro,5,4,0,11.6,Nunca,4,Ingeniería de datos,Presencial,2.85,2026-08-11
E0400,Ingeniería de Sistemas,6,25,Hombre,15.6,5.7,7,Bicicleta,3,4,2,3.5,A veces,3,Ingeniería de datos,Presencial,3.38,2026-08-02
E0401,Psicología,1,19,Hombre,21.1,7.1,0,TransMilenio,4,4,6,10.9,Nunca,1,Visualización,Presencial,3.28,2026-08-01
E0402,Ingeniería Industrial,3,20,Hombre,16.4,6.6,60,Moto,4,4,4,14.4,A veces,4,IA y ML,Virtual,3.33,2026-08-06
E0403,Ciencia de Datos,6,22,Mujer,14.4,7.2,15,TransMilenio,5,4,5,3.8,Frecuentemente,3,Analítica de negocio,Presencial,3.75,2026-08-14
E0404,Ciencia de Datos,5,24,Hombre,18.9,8.0,56,Carro,5,4,2,6.1,Frecuentemente,2,Visualización,Híbrida,3.77,2026-08-05
E0405,Ingeniería Industrial,7,22,Hombre,9.0,7.7,51,Bus,3,5,2,8.6,Todos los días,3,Visualización,Presencial,3.66,2026-08-12
E0406,Diseño,2,20,Mujer,24.5,7.5,81,TransMilenio,5,4,4,2.2,Todos los días,3,Visualización,Híbrida,3.47,2026-08-11
E0407,Economía,7,22,Mujer,17.2,6.1,69,Bus,5,4,2,12.6,Nunca,2,IA y ML,Presencial,2.91,2026-08-16
E0408,Administración,3,17,Hombre,13.0,7.1,55,Caminando,3,3,1,14.3,Frecuentemente,2,,Presencial,3.68,2026-08-01
E0409,Ciencia de Datos,3,21,Mujer,14.9,5.4,33,TransMilenio,3,4,0,9.5,Todos los días,3,No estoy seguro,Presencial,2.92,2026-08-20
E0410,Ingeniería Industrial,4,22,Mujer,26.0,7.7,26,Bus,3,4,0,6.1,Frecuentemente,3,IA y ML,Presencial,3.87,2026-08-19
E0411,Diseño,6,20,Mujer,19.3,6.7,93,Carro,4,3,0,12.4,Frecuentemente,3,Ingeniería de datos,Híbrida,3.26,2026-08-14
E0412,Ingeniería Industrial,7,21,Mujer,14.1,6.9,0,TransMilenio,4,5,3,8.3,A veces,4,IA y ML,Híbrida,3.66,2026-08-14
E0413,Psicología,5,21,Mujer,24.6,7.3,81,TransMilenio,5,4,0,9.4,Frecuentemente,2,No estoy seguro,Híbrida,3.78,2026-08-08
E0414,Psicología,2,20,Hombre,6.7,,26,TransMilenio,4,4,1,15.3,Nunca,4,Analítica de negocio,Presencial,3.77,2026-08-21
E0415,Ingeniería de Sistemas,4,21,Mujer,19.7,6.1,,Caminando,4,4,0,3.9,A veces,4,Ingeniería de datos,Presencial,3.21,2026-08-01
E0416,Ingeniería de Sistemas,1,18,Mujer,16.3,6.7,46,Bicicleta,4,5,2,5.8,A veces,3,IA y ML,Híbrida,3.14,2026-08-02
E0417,Ciencia de Datos,2,18,Hombre,9.6,7.9,37,Bus,3,4,2,13.2,Frecuentemente,3,IA y ML,Presencial,3.7,2026-08-02
E0418,Ingeniería de Sistemas,2,20,Hombre,17.7,7.1,27,Carro,3,2,1,6.4,Frecuentemente,5,Analítica de negocio,Presencial,3.5,2026-08-15
E0419,Diseño,6,21,Hombre,13.2,5.8,33,Bus,4,4,0,9.5,A veces,2,Ciencia social computacional,Presencial,3.65,2026-08-18
E0420,Ciencia de Datos,4,20,Hombre,19.9,6.9,44,TransMilenio,4,4,5,3.9,A veces,3,IA y ML,Híbrida,3.49,2026-08-04
E0421,Ciencia de Datos,3,18,Hombre,25.2,8.3,45,Caminando,5,3,0,21.6,Todos los días,3,No estoy seguro,Presencial,4.15,2026-08-07
E0422,Ciencia de Datos,7,21,Hombre,23.4,7.5,49,TransMilenio,4,4,0,6.6,A veces,5,No estoy seguro,Híbrida,3.86,2026-08-19
E0423,Diseño,4,21,Hombre,15.4,6.6,5,Carro,4,3,3,4.7,A veces,3,Ingeniería de datos,Presencial,3.2,2026-08-13
E0424,Economía,4,21,Mujer,8.7,7.7,33,TransMilenio,3,5,2,10.1,Todos los días,3,Ciencia social computacional,Presencial,3.63,2026-08-17
E0425,Ingeniería Industrial,2,18,Hombre,8.7,7.4,,TransMilenio,4,4,3,8.7,A veces,4,IA y ML,Híbrida,2.94,2026-08-09
E0426,Psicología,4,21,Mujer,17.6,7.1,70,Bus,4,5,2,5.2,Frecuentemente,5,Ciencia social computacional,Híbrida,3.52,2026-08-09
E0427,Ciencia de Datos,3,23,Hombre,10.7,7.4,16,Bus,3,3,3,10.9,A veces,4,Ciencia social computacional,Presencial,2.95,2026-08-15
E0428,Administración,3,17,Mujer,17.6,7.5,96,Bicicleta,4,5,1,6.8,Frecuentemente,4,IA y ML,Híbrida,4.12,2026-08-12
E0429,Ingeniería Industrial,1,20,Mujer,14.3,5.9,49,Bicicleta,4,4,2,11.6,Frecuentemente,2,Visualización,Presencial,3.98,2026-08-07
E0430,Psicología,1,21,Hombre,15.2,5.9,115,Carro,4,4,2,5.9,Frecuentemente,2,IA y ML,Híbrida,3.35,2026-08-13
E0431,Ingeniería Industrial,4,23,Mujer,22.6,7.3,78,Bus,5,4,3,3.4,Nunca,2,No estoy seguro,Híbrida,3.72,2026-08-14
E0432,Administración,5,21,Hombre,14.7,6.6,70,Bicicleta,4,4,4,7.9,Frecuentemente,2,Analítica de negocio,Presencial,3.3,2026-08-16
E0433,Ingeniería de Sistemas,1,18,Mujer,17.6,6.3,38,TransMilenio,3,3,1,9.9,Todos los días,4,Ingeniería de datos,Presencial,3.71,2026-08-19
E0434,Ciencia de Datos,3,20,Hombre,13.7,7.9,101,Carro,4,4,2,0,Todos los días,2,IA y ML,Presencial,3.82,2026-08-04
E0435,Ingeniería de Sistemas,4,19,Mujer,16.8,7.1,91,Carro,4,3,3,6.0,Nunca,4,IA y ML,Presencial,3.83,2026-08-15
E0436,Ingeniería de Sistemas,6,24,Mujer,21.5,7.3,47,Caminando,4,4,4,8.4,A veces,3,IA y ML,Híbrida,3.55,2026-08-09
E0437,Ciencia de Datos,3,21,Mujer,13.6,6.4,34,Caminando,3,3,1,11.7,A veces,3,IA y ML,Presencial,3.55,2026-08-08
E0438,Ingeniería Industrial,1,19,Mujer,15.5,7.8,50,TransMilenio,3,4,5,3.7,Todos los días,3,Analítica de negocio,Presencial,3.79,2026-08-11
E0439,Ingeniería Industrial,2,18,Hombre,9.6,7.5,53,Bus,4,5,3,10.9,A veces,3,Ingeniería de datos,Presencial,3.35,2026-08-07
E0440,Ingeniería de Sistemas,3,20,Prefiere no responder,8.9,6.5,4,Moto,3,4,4,10.5,Frecuentemente,2,Ciencia social computacional,Presencial,3.87,2026-08-06
E0441,Economía,5,20,Hombre,12.6,6.9,23,Bus,3,4,2,0,A veces,1,Ingeniería de datos,Híbrida,3.31,2026-08-08
E0442,Economía,7,24,Mujer,21.7,7.1,,TransMilenio,5,3,5,5.6,A veces,2,Ciencia social computacional,Presencial,3.99,2026-08-14
E0443,Economía,4,21,Hombre,14.4,7.5,0,Carro,3,4,5,7.5,A veces,1,Analítica de negocio,Presencial,4.22,2026-08-03
E0444,Psicología,4,26,Hombre,21.9,7.3,64,Carro,4,4,1,8.0,Frecuentemente,3,Analítica de negocio,Presencial,3.81,2026-08-10
E0445,Ingeniería Industrial,1,20,Mujer,13.5,6.6,80,TransMilenio,4,3,3,7.5,Frecuentemente,1,Ciencia social computacional,Presencial,2.96,2026-08-10
E0446,Economía,6,23,Mujer,25.9,5.9,59,Bus,5,3,4,11.2,A veces,3,Visualización,Híbrida,3.57,2026-08-16
E0447,Ingeniería de Sistemas,2,20,Hombre,10.7,7.5,63,Caminando,4,4,3,10.3,Frecuentemente,3,No estoy seguro,Híbrida,3.45,2026-08-16
E0448,Economía,2,19,Mujer,15.6,6.3,,Bus,5,3,2,6.9,Frecuentemente,3,No estoy seguro,Presencial,3.71,2026-08-08
E0449,Economía,7,21,Mujer,20.7,5.5,,Carro,4,4,1,9.7,Frecuentemente,4,IA y ML,Presencial,3.92,2026-08-13
E0450,Economía,3,20,Hombre,6.2,7.2,42,Carro,4,3,3,10.9,Frecuentemente,3,IA y ML,Presencial,3.3,2026-08-04
E0451,Ciencia de Datos,3,18,Hombre,14.9,6.4,21,TransMilenio,5,4,6,0.8,A veces,4,IA y ML,Presencial,3.37,2026-08-14
E0452,Ingeniería de Sistemas,2,20,Hombre,12.8,7.3,58,TransMilenio,4,4,3,12.7,Frecuentemente,4,No estoy seguro,Presencial,3.48,2026-08-02
E0453,Ciencia de Datos,4,21,Hombre,25.7,6.8,81,Bus,4,3,3,20.1,Frecuentemente,1,No estoy seguro,Presencial,3.58,2026-08-12
E0454,Diseño,4,21,Hombre,16.0,5.5,,Moto,5,4,0,5.9,Frecuentemente,3,Ingeniería de datos,Híbrida,3.66,2026-08-17
E0455,Ingeniería de Sistemas,6,27,No binario,19.0,6.7,47,Caminando,4,4,4,5.0,Frecuentemente,3,IA y ML,Presencial,4.2,2026-08-04
E0456,Administración,2,19,Mujer,17.7,5.8,47,Caminando,4,4,3,4.9,Frecuentemente,1,IA y ML,Presencial,3.24,2026-08-04
E0457,Ingeniería de Sistemas,2,19,Mujer,22.2,6.5,122,TransMilenio,5,4,2,5.4,Frecuentemente,4,Ingeniería de datos,Virtual,3.27,2026-08-18
E0458,Economía,1,16,Mujer,13.6,7.2,88,Moto,5,4,5,4.3,Frecuentemente,2,No estoy seguro,Presencial,2.94,2026-08-08
E0459,Ingeniería Industrial,4,21,Mujer,15.6,4.8,52,Bus,4,5,0,7.9,Nunca,3,Visualización,Híbrida,3.59,2026-08-12
E0460,Administración,4,21,Hombre,15.2,6.5,45,TransMilenio,5,3,3,4.7,A veces,2,Analítica de negocio,Híbrida,3.21,2026-08-02
E0461,Economía,2,25,Mujer,22.8,6.9,0,Bus,4,4,1,11.7,Frecuentemente,2,IA y ML,Híbrida,3.8,2026-08-02
E0462,Psicología,1,20,Hombre,2.4,6.5,101,Caminando,4,4,1,10.8,Frecuentemente,2,IA y ML,Híbrida,3.47,2026-08-10
E0463,Economía,5,24,Mujer,23.8,8.0,8,Caminando,3,4,1,9.6,Frecuentemente,3,Analítica de negocio,Presencial,3.89,2026-08-21
E0464,Ciencia de Datos,7,22,Hombre,12.6,7.3,51,Moto,2,5,3,8.0,Todos los días,4,No estoy seguro,Presencial,3.7,2026-08-19
E0465,Ingeniería de Sistemas,6,24,Mujer,22.7,7.4,40,TransMilenio,5,4,0,13.8,Nunca,3,Visualización,Híbrida,3.25,2026-08-15
E0466,Ingeniería Industrial,6,22,Hombre,20.2,6.3,23,TransMilenio,3,4,2,15.0,Frecuentemente,3,Ingeniería de datos,Presencial,3.92,2026-08-19
E0467,Ciencia de Datos,2,22,Hombre,8.7,6.7,43,Caminando,3,4,1,15.5,Frecuentemente,4,Ciencia social computacional,Presencial,3.42,2026-08-04
E0468,Ciencia de Datos,3,19,Hombre,13.3,7.1,38,TransMilenio,4,4,0,5.2,Nunca,5,Analítica de negocio,Presencial,3.41,2026-08-14
E0469,Psicología,3,19,Mujer,26.5,6.3,43,TransMilenio,5,3,3,19.3,Frecuentemente,1,Visualización,Presencial,3.51,2026-08-02
E0470,Ciencia de Datos,3,19,No binario,25.2,6.4,40,Bus,5,4,4,9.2,A veces,4,IA y ML,Presencial,3.36,2026-08-14
E0471,Psicología,5,22,Hombre,16.6,8.1,25,Carro,3,4,1,12.3,A veces,4,Ciencia social computacional,Presencial,3.9,2026-08-09
E0472,Ciencia de Datos,3,22,Mujer,19.7,6.4,31,Bus,4,5,3,8.7,A veces,4,IA y ML,Híbrida,3.46,2026-08-06
E0473,Ingeniería de Sistemas,6,20,Hombre,22.8,7.3,32,TransMilenio,4,4,3,5.4,A veces,5,Ciencia social computacional,Presencial,3.74,2026-08-13
E0474,Ingeniería de Sistemas,1,19,Hombre,13.6,7.2,64,Bus,4,4,2,0,Frecuentemente,4,Ingeniería de datos,Presencial,3.91,2026-08-12
E0475,Administración,2,19,Mujer,24.8,6.3,61,Caminando,4,4,2,7.5,Nunca,3,Ingeniería de datos,Híbrida,3.66,2026-08-10
E0476,Ingeniería de Sistemas,4,17,No binario,16.9,5.9,67,Bicicleta,4,4,6,8.0,Frecuentemente,2,No estoy seguro,Híbrida,3.67,2026-08-14
E0477,Administración,4,19,Hombre,26.2,6.4,77,Carro,4,3,0,4.4,Frecuentemente,1,IA y ML,Presencial,3.84,2026-08-02
E0478,Ingeniería de Sistemas,2,18,Mujer,17.9,7.5,41,Carro,4,4,2,11.3,A veces,3,IA y ML,Presencial,3.16,2026-08-21
E0479,Ingeniería de Sistemas,7,20,Hombre,20.8,6.5,83,TransMilenio,5,4,4,7.1,Nunca,3,Analítica de negocio,Presencial,2.8,2026-08-14
E0480,Ciencia de Datos,3,19,Hombre,15.6,7.0,80,TransMilenio,4,4,3,6.4,A veces,4,Analítica de negocio,Presencial,3.33,2026-08-12
E0481,Diseño,4,20,Mujer,20.2,7.6,49,Carro,4,5,1,10.2,Frecuentemente,3,Visualización,Presencial,3.99,2026-08-13
E0482,Ingeniería de Sistemas,6,25,Mujer,13.7,,61,TransMilenio,4,5,3,5.2,Frecuentemente,2,Ingeniería de datos,Presencial,4.21,2026-08-10
E0483,Ingeniería Industrial,6,23,Hombre,18.1,6.2,49,TransMilenio,5,3,0,3.7,Frecuentemente,3,IA y ML,Híbrida,3.24,2026-08-19
E0484,Economía,3,21,Mujer,17.5,6.8,70,TransMilenio,5,4,4,4.9,Frecuentemente,2,IA y ML,Presencial,2.59,2026-08-02
E0485,Ingeniería de Sistemas,3,19,Mujer,14.3,7.7,31,TransMilenio,4,4,3,8.1,Frecuentemente,3,No estoy seguro,Presencial,3.83,2026-08-12
E0486,Ingeniería Industrial,8,25,Hombre,26.1,6.8,37,Bus,5,3,1,4.9,A veces,2,IA y ML,Presencial,4.01,2026-08-21
E0487,Administración,6,23,Hombre,16.6,6.3,34,TransMilenio,3,4,2,6.6,A veces,1,Ingeniería de datos,Presencial,3.67,2026-08-09
E0488,Diseño,6,22,Hombre,8.0,6.3,74,Carro,5,4,1,8.3,Todos los días,3,IA y ML,Virtual,3.04,2026-08-10
E0489,Ciencia de Datos,1,18,Hombre,12.8,6.1,29,Moto,3,5,5,3.3,A veces,5,IA y ML,Presencial,3.56,2026-08-01
E0490,Diseño,5,22,Hombre,11.6,6.1,48,TransMilenio,4,3,3,9.2,A veces,3,No estoy seguro,Híbrida,3.39,2026-08-09
E0491,Diseño,9,25,Prefiere no responder,22.6,7.2,28,Moto,3,4,6,10.8,A veces,2,No estoy seguro,Presencial,4.15,2026-08-01
E0492,Administración,4,21,Mujer,30.4,8.0,46,Moto,5,3,5,11.9,A veces,1,Ingeniería de datos,Presencial,3.24,2026-08-15
E0493,Ingeniería Industrial,4,23,Hombre,16.5,6.4,57,Bus,5,4,2,8.9,Todos los días,3,IA y ML,Presencial,3.33,2026-08-01
E0494,Ingeniería Industrial,1,21,Hombre,6.4,7.2,66,Bus,2,5,1,12.5,A veces,3,IA y ML,Presencial,3.43,2026-08-04
E0495,Administración,4,18,Mujer,16.4,7.3,77,TransMilenio,5,5,2,12.9,A veces,4,Ingeniería de datos,Presencial,3.05,2026-08-15
E0496,Administración,4,20,Mujer,22.3,6.2,46,Carro,5,4,2,7.3,Todos los días,3,IA y ML,Presencial,3.49,2026-08-13
E0497,Ciencia de Datos,3,19,Hombre,6.7,8.1,,TransMilenio,3,5,3,12.1,Frecuentemente,3,IA y ML,Híbrida,4.08,2026-08-20
E0498,Ciencia de Datos,2,18,Mujer,16.4,5.2,79,Carro,4,3,3,5.9,Frecuentemente,3,No estoy seguro,Híbrida,3.55,2026-08-01
E0499,Diseño,7,22,Mujer,23.3,7.6,74,Caminando,2,5,4,8.5,A veces,2,IA y ML,Híbrida,3.59,2026-08-16
E0500,Economía,6,19,Mujer,23.6,7.2,13,TransMilenio,3,5,1,7.5,Frecuentemente,2,Analítica de negocio,Presencial,4.0,2026-08-08
E0501,Administración,4,21,Prefiere no responder,23.4,7.0,113,TransMilenio,4,3,5,13.1,A veces,1,IA y ML,Híbrida,4.33,2026-08-08
E0502,Ingeniería Industrial,3,21,Mujer,24.3,6.7,37,Bicicleta,4,3,3,8.8,Frecuentemente,1,IA y ML,Presencial,3.69,2026-08-05
E0503,Ciencia de Datos,6,23,Hombre,20.7,7.3,50,Bicicleta,3,4,4,4.9,Frecuentemente,5,,Presencial,3.74,2026-08-06
E0504,Ingeniería de Sistemas,3,23,Hombre,16.0,7.7,27,Caminando,4,4,2,4.1,A veces,5,No estoy seguro,Presencial,3.49,2026-08-07
E0505,Ingeniería de Sistemas,6,22,Hombre,26.0,6.6,90,Bus,5,3,1,6.8,A veces,4,Analítica de negocio,Presencial,3.82,2026-08-11
E0506,Ciencia de Datos,5,21,Mujer,24.2,5.6,25,TransMilenio,4,3,4,8.8,Todos los días,2,,Presencial,3.37,2026-08-11
E0507,Ciencia de Datos,2,24,Hombre,20.5,6.7,41,Bus,5,4,4,3.6,Frecuentemente,5,Visualización,Híbrida,4.05,2026-08-16
E0508,Economía,4,21,Mujer,12.8,5.1,65,TransMilenio,4,2,3,2.7,Frecuentemente,4,Visualización,Híbrida,3.99,2026-08-21
E0509,Ingeniería de Sistemas,4,19,Mujer,14.4,8.1,59,Bicicleta,4,4,2,13.6,Todos los días,3,Visualización,Virtual,3.6,2026-08-10
E0510,Ingeniería de Sistemas,4,24,Mujer,14.5,7.5,66,Moto,4,4,2,9.5,A veces,4,Visualización,Presencial,3.27,2026-08-15
E0511,Economía,4,21,Hombre,27.0,7.3,7,Caminando,5,4,4,13.3,A veces,1,Ingeniería de datos,Presencial,3.6,2026-08-02
E0512,Economía,8,21,Mujer,13.7,6.8,49,Caminando,4,4,2,9.1,A veces,2,Visualización,Presencial,3.47,2026-08-15
E0513,Ciencia de Datos,4,21,No binario,11.7,7.5,44,Bus,4,4,2,8.0,Frecuentemente,3,Visualización,Híbrida,3.6,2026-08-19
E0514,Ciencia de Datos,5,20,Hombre,14.3,6.2,75,Bus,5,4,5,6.0,A veces,3,IA y ML,Presencial,3.23,2026-08-10
E0515,Diseño,2,20,Mujer,16.9,6.6,108,Bus,5,4,2,10.8,Frecuentemente,5,Visualización,Híbrida,3.75,2026-08-19
E0516,Ingeniería de Sistemas,3,23,Hombre,15.9,8.1,72,Carro,3,5,5,6.0,Frecuentemente,3,Analítica de negocio,Presencial,3.82,2026-08-11
E0517,Ciencia de Datos,6,21,Hombre,24.6,6.8,59,Bus,4,4,3,10.3,A veces,5,Visualización,Presencial,3.42,2026-08-07
E0518,Psicología,5,21,Hombre,17.1,8.8,58,Bus,4,3,2,4.6,A veces,2,Visualización,Híbrida,3.98,2026-08-04
E0519,Psicología,2,20,Hombre,17.3,7.8,43,Carro,5,3,1,15.8,Nunca,2,IA y ML,Híbrida,3.56,2026-08-14
E0520,Ciencia de Datos,4,21,Hombre,8.7,6.2,27,Caminando,3,3,3,15.2,Frecuentemente,5,No estoy seguro,Presencial,3.79,2026-08-15
E0521,Ingeniería de Sistemas,5,19,Hombre,22.8,6.9,56,Caminando,5,4,6,9.0,A veces,3,No estoy seguro,Presencial,3.73,2026-08-12
E0522,Diseño,4,18,Mujer,15.3,7.4,84,Bus,3,4,2,5.8,Nunca,4,No estoy seguro,Presencial,3.45,2026-08-06
E0523,Ingeniería de Sistemas,3,21,Mujer,14.6,6.5,79,Bus,5,4,0,9.0,A veces,3,IA y ML,Presencial,3.91,2026-08-05
E0524,Ciencia de Datos,4,20,Mujer,4.5,5.8,83,TransMilenio,3,4,2,10.8,Todos los días,3,IA y ML,Híbrida,3.64,2026-08-13
E0525,Administración,3,19,Hombre,9.8,6.0,41,Bus,4,4,2,6.4,Nunca,5,Visualización,Presencial,3.47,2026-08-16
E0526,Administración,2,18,Hombre,95.0,7.2,80,Caminando,4,3,3,11.0,Todos los días,2,No estoy seguro,Presencial,3.16,2026-08-11
E0527,Psicología,1,19,Hombre,18.0,8.2,68,TransMilenio,4,5,3,12.8,A veces,4,IA y ML,Presencial,3.73,2026-08-05
E0528,Ingeniería Industrial,7,18,Mujer,21.3,6.1,45,Bicicleta,4,4,2,9.7,A veces,2,Analítica de negocio,Presencial,2.9,2026-08-19
E0529,Administración,3,19,Mujer,14.3,6.0,16,TransMilenio,4,4,3,6.2,A veces,3,No estoy seguro,Híbrida,2.75,2026-08-17
E0530,Ingeniería Industrial,5,19,Hombre,21.5,7.9,,Bus,5,5,2,8.9,A veces,3,IA y ML,Presencial,3.9,2026-08-01
E0531,Ingeniería Industrial,5,21,Mujer,20.8,5.0,26,Carro,5,3,2,6.8,Todos los días,4,No estoy seguro,Presencial,3.62,2026-08-14
E0532,Ingeniería Industrial,3,20,Hombre,18.6,4.2,53,Bus,5,4,1,11.3,Frecuentemente,2,No estoy seguro,Virtual,3.7,2026-08-15
E0533,Ingeniería Industrial,5,20,Hombre,18.9,6.7,45,TransMilenio,4,4,0,7.1,A veces,4,Visualización,Presencial,3.28,2026-08-15
E0534,Ingeniería de Sistemas,3,18,Hombre,5.9,7.3,47,TransMilenio,4,4,6,7.8,Frecuentemente,4,Ingeniería de datos,Híbrida,3.48,2026-08-18
E0535,Psicología,7,21,Mujer,20.3,6.4,62,Bus,4,3,1,7.8,A veces,3,Visualización,Presencial,3.87,2026-08-14
E0536,Economía,1,18,Mujer,7.3,5.9,56,TransMilenio,4,3,5,11.9,Frecuentemente,1,IA y ML,Presencial,3.74,2026-08-07
E0537,Economía,6,23,Mujer,15.6,5.9,28,Bus,5,4,0,4.3,Todos los días,3,Ingeniería de datos,Presencial,3.42,2026-08-05
E0538,Ingeniería Industrial,3,17,Hombre,26.6,5.3,48,TransMilenio,5,4,1,15.4,Frecuentemente,4,Ciencia social computacional,Presencial,4.01,2026-08-15
E0539,Ciencia de Datos,7,23,Mujer,18.5,8.8,78,TransMilenio,4,3,3,11.2,Nunca,4,Ingeniería de datos,Híbrida,3.45,2026-08-13
E0540,Ciencia de Datos,5,21,Hombre,24.9,7.1,58,TransMilenio,5,4,4,4.6,A veces,3,,Presencial,3.54,2026-08-13
E0541,Ingeniería de Sistemas,6,23,Hombre,18.2,7.4,58,TransMilenio,3,3,1,12.4,Frecuentemente,4,Visualización,Presencial,3.84,2026-08-11
E0542,Economía,3,21,Mujer,19.6,8.2,42,Bus,5,4,4,6.1,Frecuentemente,4,Visualización,Presencial,3.61,2026-08-08
E0543,Ingeniería de Sistemas,4,21,Hombre,15.4,7.5,5,Bicicleta,4,5,5,5.8,A veces,4,Visualización,Presencial,3.52,2026-08-12
E0544,Ingeniería Industrial,6,21,Hombre,24.3,8.0,12,Bus,4,5,2,6.4,A veces,3,Analítica de negocio,Presencial,4.73,2026-08-19
E0545,Administración,6,21,Hombre,23.3,8.9,5,Caminando,2,4,0,0,Frecuentemente,3,IA y ML,Presencial,4.16,2026-08-14
E0546,Psicología,3,20,Hombre,18.8,6.4,1,TransMilenio,4,3,3,4.6,A veces,5,IA y ML,Presencial,3.54,2026-08-17
E0547,Psicología,2,18,Mujer,11.9,8.5,60,TransMilenio,3,4,3,7.0,Frecuentemente,4,IA y ML,Presencial,3.46,2026-08-17
E0548,Economía,5,21,Mujer,14.3,6.5,144,TransMilenio,4,4,3,12.6,A veces,3,Analítica de negocio,Virtual,3.01,2026-08-04
E0549,Diseño,6,21,Mujer,8.3,7.5,57,Bicicleta,3,4,5,9.6,A veces,3,No estoy seguro,Presencial,3.7,2026-08-14
E0550,Ciencia de Datos,7,20,Hombre,18.3,6.5,28,Bus,2,5,0,11.0,Nunca,4,IA y ML,Híbrida,3.5,2026-08-08
E0551,Economía,2,21,Hombre,15.5,6.7,60,Carro,4,3,3,0.6,Nunca,2,IA y ML,Virtual,3.8,2026-08-10
E0552,Economía,5,20,Mujer,7.3,5.9,35,Bicicleta,4,3,0,4.2,A veces,4,IA y ML,Presencial,2.97,2026-08-01
E0553,Administración,3,19,Mujer,21.8,8.4,31,TransMilenio,4,5,3,1.1,A veces,4,Visualización,Presencial,3.77,2026-08-09
E0554,Administración,7,21,Hombre,9.8,5.6,,TransMilenio,5,3,4,13.6,Frecuentemente,2,Ingeniería de datos,Virtual,3.24,2026-08-16
E0555,Ingeniería Industrial,4,22,Hombre,6.6,7.3,66,TransMilenio,4,3,4,13.8,Frecuentemente,3,Analítica de negocio,Híbrida,3.25,2026-08-15
E0556,Ingeniería Industrial,5,23,Hombre,16.9,6.0,51,Bicicleta,4,4,2,5.1,Frecuentemente,2,,Presencial,3.86,2026-08-10
E0557,Psicología,7,24,Hombre,27.0,6.5,71,Bus,5,3,2,6.1,Frecuentemente,1,Visualización,Híbrida,3.66,2026-08-06
E0558,Ingeniería Industrial,4,20,Hombre,10.8,6.6,70,Bicicleta,5,3,5,12.9,Frecuentemente,1,No estoy seguro,Presencial,3.88,2026-08-09
E0559,Ciencia de Datos,4,20,Hombre,8.1,5.8,74,Bicicleta,4,2,6,5.8,A veces,3,Analítica de negocio,Presencial,3.32,2026-08-17
E0560,Administración,5,22,Hombre,24.3,6.6,36,Caminando,5,3,1,10.5,Nunca,3,No estoy seguro,Presencial,4.02,2026-08-16
E0561,Ciencia de Datos,5,24,Hombre,10.2,8.4,82,Bus,2,4,0,7.0,Frecuentemente,3,IA y ML,Presencial,4.02,2026-08-01
E0562,Ingeniería Industrial,5,25,Mujer,13.0,6.8,42,Caminando,4,4,0,4.6,Todos los días,2,IA y ML,Presencial,3.43,2026-08-04
E0563,Economía,9,21,Hombre,27.5,6.9,70,TransMilenio,5,4,6,4.6,Todos los días,4,IA y ML,Presencial,3.77,2026-08-20
E0564,Administración,2,20,Prefiere no responder,12.7,8.1,40,Carro,4,4,4,7.1,Nunca,4,Ingeniería de datos,Presencial,3.61,2026-08-10
E0565,Administración,5,20,Hombre,27.0,7.1,65,Bus,5,4,2,3.9,A veces,3,IA y ML,Presencial,3.48,2026-08-04
E0566,Diseño,4,22,Mujer,15.8,6.6,56,TransMilenio,4,4,3,0,Frecuentemente,1,IA y ML,Presencial,3.06,2026-08-02
E0567,Ciencia de Datos,5,22,Mujer,12.8,7.9,53,Carro,4,4,3,10.8,Frecuentemente,4,Visualización,Híbrida,3.07,2026-08-08
E0568,Ingeniería de Sistemas,7,22,Hombre,24.7,7.2,37,Caminando,4,5,4,10.4,A veces,5,IA y ML,Híbrida,3.56,2026-08-17
E0569,Ingeniería Industrial,4,19,Mujer,17.6,6.4,95,Carro,4,4,3,7.1,A veces,3,Analítica de negocio,Híbrida,3.7,2026-08-20
E0570,Ingeniería de Sistemas,5,23,Mujer,18.1,7.0,79,Carro,3,4,6,9.8,Todos los días,5,Analítica de negocio,Híbrida,3.32,2026-08-09
E0571,Administración,1,17,Mujer,15.9,6.1,11,Bicicleta,5,4,3,2.9,Frecuentemente,4,No estoy seguro,Híbrida,2.95,2026-08-19
E0572,Administración,4,20,Mujer,30.3,7.5,51,Caminando,4,5,2,22.7,Frecuentemente,2,IA y ML,Presencial,4.19,2026-08-09
E0573,Economía,5,18,Hombre,22.6,7.7,43,TransMilenio,5,3,3,0,Frecuentemente,3,No estoy seguro,Presencial,4.31,2026-08-09
E0574,Diseño,5,17,Mujer,13.2,6.8,101,TransMilenio,4,4,4,15.4,Frecuentemente,3,IA y ML,Presencial,3.9,2026-08-15
E0575,Economía,7,23,Mujer,18.8,6.1,50,Caminando,5,3,5,4.8,Nunca,2,Analítica de negocio,Presencial,3.43,2026-08-12
E0576,Administración,5,21,mujer,15.6,6.8,58,Carro,3,5,4,6.2,Todos los días,3,Analítica de negocio,Presencial,3.62,2026-08-05
E0577,Diseño,6,22,Hombre,9.0,6.7,15,Bus,4,4,6,14.5,A veces,3,No estoy seguro,Presencial,4.01,2026-08-08
E0578,Economía,6,24,Hombre,18.5,6.4,49,Caminando,5,3,1,3.7,A veces,3,No estoy seguro,Presencial,3.82,2026-08-12
E0579,Ingeniería Industrial,2,24,Hombre,1.2,7.7,42,Carro,3,5,4,5.6,Frecuentemente,3,IA y ML,Híbrida,4.08,2026-08-08
E0580,Administración,3,18,Mujer,95.0,6.9,75,TransMilenio,5,4,5,7.2,Frecuentemente,3,No estoy seguro,Presencial,2.8,2026-08-04
E0581,Ingeniería de Sistemas,4,18,Mujer,25.3,8.0,55,TransMilenio,4,5,4,4.3,A veces,3,IA y ML,Presencial,3.76,2026-08-11
E0582,Diseño,5,23,Hombre,13.1,7.1,52,Bicicleta,3,5,1,10.9,Todos los días,2,IA y ML,Presencial,3.88,2026-08-19
E0583,Diseño,5,21,Hombre,13.1,6.4,36,Bus,3,3,2,10.2,A veces,2,Analítica de negocio,Presencial,3.8,2026-08-14
E0584,Ingeniería Industrial,2,17,No binario,20.4,9.0,70,Caminando,4,4,2,16.3,A veces,2,Analítica de negocio,Presencial,3.89,2026-08-08
E0585,Diseño,3,24,Prefiere no responder,15.6,4.9,44,TransMilenio,4,4,0,16.7,Todos los días,3,Visualización,Híbrida,3.93,2026-08-01
E0586,Ingeniería Industrial,4,20,Mujer,29.5,,57,Bus,5,3,3,6.8,Todos los días,2,IA y ML,Presencial,3.63,2026-08-04
E0587,Psicología,5,18,Mujer,20.4,7.1,36,Bicicleta,5,4,2,4.6,Nunca,1,IA y ML,Presencial,3.31,2026-08-18
E0588,Economía,4,21,Hombre,15.4,7.4,53,Bus,5,3,3,10.1,Frecuentemente,3,IA y ML,Híbrida,3.19,2026-08-17
E0589,Diseño,4,20,Mujer,12.9,6.7,65,TransMilenio,5,3,4,4.8,Frecuentemente,2,IA y ML,Presencial,3.38,2026-08-16
E0590,Ingeniería de Sistemas,5,19,Hombre,12.1,6.7,71,Moto,5,3,1,9.9,A veces,3,No estoy seguro,Presencial,3.42,2026-08-12
E0591,Economía,3,17,Hombre,17.4,5.9,35,TransMilenio,5,2,2,8.1,Frecuentemente,2,IA y ML,Presencial,3.1,2026-08-13
E0592,Ingeniería Industrial,5,23,Mujer,19.6,,46,Bus,5,5,0,6.2,A veces,4,IA y ML,Presencial,3.38,2026-08-01
E0593,Administración,6,23,Hombre,19.3,5.7,33,Bus,4,4,3,0.4,A veces,2,Ciencia social computacional,Híbrida,3.34,2026-08-08
E0594,Psicología,5,22,Hombre,17.7,7.6,69,Bus,4,4,3,15.0,A veces,3,Ciencia social computacional,Presencial,3.74,2026-08-05
E0595,Administración,7,20,Mujer,11.1,6.8,51,Bicicleta,4,2,2,12.5,A veces,3,Ciencia social computacional,Híbrida,3.47,2026-08-01
E0596,Ingeniería Industrial,2,19,No binario,14.8,6.2,39,Bus,4,4,2,11.4,Frecuentemente,2,No estoy seguro,Híbrida,3.4,2026-08-12
E0597,Administración,3,18,Hombre,24.6,7.2,,TransMilenio,5,4,4,6.7,Frecuentemente,2,IA y ML,Híbrida,3.49,2026-08-13
E0598,Economía,3,17,Hombre,16.8,7.1,100,TransMilenio,4,4,4,11.0,Frecuentemente,3,Ingeniería de datos,Híbrida,3.54,2026-08-16
E0599,Ingeniería de Sistemas,3,22,Mujer,13.6,5.9,,TransMilenio,3,5,4,3.7,A veces,5,Ciencia social computacional,Presencial,2.65,2026-08-02
E0600,Diseño,6,19,Hombre,18.8,8.0,96,Bus,4,4,6,8.0,Todos los días,2,No estoy seguro,Presencial,3.91,2026-08-06
E0601,Ciencia de Datos,3,20,Hombre,13.8,5.8,52,Moto,5,4,1,9.1,Frecuentemente,3,Ciencia social computacional,Presencial,3.13,2026-08-03
E0602,Psicología,4,23,Mujer,16.7,7.7,69,TransMilenio,3,4,5,10.8,Todos los días,3,IA y ML,Presencial,3.68,2026-08-14
E0603,Economía,3,22,Mujer,15.1,8.0,46,TransMilenio,3,4,2,8.3,Frecuentemente,3,Visualización,Híbrida,3.37,2026-08-19
E0604,Economía,7,25,Hombre,17.8,7.3,42,TransMilenio,4,4,5,5.8,A veces,3,IA y ML,Virtual,3.56,2026-08-05
E0605,Ingeniería de Sistemas,1,20,Mujer,10.4,7.0,27,Bus,3,4,3,3.6,Todos los días,3,No estoy seguro,Virtual,4.04,2026-08-05
E0606,Administración,3,18,Hombre,12.9,6.5,19,Bus,4,4,1,11.5,Frecuentemente,3,Visualización,Virtual,3.18,2026-08-07
E0607,Ingeniería de Sistemas,5,24,Mujer,11.2,7.2,76,TransMilenio,4,4,4,13.0,Nunca,3,IA y ML,Presencial,3.9,2026-08-09
E0608,Ingeniería Industrial,5,23,Mujer,20.0,6.6,21,Carro,4,4,3,2.4,Frecuentemente,3,Ingeniería de datos,Presencial,3.72,2026-08-06
E0609,Diseño,5,23,Hombre,24.9,7.3,64,Carro,5,4,3,7.2,Todos los días,2,No estoy seguro,Presencial,3.44,2026-08-19
E0610,Administración,1,19,Hombre,13.8,5.8,73,TransMilenio,5,5,3,10.3,A veces,4,Ingeniería de datos,Presencial,3.41,2026-08-21
E0611,Administración,4,20,Mujer,13.4,7.5,13,Carro,3,4,3,13.9,A veces,3,Visualización,Virtual,3.62,2026-08-07
E0612,Economía,1,16,Hombre,15.9,6.5,92,Moto,5,3,3,4.4,A veces,2,Visualización,Presencial,3.64,2026-08-07
E0613,Ingeniería Industrial,5,26,Mujer,15.3,7.0,36,Bicicleta,4,3,2,7.2,Todos los días,2,Visualización,Presencial,2.56,2026-08-14
E0614,Ingeniería Industrial,1,20,Mujer,4.0,6.6,20,Caminando,4,4,3,5.1,Frecuentemente,3,Ingeniería de datos,Presencial,3.28,2026-08-05
E0615,Ingeniería de Sistemas,3,22,Hombre,19.2,6.4,73,Caminando,5,4,4,3.3,A veces,5,Analítica de negocio,Presencial,2.93,2026-08-15
E0616,Administración,3,18,Mujer,17.2,5.5,83,TransMilenio,4,4,2,5.1,Todos los días,4,No estoy seguro,Presencial,3.02,2026-08-14
E0617,Ingeniería de Sistemas,3,22,Hombre,17.0,7.4,40,Bicicleta,5,2,2,5.8,Frecuentemente,3,Ciencia social computacional,Presencial,3.96,2026-08-05
E0618,Administración,6,21,Mujer,19.4,7.9,98,TransMilenio,5,4,3,9.5,A veces,2,Analítica de negocio,Presencial,2.99,2026-08-12
E0619,Ciencia de Datos,2,19,Mujer,8.9,7.1,32,Caminando,4,4,4,11.9,A veces,3,Analítica de negocio,Presencial,3.68,2026-08-18
E0620,Ciencia de Datos,2,17,Hombre,14.9,7.2,90,Bicicleta,4,4,4,3.2,Frecuentemente,5,IA y ML,Presencial,3.26,2026-08-07
E0621,Ingeniería Industrial,5,22,Mujer,20.3,7.5,37,TransMilenio,3,5,2,4.6,A veces,3,Ciencia social computacional,Presencial,3.63,2026-08-13
E0622,Administración,1,21,Hombre,13.5,6.2,73,Bus,5,3,3,4.4,A veces,2,Ciencia social computacional,Presencial,2.99,2026-08-12
E0623,Administración,3,17,Prefiere no responder,17.9,7.3,10,Caminando,4,4,3,14.1,A veces,2,Visualización,Presencial,3.79,2026-08-15
E0624,Ingeniería Industrial,2,21,Mujer,18.6,8.0,25,TransMilenio,3,5,4,4.0,A veces,2,Analítica de negocio,Presencial,3.74,2026-08-20
E0625,Ciencia de Datos,4,18,Mujer,19.5,7.9,63,Bus,4,5,2,2.8,Todos los días,4,No estoy seguro,Híbrida,3.81,2026-08-02
E0626,Ciencia de Datos,2,19,Prefiere no responder,16.4,5.7,8,Bus,5,3,5,4.9,A veces,5,IA y ML,Presencial,3.44,2026-08-03
E0627,Administración,3,20,Mujer,15.0,7.7,0,TransMilenio,3,4,1,1.8,A veces,3,Ciencia social computacional,Híbrida,3.53,2026-08-20
E0628,Ingeniería de Sistemas,7,23,Mujer,23.8,7.2,99,Carro,4,5,3,2.7,Nunca,4,IA y ML,Presencial,4.15,2026-08-20
E0629,Administración,2,18,Mujer,4.5,,77,Bus,3,4,4,8.4,Frecuentemente,2,Ingeniería de datos,Presencial,4.08,2026-08-03
E0630,Economía,5,20,Mujer,15.6,7.7,49,TransMilenio,3,5,5,9.5,A veces,2,No estoy seguro,Presencial,3.89,2026-08-10
E0631,Ingeniería de Sistemas,2,20,Hombre,19.3,7.8,59,TransMilenio,4,5,3,9.2,Frecuentemente,4,Ingeniería de datos,Presencial,3.17,2026-08-14
E0632,Diseño,6,21,Hombre,27.9,6.1,15,Carro,4,3,1,7.6,A veces,3,No estoy seguro,Presencial,3.38,2026-08-06
E0633,Ingeniería de Sistemas,7,22,Hombre,15.1,5.7,82,Bus,5,3,3,10.6,Frecuentemente,4,Visualización,Presencial,3.01,2026-08-01
E0634,Ingeniería Industrial,3,20,Hombre,22.4,7.6,67,Bicicleta,5,3,0,5.2,Todos los días,3,No estoy seguro,Presencial,3.85,2026-08-07
E0635,Ingeniería Industrial,3,24,Mujer,11.3,7.1,300,Caminando,2,5,2,13.0,A veces,3,No estoy seguro,Presencial,2.76,2026-08-01
E0636,Administración,5,20,Hombre,12.4,6.0,57,Bicicleta,5,3,0,6.3,Frecuentemente,4,Analítica de negocio,Híbrida,3.25,2026-08-02
E0637,Ingeniería Industrial,1,21,Hombre,7.4,8.1,,Bus,3,5,4,7.9,Frecuentemente,4,IA y ML,Presencial,3.25,2026-08-08
E0638,Administración,5,21,Hombre,19.9,8.6,79,Bus,4,5,2,12.3,Frecuentemente,2,Visualización,Híbrida,3.3,2026-08-05
E0639,Ingeniería de Sistemas,8,23,Hombre,19.7,6.0,44,TransMilenio,4,4,0,12.2,A veces,5,Visualización,Híbrida,3.47,2026-08-07
E0640,Economía,5,21,Mujer,18.2,5.0,49,Carro,3,4,5,7.5,Frecuentemente,1,Analítica de negocio,Híbrida,3.44,2026-08-21
E0641,Ciencia de Datos,3,20,Hombre,28.6,7.1,39,TransMilenio,5,3,6,9.2,A veces,2,Analítica de negocio,Híbrida,4.17,2026-08-17
E0642,Diseño,2,19,Mujer,9.0,5.4,3,Bus,4,5,4,4.1,Nunca,3,Visualización,Presencial,2.91,2026-08-06
E0643,Economía,3,19,Hombre,13.8,7.0,25,TransMilenio,3,5,6,16.5,Frecuentemente,3,IA y ML,Presencial,3.17,2026-08-15
E0644,Ciencia de Datos,3,20,Hombre,14.1,7.8,66,Bus,3,4,1,5.6,A veces,5,No estoy seguro,Presencial,3.62,2026-08-15
E0645,Administración,5,24,Hombre,17.3,6.9,53,Bus,3,5,4,0,A veces,2,No estoy seguro,Presencial,3.52,2026-08-10
E0646,Economía,6,24,Mujer,24.6,8.7,,Bus,3,4,3,2.5,Nunca,3,Ingeniería de datos,Híbrida,3.64,2026-08-07
E0647,Administración,4,19,Hombre,13.5,7.9,71,Carro,4,4,2,11.9,Frecuentemente,4,No estoy seguro,Presencial,3.97,2026-08-16
E0648,Economía,8,24,Mujer,11.5,7.7,39,Caminando,3,5,2,11.7,Frecuentemente,2,Analítica de negocio,Presencial,3.65,2026-08-13
E0649,Ciencia de Datos,1,20,Mujer,8.9,7.2,60,Carro,3,4,6,12.7,A veces,4,Visualización,Híbrida,3.59,2026-08-15
E0650,Diseño,1,20,Mujer,15.7,5.5,58,Bus,5,3,1,2.7,Todos los días,2,Visualización,Presencial,3.32,2026-08-04
E0651,Ciencia de Datos,3,22,Mujer,14.0,7.9,60,Moto,3,4,0,12.3,Frecuentemente,3,Visualización,Presencial,3.41,2026-08-09
E0652,Ingeniería de Sistemas,6,23,Mujer,10.9,7.0,0,Bicicleta,3,3,1,13.8,Frecuentemente,4,IA y ML,Presencial,3.75,2026-08-07
E0653,Economía,3,19,Hombre,18.0,7.0,28,Bus,4,5,3,12.2,Nunca,2,Analítica de negocio,Presencial,2.96,2026-08-18
E0654,Ingeniería de Sistemas,4,18,Hombre,12.9,4.6,22,Bicicleta,3,4,3,7.1,Todos los días,1,Ciencia social computacional,Híbrida,2.68,2026-08-14
E0655,Administración,1,20,Prefiere no responder,15.9,7.6,67,Bus,5,4,0,15.8,A veces,2,Analítica de negocio,Presencial,3.44,2026-08-11
E0656,Ingeniería de Sistemas,4,21,Hombre,20.3,6.4,79,Carro,5,3,0,14.3,Todos los días,4,IA y ML,Presencial,3.91,2026-08-01
E0657,Ingeniería de Sistemas,4,20,Mujer,15.2,7.2,96,Carro,3,4,4,11.4,Todos los días,3,Ciencia social computacional,Presencial,4.12,2026-08-04
E0658,Administración,1,18,Hombre,17.3,6.9,25,Bus,4,4,0,13.2,Nunca,4,Ingeniería de datos,Presencial,4.14,2026-08-07
E0659,Ciencia de Datos,1,19,Hombre,11.6,7.5,102,Bus,4,4,4,7.7,Frecuentemente,4,Analítica de negocio,Híbrida,2.99,2026-08-03
E0660,Ingeniería de Sistemas,7,23,Prefiere no responder,15.9,7.9,72,Bus,2,5,2,14.6,A veces,4,Visualización,Presencial,3.9,2026-08-05
E0661,Ciencia de Datos,3,20,Hombre,17.6,8.3,42,Caminando,5,3,3,5.5,Frecuentemente,3,Ingeniería de datos,Presencial,4.06,2026-08-01
E0662,Ingeniería de Sistemas,2,19,Hombre,21.4,6.9,77,Bicicleta,4,5,6,9.9,Todos los días,4,Visualización,Presencial,3.68,2026-08-06
E0663,Ciencia de Datos,3,21,Mujer,28.5,7.9,24,Caminando,4,3,4,8.2,Frecuentemente,3,No estoy seguro,Presencial,3.62,2026-08-20
E0664,Economía,6,23,Hombre,22.2,6.4,240,Carro,5,3,1,2.2,Frecuentemente,2,IA y ML,Presencial,3.92,2026-08-10
E0665,Ingeniería Industrial,7,22,Hombre,9.6,5.9,53,Bus,4,3,1,9.1,Todos los días,2,Analítica de negocio,Presencial,3.36,2026-08-05
E0666,Economía,5,22,Mujer,14.0,7.9,54,Caminando,4,5,5,7.4,Todos los días,2,Analítica de negocio,Híbrida,3.61,2026-08-21
E0667,Administración,5,20,Hombre,17.2,8.5,17,Carro,3,4,2,7.1,A veces,3,Ingeniería de datos,Virtual,3.87,2026-08-15
E0668,Administración,5,23,Mujer,23.5,6.3,77,Carro,5,3,4,7.4,Frecuentemente,4,IA y ML,Presencial,3.26,2026-08-01
E0669,Ciencia de Datos,4,18,Hombre,10.2,6.5,85,Carro,4,3,0,9.3,Frecuentemente,4,Ingeniería de datos,Híbrida,3.46,2026-08-05
E0670,Ingeniería de Sistemas,8,25,Mujer,19.2,9.0,74,Bus,3,5,1,10.7,A veces,3,IA y ML,Presencial,3.52,2026-08-10
E0671,Ingeniería Industrial,4,18,Mujer,16.5,6.4,36,Moto,4,5,2,6.3,A veces,3,Visualización,Presencial,3.32,2026-08-09
E0672,Ciencia de Datos,5,19,Hombre,22.6,6.6,35,TransMilenio,4,4,1,4.5,Frecuentemente,4,IA y ML,Presencial,3.16,2026-08-04
E0673,Ingeniería de Sistemas,3,19,Hombre,15.5,5.5,100,TransMilenio,3,4,1,5.6,A veces,3,Ingeniería de datos,Híbrida,3.17,2026-08-17
E0674,Ciencia de Datos,4,23,Hombre,16.3,5.7,95,Carro,5,2,0,10.5,Todos los días,3,IA y ML,Presencial,3.83,2026-08-17
E0675,Ingeniería Industrial,3,19,Mujer,24.0,7.0,15,TransMilenio,4,3,3,15.6,Frecuentemente,3,,Presencial,3.13,2026-08-13
E0676,Ciencia de Datos,1,22,Hombre,19.7,7.3,59,Moto,4,5,2,2.9,Frecuentemente,3,Ingeniería de datos,Presencial,3.5,2026-08-15
E0677,Economía,1,18,Hombre,6.5,5.8,49,Carro,4,5,3,15.5,Frecuentemente,4,Ingeniería de datos,Híbrida,3.22,2026-08-12
E0678,Ingeniería Industrial,7,24,Hombre,18.8,6.2,,Carro,5,3,0,4.9,Frecuentemente,3,Ciencia social computacional,Presencial,2.88,2026-08-16
E0679,Diseño,2,22,Hombre,16.2,6.4,58,Bicicleta,4,3,1,5.6,A veces,3,IA y ML,Presencial,3.11,2026-08-12
E0680,Administración,7,24,Mujer,18.5,5.1,22,Bicicleta,3,4,1,7.5,Frecuentemente,3,Visualización,Híbrida,3.59,2026-08-13
E0681,Diseño,5,22,Mujer,21.1,7.5,78,Caminando,3,5,1,12.0,A veces,2,Ciencia social computacional,Presencial,4.26,2026-08-01
E0682,Ingeniería de Sistemas,9,26,Mujer,8.3,6.9,92,TransMilenio,4,4,5,8.9,Todos los días,2,Visualización,Presencial,3.56,2026-08-17
E0683,Economía,1,16,Prefiere no responder,12.9,5.6,102,TransMilenio,4,3,5,11.4,A veces,2,No estoy seguro,Presencial,3.93,2026-08-08
E0684,Administración,1,18,Hombre,11.9,8.4,48,Carro,4,5,3,11.8,Frecuentemente,4,IA y ML,Presencial,3.45,2026-08-02
E0685,Ingeniería de Sistemas,1,20,Mujer,14.3,7.0,14,Caminando,4,3,3,11.6,Todos los días,4,IA y ML,Presencial,3.53,2026-08-20
E0686,Ingeniería de Sistemas,4,19,Prefiere no responder,3.8,7.1,82,Carro,3,4,0,5.0,Todos los días,4,Ingeniería de datos,Presencial,3.67,2026-08-01
E0687,Psicología,7,23,Hombre,20.0,6.4,79,TransMilenio,5,4,7,9.6,Todos los días,1,IA y ML,Híbrida,3.41,2026-08-04
E0688,Psicología,2,16,Mujer,8.2,5.8,76,TransMilenio,4,4,1,13.1,Todos los días,2,Analítica de negocio,Presencial,3.26,2026-08-21
E0689,Economía,2,22,Hombre,21.6,7.1,62,Bus,4,5,7,7.8,A veces,3,IA y ML,Híbrida,3.02,2026-08-06
E0690,Ciencia de Datos,2,19,Mujer,11.8,5.9,99,Caminando,4,3,5,4.2,Todos los días,4,Ciencia social computacional,Presencial,3.5,2026-08-02
E0691,Psicología,6,20,Mujer,30.4,6.0,85,Carro,5,4,3,8.6,Frecuentemente,3,Analítica de negocio,Presencial,3.28,2026-08-15
E0692,Psicología,1,19,Mujer,11.3,8.4,107,Bus,4,4,7,12.2,Frecuentemente,3,Ciencia social computacional,Presencial,3.13,2026-08-17
E0693,Ciencia de Datos,1,16,Hombre,11.1,5.9,54,TransMilenio,3,5,5,7.0,A veces,5,Analítica de negocio,Presencial,3.11,2026-08-16
E0694,Economía,4,19,Hombre,32.5,7.1,9,Carro,5,4,2,12.8,Todos los días,1,Ingeniería de datos,Presencial,3.61,2026-08-02
E0695,Psicología,2,21,Hombre,17.9,5.7,21,Caminando,5,2,2,10.5,Frecuentemente,3,IA y ML,Presencial,3.14,2026-08-16
E0696,Ingeniería Industrial,7,22,Hombre,18.9,7.2,93,Moto,5,4,4,0.8,Todos los días,4,Analítica de negocio,Híbrida,3.45,2026-08-02
E0697,Ciencia de Datos,2,18,Mujer,21.5,6.3,37,TransMilenio,3,5,2,12.0,Nunca,3,Ciencia social computacional,Presencial,3.73,2026-08-16
E0698,Ingeniería Industrial,3,23,Mujer,15.9,7.0,37,Carro,4,4,4,14.1,Nunca,2,Ciencia social computacional,Virtual,3.45,2026-08-13
E0699,Ingeniería Industrial,3,23,Mujer,15.7,6.0,66,TransMilenio,4,4,2,7.1,Frecuentemente,3,IA y ML,Presencial,3.31,2026-08-03
E0700,Ingeniería Industrial,4,19,Mujer,12.5,6.7,47,Moto,4,3,3,11.5,Frecuentemente,3,No estoy seguro,Híbrida,3.32,2026-08-12
E0701,Ingeniería de Sistemas,4,20,Mujer,22.6,6.5,58,Bus,5,4,2,0.6,Frecuentemente,4,Analítica de negocio,Presencial,3.24,2026-08-04
E0702,Economía,3,18,Hombre,18.9,7.9,109,Bus,4,4,3,12.0,Frecuentemente,3,IA y ML,Presencial,3.12,2026-08-21
E0703,Ciencia de Datos,3,20,Hombre,8.2,7.1,20,Bus,4,4,2,5.1,Todos los días,4,Ingeniería de datos,Presencial,3.65,2026-08-12
E0704,Ingeniería Industrial,3,19,No binario,24.0,6.4,66,TransMilenio,5,3,2,8.9,A veces,4,No estoy seguro,Presencial,3.1,2026-08-21
E0705,Ingeniería Industrial,6,21,Mujer,18.0,5.9,32,Bus,5,3,4,8.6,A veces,3,IA y ML,Híbrida,3.14,2026-08-15
E0706,Ingeniería de Sistemas,2,20,Hombre,8.6,7.1,67,TransMilenio,3,4,4,2.5,Frecuentemente,4,Visualización,Presencial,3.51,2026-08-13
E0707,Psicología,1,21,Mujer,15.0,8.1,90,Carro,5,4,0,1.4,A veces,2,Analítica de negocio,Presencial,3.46,2026-08-16
E0708,Ingeniería Industrial,1,21,Hombre,10.0,7.9,22,Bicicleta,3,4,3,7.5,Todos los días,2,IA y ML,Presencial,4.17,2026-08-07
E0709,Ingeniería Industrial,6,23,Mujer,23.5,6.3,43,TransMilenio,5,4,2,9.5,A veces,2,No estoy seguro,Presencial,3.09,2026-08-09
E0710,Economía,3,24,Hombre,6.7,7.5,76,Bicicleta,4,4,2,9.8,Nunca,2,No estoy seguro,Presencial,2.82,2026-08-06
E0711,Ingeniería de Sistemas,6,22,Hombre,15.8,7.5,75,TransMilenio,4,3,1,9.8,Todos los días,3,No estoy seguro,Presencial,3.36,2026-08-03
E0712,Ingeniería Industrial,3,22,Hombre,14.6,4.6,5,Bus,5,4,6,6.8,Nunca,2,Ingeniería de datos,Presencial,3.39,2026-08-09
E0713,Ingeniería de Sistemas,3,20,Hombre,15.7,5.9,83,TransMilenio,5,4,2,7.7,A veces,3,No estoy seguro,Presencial,3.8,2026-08-13
E0714,Ingeniería Industrial,4,22,Hombre,6.2,6.2,66,Moto,4,3,1,8.4,Todos los días,3,Ingeniería de datos,Presencial,3.19,2026-08-17
E0715,Diseño,5,21,Hombre,17.7,7.4,85,TransMilenio,4,4,3,7.1,A veces,1,No estoy seguro,Presencial,2.84,2026-08-15
E0716,Economía,1,18,Hombre,20.2,7.4,57,Caminando,5,4,3,6.1,A veces,2,Ingeniería de datos,Presencial,3.33,2026-08-21
E0717,Ingeniería de Sistemas,3,20,Prefiere no responder,12.5,6.6,42,Caminando,5,4,3,10.3,A veces,4,IA y ML,Presencial,3.82,2026-08-03
E0718,Ciencia de Datos,3,22,Mujer,7.8,5.6,85,Transmilenio,3,4,3,11.5,A veces,4,No estoy seguro,Presencial,3.35,2026-08-10
E0719,Administración,4,21,Mujer,15.6,5.6,57,Bicicleta,4,4,2,8.1,Frecuentemente,2,No estoy seguro,Presencial,3.18,2026-08-03
E0720,Economía,1,19,Mujer,8.3,7.3,27,TransMilenio,2,5,3,6.0,A veces,2,No estoy seguro,Presencial,3.22,2026-08-13
E0721,Ingeniería de Sistemas,5,20,Mujer,17.5,5.9,67,TransMilenio,5,4,2,7.3,Frecuentemente,4,Ingeniería de datos,Presencial,3.2,2026-08-04
E0722,Ciencia de Datos,3,19,Mujer,16.1,6.4,52,Caminando,5,3,3,12.9,Frecuentemente,2,Visualización,Presencial,3.63,2026-08-12
E0723,Psicología,5,22,Hombre,16.5,7.5,99,Bus,4,5,3,11.2,Frecuentemente,4,Analítica de negocio,Presencial,3.73,2026-08-12
E0724,Administración,5,22,Prefiere no responder,13.5,7.8,64,Bus,4,5,3,16.2,A veces,5,Ciencia social computacional,Presencial,3.08,2026-08-19
E0725,Administración,2,16,No binario,15.6,5.8,89,Carro,4,4,1,0.4,A veces,2,No estoy seguro,Presencial,3.56,2026-08-17
E0726,Ingeniería de Sistemas,5,18,No binario,10.5,6.8,82,Bicicleta,4,3,5,14.2,Nunca,4,Analítica de negocio,Híbrida,3.84,2026-08-16
E0727,Economía,5,17,Hombre,13.0,8.6,68,TransMilenio,5,5,2,7.4,Todos los días,3,Visualización,Presencial,3.51,2026-08-01
E0728,Ingeniería Industrial,6,22,Mujer,23.0,6.2,29,Bus,5,2,1,9.1,A veces,2,No estoy seguro,Presencial,3.59,2026-08-07
E0729,Administración,3,20,Mujer,18.0,6.8,76,Bus,4,3,5,2.8,Frecuentemente,2,Analítica de negocio,Presencial,3.56,2026-08-10
E0730,Ingeniería Industrial,3,20,Hombre,13.7,6.7,8,Bus,4,4,3,9.6,Frecuentemente,3,Analítica de negocio,Presencial,3.6,2026-08-11
E0731,Administración,1,19,Hombre,9.6,6.3,81,Caminando,5,3,3,10.4,A veces,2,Ingeniería de datos,Presencial,3.84,2026-08-08
E0732,Ingeniería de Sistemas,5,24,Hombre,19.9,7.3,48,TransMilenio,3,5,1,11.4,A veces,5,Analítica de negocio,Presencial,3.74,2026-08-07
E0733,Economía,4,23,Mujer,14.2,5.7,12,TransMilenio,5,4,5,13.5,A veces,2,Visualización,Presencial,3.41,2026-08-20
E0734,Ingeniería Industrial,5,22,Mujer,28.6,6.3,27,Bus,5,3,3,5.1,A veces,2,No estoy seguro,Presencial,3.7,2026-08-19
E0735,Administración,3,23,Mujer,11.4,6.5,13,TransMilenio,4,5,1,8.3,Nunca,3,Ciencia social computacional,Híbrida,3.59,2026-08-13
E0736,Administración,8,21,Hombre,22.2,7.7,37,Carro,4,3,3,7.5,A veces,3,IA y ML,Presencial,3.67,2026-08-09
E0737,Psicología,3,22,Hombre,16.3,7.2,56,Bus,4,4,2,7.4,Frecuentemente,3,No estoy seguro,Presencial,3.46,2026-08-07
E0738,Ciencia de Datos,8,20,Hombre,10.5,8.3,8,TransMilenio,4,5,0,10.5,Frecuentemente,3,Visualización,Presencial,3.57,2026-08-05
E0739,Ingeniería Industrial,2,21,Mujer,8.6,7.4,54,Caminando,4,3,0,12.6,Frecuentemente,1,IA y ML,Presencial,3.01,2026-08-07
E0740,Ingeniería Industrial,1,19,Hombre,13.2,8.2,14,Bus,4,4,3,15.9,Nunca,2,Analítica de negocio,Presencial,3.87,2026-08-06
E0741,Ingeniería Industrial,6,20,Hombre,15.2,8.0,21,Bus,4,5,3,11.7,Todos los días,4,Ingeniería de datos,Presencial,3.7,2026-08-09
E0742,Diseño,4,20,Mujer,20.9,6.9,0,TransMilenio,5,4,4,3.5,Frecuentemente,1,IA y ML,Híbrida,3.36,2026-08-05
E0743,Psicología,5,18,Mujer,22.6,5.2,87,Carro,5,3,2,0,Frecuentemente,2,Ingeniería de datos,Híbrida,3.12,2026-08-12
E0744,Ingeniería de Sistemas,4,19,Mujer,21.3,5.6,30,Carro,5,3,2,6.0,Frecuentemente,4,No estoy seguro,Virtual,2.9,2026-08-04
E0745,Ingeniería de Sistemas,6,20,Mujer,18.8,6.1,62,Moto,5,4,3,7.0,Frecuentemente,4,Ingeniería de datos,Presencial,3.25,2026-08-12
E0746,Economía,4,23,Mujer,16.9,6.3,69,Carro,5,3,0,4.5,Todos los días,2,IA y ML,Presencial,3.39,2026-08-13
E0747,Administración,4,19,Hombre,26.2,5.4,16,Bus,3,5,2,11.1,Nunca,3,IA y ML,Híbrida,3.53,2026-08-13
E0748,Administración,3,20,Mujer,31.1,6.3,97,Caminando,5,4,3,7.9,Todos los días,3,Analítica de negocio,Presencial,2.91,2026-08-15
E0749,Ingeniería Industrial,1,18,Hombre,12.4,6.3,77,TransMilenio,5,2,4,13.1,A veces,3,Ingeniería de datos,Virtual,3.63,2026-08-08
E0750,Ciencia de Datos,5,22,Hombre,7.7,6.9,44,TransMilenio,3,5,3,6.1,A veces,3,IA y ML,Presencial,2.74,2026-08-20
E0751,Economía,2,20,Hombre,20.9,7.1,38,TransMilenio,3,4,3,4.6,Nunca,2,IA y ML,Híbrida,3.46,2026-08-08
E0752,Diseño,5,22,Mujer,15.5,5.6,34,Bus,5,3,2,9.3,Frecuentemente,3,Visualización,Presencial,3.61,2026-08-05
E0753,Ingeniería Industrial,4,19,Mujer,15.5,6.9,30,Carro,4,4,6,6.9,Frecuentemente,3,IA y ML,Presencial,3.26,2026-08-06
E0754,Ingeniería de Sistemas,4,19,Hombre,11.3,7.2,64,Bus,4,4,0,7.2,Frecuentemente,4,Ciencia social computacional,Presencial,3.96,2026-08-08
E0755,Administración,1,21,Mujer,10.7,7.8,68,Bus,5,3,4,9.2,Frecuentemente,5,No estoy seguro,Presencial,2.86,2026-08-21
E0756,Ciencia de Datos,6,20,Hombre,16.0,6.6,55,TransMilenio,5,4,4,12.3,A veces,3,Ciencia social computacional,Híbrida,3.62,2026-08-10
E0757,Administración,1,16,Hombre,6.9,7.2,54,Carro,2,4,2,3.2,A veces,2,Analítica de negocio,Presencial,3.88,2026-08-20
E0758,Economía,3,20,Mujer,19.6,6.6,85,TransMilenio,5,3,1,6.3,A veces,3,Analítica de negocio,Presencial,3.12,2026-08-14
E0759,Economía,5,23,Hombre,20.2,5.5,68,Bicicleta,5,3,2,3.1,A veces,3,Ingeniería de datos,Presencial,3.39,2026-08-21
E0760,Administración,6,23,Hombre,25.9,6.8,84,TransMilenio,4,4,4,12.5,A veces,4,No estoy seguro,Presencial,3.54,2026-08-07
E0761,Administración,4,23,Hombre,6.7,6.4,23,TransMilenio,4,5,2,6.2,A veces,3,Analítica de negocio,Presencial,3.67,2026-08-02
E0762,Ciencia de Datos,6,22,Hombre,19.7,7.1,61,Bicicleta,4,4,2,7.0,A veces,5,Analítica de negocio,Presencial,3.5,2026-08-08
E0763,Economía,2,19,Hombre,15.9,6.5,29,TransMilenio,4,4,0,9.8,Todos los días,4,IA y ML,Híbrida,3.71,2026-08-16
E0764,Ciencia de Datos,4,21,Mujer,22.0,5.4,14,Caminando,5,3,2,4.0,Todos los días,4,IA y ML,Híbrida,3.13,2026-08-14
E0765,Administración,1,20,Mujer,9.1,6.4,30,Caminando,4,3,3,4.7,Frecuentemente,2,,Híbrida,3.08,2026-08-03
E0766,Economía,3,19,Hombre,10.2,7.1,75,Bus,4,4,3,13.5,Frecuentemente,5,IA y ML,Presencial,3.52,2026-08-15
E0767,Administración,6,22,Mujer,24.4,6.9,24,Bus,5,3,4,10.4,A veces,2,IA y ML,Presencial,3.18,2026-08-07
E0768,Diseño,4,22,Hombre,15.7,8.6,85,TransMilenio,4,4,6,12.6,Frecuentemente,2,IA y ML,Híbrida,4.23,2026-08-08
E0769,Ingeniería de Sistemas,4,21,Hombre,11.2,6.1,64,Caminando,3,4,1,4.4,A veces,4,IA y ML,Virtual,3.31,2026-08-04
E0770,Ingeniería Industrial,3,21,Hombre,8.7,6.1,43,TransMilenio,3,4,3,5.0,A veces,2,Visualización,Híbrida,3.95,2026-08-13
E0771,Ciencia de Datos,5,21,Mujer,24.2,5.5,32,TransMilenio,5,4,3,7.9,Frecuentemente,5,IA y ML,Presencial,3.81,2026-08-16
E0772,Economía,4,19,Mujer,20.6,4.6,41,Moto,4,4,2,1.6,Frecuentemente,2,Visualización,Presencial,3.34,2026-08-02
E0773,Ingeniería Industrial,2,18,Mujer,9.7,6.4,33,TransMilenio,4,4,3,2.9,A veces,3,No estoy seguro,Híbrida,3.33,2026-08-10
E0774,Ingeniería de Sistemas,1,21,Hombre,22.3,,80,Bicicleta,4,4,6,15.6,A veces,4,IA y ML,Presencial,3.97,2026-08-12
E0775,Ingeniería de Sistemas,2,21,Mujer,10.0,,20,Moto,4,4,1,6.6,Todos los días,4,IA y ML,Virtual,3.66,2026-08-09
E0776,Ciencia de Datos,6,19,Mujer,18.1,6.1,60,Carro,4,4,0,13.5,Frecuentemente,5,Analítica de negocio,Presencial,3.1,2026-08-18
E0777,Administración,3,20,No binario,20.2,6.6,36,Bicicleta,4,4,4,9.7,A veces,2,Analítica de negocio,Presencial,3.28,2026-08-07
E0778,Ingeniería de Sistemas,8,24,Hombre,30.0,5.7,68,Moto,5,5,3,8.7,Frecuentemente,4,No estoy seguro,Presencial,3.36,2026-08-16
E0779,Ciencia de Datos,2,17,Mujer,13.5,6.1,0,Carro,4,2,1,7.9,A veces,2,IA y ML,Presencial,3.3,2026-08-09
E0780,Administración,2,20,Hombre,10.1,6.3,61,Moto,3,5,3,8.4,Frecuentemente,3,Ciencia social computacional,Presencial,3.17,2026-08-08
E0781,Diseño,4,25,Hombre,14.3,5.9,28,Carro,5,3,4,0.8,Frecuentemente,1,Ciencia social computacional,Híbrida,3.62,2026-08-14
E0782,Ciencia de Datos,4,20,Hombre,16.6,7.4,,Caminando,2,5,1,6.7,Todos los días,3,IA y ML,Presencial,4.11,2026-08-11
E0783,Economía,4,20,Mujer,16.2,6.4,0,Moto,5,4,0,8.6,Frecuentemente,3,IA y ML,Presencial,3.65,2026-08-12
E0784,Economía,1,20,Mujer,14.8,9.4,107,TransMilenio,3,5,6,5.2,Todos los días,3,IA y ML,Presencial,3.41,2026-08-17
E0785,Ciencia de Datos,3,19,Mujer,17.2,6.5,57,Bus,3,4,4,5.6,A veces,4,Visualización,Presencial,3.81,2026-08-21
E0786,Administración,3,17,Mujer,21.1,,50,Bus,4,4,3,9.5,Frecuentemente,3,Analítica de negocio,Presencial,3.75,2026-08-03
E0787,Ingeniería Industrial,3,21,Mujer,9.7,7.0,90,Carro,3,4,1,6.3,Frecuentemente,1,Analítica de negocio,Presencial,3.4,2026-08-09
E0788,Ingeniería de Sistemas,4,21,No binario,10.7,7.3,,Bus,4,3,2,2.5,Todos los días,4,,Híbrida,2.78,2026-08-06
E0789,Psicología,2,21,Prefiere no responder,21.0,8.4,54,Moto,5,5,1,1.8,Frecuentemente,3,Ingeniería de datos,Híbrida,3.61,2026-08-16
E0790,Administración,4,22,Mujer,15.7,6.1,2,Bicicleta,4,4,0,7.2,Todos los días,3,Ingeniería de datos,Presencial,3.94,2026-08-19
E0791,Ingeniería de Sistemas,1,18,Mujer,10.3,7.8,17,Bus,2,5,0,13.6,A veces,3,Analítica de negocio,Presencial,3.34,2026-08-21
E0792,Diseño,4,22,Hombre,8.9,6.8,54,TransMilenio,4,5,3,8.4,Nunca,4,Visualización,Híbrida,3.62,2026-08-14
E0793,Ciencia de Datos,6,20,Hombre,20.8,5.3,35,Carro,4,3,2,9.6,Todos los días,2,Analítica de negocio,Híbrida,3.65,2026-08-01
E0794,Economía,6,24,Hombre,22.4,7.3,54,Bicicleta,4,5,2,4.5,Todos los días,3,IA y ML,Híbrida,3.82,2026-08-10
E0795,Psicología,3,18,Mujer,16.9,7.3,116,TransMilenio,3,4,0,8.2,Frecuentemente,3,Analítica de negocio,Presencial,3.81,2026-08-17
E0796,Ciencia de Datos,2,19,Mujer,10.3,7.1,27,Bus,4,5,2,0,Frecuentemente,5,No estoy seguro,Presencial,3.3,2026-08-11
E0797,Ciencia de Datos,5,19,Hombre,24.4,6.3,106,Caminando,5,2,4,8.5,A veces,2,Ingeniería de datos,Presencial,3.1,2026-08-08
E0798,Administración,2,22,Hombre,10.3,6.2,58,Bus,4,4,3,13.0,Nunca,2,Analítica de negocio,Híbrida,3.07,2026-08-01
E0799,Psicología,4,20,Hombre,10.6,6.2,63,Bus,4,5,2,5.1,Nunca,4,Ciencia social computacional,Presencial,3.11,2026-08-10
E0800,Ciencia de Datos,7,26,Hombre,27.8,8.2,52,Caminando,5,4,6,0,Todos los días,3,Ingeniería de datos,Presencial,4.02,2026-08-01
E0801,Psicología,2,22,Hombre,21.0,6.4,68,TransMilenio,4,4,4,10.1,A veces,2,Ciencia social computacional,Presencial,3.44,2026-08-18
E0802,Administración,7,23,Hombre,18.5,8.5,30,Carro,4,4,4,10.5,Todos los días,2,IA y ML,Presencial,4.27,2026-08-02
E0803,Ciencia de Datos,8,25,Mujer,22.1,6.6,62,TransMilenio,4,5,6,10.5,A veces,3,IA y ML,Híbrida,3.53,2026-08-01
E0804,Ingeniería de Sistemas,3,20,Hombre,12.5,7.5,14,TransMilenio,3,5,4,4.8,Frecuentemente,4,IA y ML,Presencial,3.23,2026-08-20
E0805,Economía,5,23,Mujer,11.4,7.5,72,TransMilenio,3,4,2,3.4,Frecuentemente,3,No estoy seguro,Presencial,3.61,2026-08-05
E0806,Economía,5,22,No binario,10.8,6.9,96,TransMilenio,4,4,4,9.9,Todos los días,3,IA y ML,Presencial,3.55,2026-08-04
E0807,Administración,5,21,Mujer,22.9,8.0,65,Bus,3,4,4,6.7,A veces,2,Ingeniería de datos,Presencial,3.38,2026-08-08
E0808,Ingeniería de Sistemas,7,24,Mujer,17.8,6.3,59,Bicicleta,5,3,1,7.4,A veces,3,IA y ML,Híbrida,3.66,2026-08-16
E0809,Administración,1,19,Mujer,9.4,6.2,44,Bus,3,4,3,10.1,Nunca,5,IA y ML,Presencial,3.54,2026-08-17
E0810,Economía,8,24,Mujer,24.2,6.7,65,Caminando,4,4,2,9.0,Todos los días,4,IA y ML,Presencial,4.05,2026-08-18
E0811,Diseño,1,17,Hombre,2.6,5.2,123,Bus,4,3,0,8.0,A veces,3,IA y ML,Presencial,3.13,2026-08-09
E0812,Economía,2,18,No binario,8.3,6.2,42,Bus,3,3,1,15.5,A veces,3,Visualización,Presencial,2.97,2026-08-18
E0813,Ciencia de Datos,6,23,Mujer,95.0,7.0,18,Bicicleta,4,5,6,2.1,A veces,3,IA y ML,Presencial,3.57,2026-08-19
E0814,Ingeniería de Sistemas,4,23,Hombre,16.0,7.2,44,Moto,4,4,3,13.6,Frecuentemente,4,Visualización,Presencial,3.42,2026-08-06
E0815,Economía,4,20,Hombre,18.0,6.3,31,TransMilenio,5,2,1,7.1,A veces,4,Analítica de negocio,Presencial,3.38,2026-08-04
E0816,Psicología,3,18,Mujer,11.7,7.2,34,TransMilenio,4,5,3,11.3,Nunca,1,IA y ML,Híbrida,3.58,2026-08-07
E0817,Ingeniería Industrial,4,18,Hombre,8.8,7.5,60,Bus,3,4,3,12.0,A veces,4,IA y ML,Presencial,3.78,2026-08-14
E0818,Ingeniería Industrial,5,22,Hombre,13.5,5.6,38,Moto,5,3,7,2.1,Todos los días,4,Visualización,Presencial,4.19,2026-08-15
E0819,Ingeniería de Sistemas,1,17,Mujer,12.9,,47,Transmilenio,2,4,4,0,Todos los días,3,IA y ML,Presencial,3.82,2026-08-18
E0820,Psicología,3,22,Hombre,19.4,5.6,30,TransMilenio,4,4,3,10.2,Todos los días,1,No estoy seguro,Presencial,3.42,2026-08-18
E0821,Ciencia de Datos,3,20,Mujer,5.5,6.4,83,Caminando,4,5,5,7.6,A veces,3,Analítica de negocio,Presencial,3.17,2026-08-11
E0822,Ingeniería de Sistemas,3,18,Mujer,0,7.0,53,TransMilenio,3,4,3,7.6,A veces,4,Visualización,Presencial,2.7,2026-08-07
E0823,Ingeniería de Sistemas,4,19,Hombre,15.3,6.6,2,TransMilenio,2,5,4,7.4,Todos los días,4,Ingeniería de datos,Híbrida,3.58,2026-08-05
E0824,Economía,5,19,Hombre,14.6,7.2,46,TransMilenio,4,3,3,4.8,Frecuentemente,1,IA y ML,Presencial,3.47,2026-08-09
E0825,Diseño,2,21,Mujer,13.5,6.2,68,TransMilenio,5,3,4,0,A veces,2,IA y ML,Presencial,3.52,2026-08-02
E0826,Ingeniería de Sistemas,6,24,Mujer,20.1,6.9,90,Carro,4,4,6,8.1,Frecuentemente,5,Visualización,Presencial,3.38,2026-08-02
E0827,Ingeniería Industrial,5,21,Mujer,18.9,6.5,20,TransMilenio,4,4,2,9.7,Todos los días,2,Visualización,Híbrida,3.2,2026-08-07
E0828,Ingeniería de Sistemas,4,22,Mujer,18.1,8.2,69,Carro,4,4,1,5.6,Frecuentemente,3,IA y ML,Presencial,3.73,2026-08-05
E0829,Ingeniería Industrial,3,18,Mujer,11.8,8.4,102,Caminando,4,4,7,5.3,Frecuentemente,3,Ciencia social computacional,Híbrida,3.85,2026-08-08
E0830,Administración,4,19,Mujer,21.4,7.5,104,Bicicleta,4,3,2,14.8,Todos los días,1,Visualización,Híbrida,3.57,2026-08-01
E0831,Administración,4,19,Hombre,13.0,6.9,77,Moto,4,3,3,13.8,Nunca,3,Ingeniería de datos,Presencial,3.58,2026-08-07
E0832,Ingeniería Industrial,3,20,Hombre,10.2,6.9,76,Bicicleta,3,4,3,9.9,Nunca,2,Ingeniería de datos,Híbrida,3.23,2026-08-18
E0833,Ciencia de Datos,5,21,Mujer,14.7,5.9,79,Moto,5,4,3,9.4,Nunca,4,Ciencia social computacional,Híbrida,2.5,2026-08-13
E0834,Ciencia de Datos,4,24,Hombre,13.7,6.7,18,TransMilenio,4,4,6,9.4,Frecuentemente,3,Visualización,Híbrida,3.72,2026-08-17
E0835,Psicología,4,22,Hombre,15.1,6.2,36,TransMilenio,5,3,1,13.4,A veces,3,Analítica de negocio,Híbrida,3.42,2026-08-10
E0836,Economía,4,22,Hombre,6.0,6.5,46,TransMilenio,4,5,2,8.9,A veces,3,Ciencia social computacional,Presencial,3.27,2026-08-07
E0837,Economía,3,20,Mujer,12.4,7.7,107,Bicicleta,5,4,2,3.7,Frecuentemente,2,Ciencia social computacional,Presencial,3.47,2026-08-16
E0838,Psicología,2,16,Hombre,20.4,6.5,50,Bicicleta,3,5,6,4.9,Todos los días,5,Analítica de negocio,Presencial,3.83,2026-08-20
E0839,Ciencia de Datos,4,20,Mujer,11.8,7.1,52,TransMilenio,3,4,6,3.9,Frecuentemente,5,IA y ML,Presencial,2.88,2026-08-14
E0840,Administración,4,20,Mujer,14.0,6.2,49,Bicicleta,5,4,3,7.6,Frecuentemente,2,Analítica de negocio,Presencial,3.4,2026-08-18
E0841,Administración,2,19,Mujer,9.6,,61,Bus,4,4,2,10.2,Todos los días,2,Visualización,Presencial,3.2,2026-08-01
E0842,Administración,6,20,Hombre,19.8,5.8,74,Carro,5,3,0,2.7,Todos los días,2,Ingeniería de datos,Híbrida,2.9,2026-08-15
E0843,Ciencia de Datos,3,20,Hombre,8.4,6.3,38,Carro,4,4,5,12.1,Frecuentemente,3,No estoy seguro,Virtual,3.42,2026-08-08
E0844,Ingeniería Industrial,3,23,Mujer,26.6,4.9,28,Bus,4,2,1,8.8,A veces,3,IA y ML,Presencial,2.67,2026-08-07
E0845,Ingeniería Industrial,7,21,Hombre,21.2,,31,TransMilenio,3,5,3,13.9,Todos los días,2,No estoy seguro,Híbrida,4.4,2026-08-04
E0846,Psicología,1,21,Mujer,9.0,8.6,61,Bicicleta,2,5,2,8.2,Frecuentemente,4,Visualización,Presencial,3.86,2026-08-21
E0847,Ciencia de Datos,4,20,Hombre,9.1,7.5,46,TransMilenio,3,3,2,15.1,A veces,3,IA y ML,Presencial,3.25,2026-08-10
E0848,Diseño,3,20,Hombre,27.0,7.2,37,Bicicleta,5,4,0,7.3,Todos los días,1,IA y ML,Virtual,4.38,2026-08-13
E0849,Ingeniería de Sistemas,6,23,Hombre,11.2,8.9,57,TransMilenio,3,4,3,7.9,Frecuentemente,4,,Presencial,3.11,2026-08-21
E0850,Ingeniería de Sistemas,5,24,Hombre,7.8,6.6,46,Bus,3,4,4,5.9,Frecuentemente,3,No estoy seguro,Híbrida,3.46,2026-08-13
E0851,Administración,3,21,Mujer,25.1,7.1,51,Carro,4,3,3,10.4,Frecuentemente,3,Visualización,Híbrida,3.64,2026-08-17
E0852,Economía,6,21,Mujer,33.1,6.4,55,TransMilenio,5,3,4,6.7,Todos los días,2,No estoy seguro,Presencial,3.9,2026-08-07
E0853,Diseño,5,21,Mujer,17.4,6.8,87,TransMilenio,5,3,2,11.0,Frecuentemente,3,Analítica de negocio,Presencial,3.46,2026-08-18
E0854,Ingeniería Industrial,5,21,No binario,19.2,7.4,33,TransMilenio,3,5,4,8.2,A veces,3,IA y ML,Presencial,3.65,2026-08-04
E0855,Ingeniería de Sistemas,1,18,Hombre,12.7,5.9,0,TransMilenio,4,4,0,14.3,Frecuentemente,2,Ciencia social computacional,Presencial,3.49,2026-08-14
E0856,Ciencia de Datos,6,19,Hombre,16.0,6.7,14,TransMilenio,3,5,4,5.0,Todos los días,4,Ingeniería de datos,Presencial,3.38,2026-08-01
E0857,Ingeniería Industrial,2,19,Hombre,5.6,7.0,14,Bus,3,4,2,7.1,Todos los días,3,Visualización,Híbrida,2.8,2026-08-01
E0858,Ingeniería Industrial,3,22,Mujer,15.4,7.2,37,Carro,4,4,5,7.9,Frecuentemente,3,No estoy seguro,Híbrida,3.53,2026-08-09
E0859,Ingeniería de Sistemas,4,21,Hombre,18.4,6.7,29,Bus,4,3,3,13.3,Frecuentemente,4,IA y ML,Presencial,3.31,2026-08-18
E0860,Diseño,3,21,Hombre,14.5,7.9,12,Moto,3,4,4,4.9,Frecuentemente,2,No estoy seguro,Presencial,3.38,2026-08-10
E0861,Diseño,2,22,Hombre,8.7,6.0,46,Carro,5,2,3,13.1,A veces,2,Analítica de negocio,Presencial,3.47,2026-08-13
E0862,Ingeniería de Sistemas,3,16,Mujer,11.7,7.8,40,Bus,4,4,2,2.4,Frecuentemente,3,Visualización,Híbrida,3.25,2026-08-19
E0863,Diseño,1,19,Mujer,15.5,6.3,23,Bicicleta,4,4,1,8.1,Frecuentemente,3,Ingeniería de datos,Híbrida,3.1,2026-08-01
E0864,Economía,6,24,Mujer,11.8,6.7,27,Bus,5,4,4,15.3,A veces,3,IA y ML,Presencial,2.7,2026-08-17
E0865,Ingeniería de Sistemas,3,19,Mujer,17.1,6.2,26,TransMilenio,3,3,2,8.0,Todos los días,4,No estoy seguro,Presencial,4.23,2026-08-04
E0866,Ingeniería Industrial,3,20,Hombre,17.2,6.4,82,Bus,5,4,4,5.9,A veces,2,Visualización,Híbrida,3.25,2026-08-08
E0867,Ingeniería Industrial,2,18,Mujer,22.5,5.3,87,Bus,5,4,3,0,Todos los días,2,Visualización,Presencial,3.25,2026-08-10
E0868,Administración,6,22,Hombre,22.2,7.8,81,Carro,3,4,4,11.5,Frecuentemente,4,Ingeniería de datos,Presencial,3.86,2026-08-09
E0869,Administración,5,22,Mujer,21.4,7.2,93,TransMilenio,5,4,4,5.8,A veces,2,Ingeniería de datos,Virtual,4.01,2026-08-15
E0870,Diseño,6,26,Mujer,22.6,7.6,16,Carro,5,5,3,6.8,A veces,1,No estoy seguro,Presencial,3.71,2026-08-19
E0871,Ingeniería de Sistemas,1,18,Hombre,13.1,6.9,39,Carro,4,3,2,1.3,Todos los días,5,Visualización,Híbrida,3.49,2026-08-11
E0872,Diseño,2,18,Hombre,11.3,6.2,47,Caminando,5,4,0,7.1,Todos los días,2,Ingeniería de datos,Presencial,3.72,2026-08-12
E0873,Administración,3,23,Hombre,16.6,7.3,111,Moto,4,4,1,7.1,Todos los días,3,No estoy seguro,Presencial,3.63,2026-08-08
E0874,Economía,2,20,Mujer,12.7,5.9,11,Moto,5,4,2,10.3,A veces,1,Ingeniería de datos,Presencial,3.33,2026-08-06
E0875,Economía,3,21,Hombre,11.3,6.3,20,TransMilenio,3,5,2,12.4,Todos los días,2,Ciencia social computacional,Presencial,3.34,2026-08-01
E0876,Ciencia de Datos,6,25,Hombre,5.5,7.5,41,Moto,4,4,4,2.4,Frecuentemente,4,Ciencia social computacional,Presencial,3.45,2026-08-20
E0877,Ciencia de Datos,4,20,Mujer,20.9,7.4,64,TransMilenio,4,4,4,7.2,Nunca,2,IA y ML,Presencial,3.48,2026-08-15
E0878,Ciencia de Datos,4,21,Mujer,21.0,,127,Carro,5,4,4,12.1,Nunca,4,Ciencia social computacional,Híbrida,3.6,2026-08-15
E0879,Ingeniería de Sistemas,3,19,Mujer,25.8,7.5,38,Carro,2,5,4,9.8,Frecuentemente,5,IA y ML,Presencial,3.68,2026-08-01
E0880,Ingeniería Industrial,3,21,Hombre,21.7,5.8,22,Caminando,5,3,3,2.2,Frecuentemente,2,Visualización,Presencial,3.25,2026-08-06
E0881,Ingeniería Industrial,1,22,Hombre,17.3,6.1,24,TransMilenio,5,4,4,1.4,Frecuentemente,3,IA y ML,Presencial,3.38,2026-08-11
E0882,Ingeniería Industrial,4,21,Hombre,26.4,5.8,23,TransMilenio,3,4,4,5.2,A veces,3,IA y ML,Presencial,3.77,2026-08-20
E0883,Ingeniería de Sistemas,2,19,Mujer,2.5,7.1,35,Carro,4,4,2,12.5,Frecuentemente,5,IA y ML,Híbrida,2.81,2026-08-02
E0884,Ingeniería de Sistemas,6,23,Mujer,28.7,5.7,39,Moto,5,3,0,7.6,A veces,4,Ingeniería de datos,Presencial,4.06,2026-08-17
E0885,Ingeniería Industrial,4,23,Hombre,20.1,4.9,65,TransMilenio,4,5,3,8.5,Nunca,4,Visualización,Híbrida,3.25,2026-08-12
E0886,Administración,6,22,Hombre,21.8,8.3,18,TransMilenio,4,5,3,1.8,Frecuentemente,2,Analítica de negocio,Presencial,3.76,2026-08-21
E0887,Diseño,3,20,Hombre,21.4,6.3,64,Carro,5,3,3,10.8,Frecuentemente,3,Ingeniería de datos,Presencial,3.82,2026-08-15
E0888,Ingeniería de Sistemas,7,22,Mujer,16.7,7.0,10,TransMilenio,4,4,3,7.5,Frecuentemente,4,Analítica de negocio,Híbrida,3.55,2026-08-17
E0889,Administración,5,21,Hombre,17.3,6.6,25,Bus,4,3,2,0.3,Frecuentemente,3,Ciencia social computacional,Presencial,3.51,2026-08-04
E0890,Ciencia de Datos,2,22,Mujer,15.2,4.9,42,Caminando,4,3,4,12.2,A veces,5,IA y ML,Híbrida,3.38,2026-08-12
E0891,Administración,4,20,Hombre,10.8,5.5,61,Carro,5,4,4,7.1,Nunca,3,No estoy seguro,Presencial,3.16,2026-08-12
E0892,Ingeniería de Sistemas,6,20,Hombre,17.3,8.0,92,TransMilenio,5,4,3,9.6,Frecuentemente,4,Ingeniería de datos,Presencial,3.59,2026-08-18
E0893,Ingeniería de Sistemas,6,23,Mujer,15.8,4.5,1,TransMilenio,5,3,3,6.7,Todos los días,5,Analítica de negocio,Presencial,3.62,2026-08-21
E0894,Economía,1,19,Mujer,21.6,7.0,66,Carro,5,3,0,8.0,Frecuentemente,1,Analítica de negocio,Presencial,4.03,2026-08-15
E0895,Economía,4,19,Mujer,23.8,5.1,52,TransMilenio,5,4,1,9.0,Nunca,3,IA y ML,Híbrida,3.57,2026-08-14
E0896,Ingeniería de Sistemas,5,23,Hombre,20.8,7.3,61,Carro,3,4,4,3.0,A veces,4,Ingeniería de datos,Virtual,3.74,2026-08-02
E0897,Ingeniería de Sistemas,4,21,Mujer,16.5,7.9,53,TransMilenio,4,4,2,5.0,A veces,3,Ciencia social computacional,Presencial,3.56,2026-08-19
E0898,Ingeniería de Sistemas,3,18,Hombre,24.2,5.6,66,Carro,4,4,1,6.8,Todos los días,4,Visualización,Presencial,3.01,2026-08-15
E0899,Psicología,6,18,Mujer,21.6,7.5,71,TransMilenio,4,4,3,11.1,A veces,3,,Virtual,3.59,2026-08-03
E0900,Administración,3,22,Hombre,17.6,7.4,67,TransMilenio,3,4,0,5.9,Nunca,2,No estoy seguro,Presencial,3.1,2026-08-09
E0901,Economía,3,23,Hombre,13.9,7.4,51,TransMilenio,5,3,1,4.0,Todos los días,2,Ciencia social computacional,Presencial,3.19,2026-08-03
E0902,Ciencia de Datos,4,18,Hombre,11.9,6.0,76,TransMilenio,4,4,3,9.8,A veces,5,IA y ML,Presencial,3.46,2026-08-06
E0903,Administración,3,21,Hombre,8.0,6.8,43,TransMilenio,5,3,1,14.6,A veces,3,No estoy seguro,Híbrida,3.44,2026-08-07
E0904,Ingeniería de Sistemas,4,17,Hombre,15.4,7.1,63,TransMilenio,5,4,6,9.0,Frecuentemente,5,No estoy seguro,Híbrida,3.84,2026-08-03
E0905,Ingeniería Industrial,3,17,Hombre,5.9,5.9,58,TransMilenio,3,5,6,14.8,Frecuentemente,2,Ingeniería de datos,Virtual,3.64,2026-08-03
E0906,Psicología,3,23,Mujer,10.2,7.9,88,Bus,4,4,0,7.4,Frecuentemente,1,Analítica de negocio,Presencial,3.6,2026-08-06
E0907,Ciencia de Datos,6,22,Mujer,15.1,8.0,60,TransMilenio,3,4,2,2.9,Frecuentemente,4,,Presencial,3.04,2026-08-09
E0908,Administración,4,19,Hombre,13.0,7.7,89,Bus,5,3,4,3.0,Nunca,4,Ingeniería de datos,Presencial,3.51,2026-08-03
E0909,Administración,2,20,Mujer,20.6,6.2,62,Caminando,5,3,1,5.9,A veces,3,No estoy seguro,Presencial,3.74,2026-08-21
E0910,Ingeniería de Sistemas,2,19,Hombre,15.8,5.8,71,Caminando,4,4,2,0,A veces,3,IA y ML,Presencial,3.78,2026-08-05
E0911,Economía,5,22,Prefiere no responder,11.8,8.0,65,Carro,3,5,4,2.2,A veces,2,Visualización,Presencial,3.13,2026-08-14
E0912,Ciencia de Datos,4,20,Prefiere no responder,22.7,6.9,22,Carro,3,5,4,9.8,A veces,4,Ciencia social computacional,Híbrida,3.31,2026-08-12
E0913,Economía,7,22,Mujer,21.3,6.2,35,Bus,5,4,3,9.0,Todos los días,3,Analítica de negocio,Presencial,3.01,2026-08-01
E0914,Diseño,6,19,Hombre,29.2,6.1,53,Carro,4,4,4,3.7,A veces,3,No estoy seguro,Presencial,3.34,2026-08-16
E0915,Diseño,4,20,Hombre,14.1,5.7,20,TransMilenio,4,2,2,12.2,Todos los días,3,IA y ML,Presencial,3.05,2026-08-04
E0916,Administración,4,22,Hombre,9.9,5.4,4,Carro,3,3,3,5.7,Todos los días,1,Analítica de negocio,Híbrida,3.6,2026-08-13
E0917,Economía,2,16,Mujer,1.2,5.6,55,TransMilenio,4,4,4,11.4,Frecuentemente,4,No estoy seguro,Presencial,3.72,2026-08-02
E0918,Ingeniería Industrial,2,20,Hombre,15.2,8.5,72,Carro,4,3,3,11.5,A veces,2,Visualización,Presencial,3.44,2026-08-12
E0919,Economía,4,21,Mujer,12.4,5.9,60,Moto,4,4,3,20.9,Frecuentemente,1,IA y ML,Híbrida,3.63,2026-08-14
E0920,Ingeniería de Sistemas,2,23,Mujer,17.2,8.5,56,TransMilenio,3,5,3,4.9,Todos los días,2,Analítica de negocio,Presencial,3.47,2026-08-08
E0921,Ciencia de Datos,1,19,Mujer,13.6,8.5,51,Bus,4,5,5,8.6,A veces,3,IA y ML,Presencial,3.34,2026-08-02
E0922,Ciencia de Datos,3,22,Hombre,12.9,7.3,63,TransMilenio,4,3,5,7.1,Frecuentemente,3,Analítica de negocio,Presencial,3.63,2026-08-01
E0923,Ciencia de Datos,5,24,Mujer,7.2,8.6,0,Carro,3,4,3,14.8,Todos los días,4,IA y ML,Presencial,3.22,2026-08-16
E0924,Psicología,4,23,Mujer,24.5,5.1,14,Bus,5,3,3,3.7,Todos los días,2,IA y ML,Híbrida,3.56,2026-08-03
E0925,Ciencia de Datos,5,22,Mujer,17.4,8.3,71,Bus,3,4,0,11.8,Frecuentemente,3,Analítica de negocio,Híbrida,4.14,2026-08-17
E0926,Ciencia de Datos,9,25,Hombre,27.8,6.8,77,TransMilenio,5,2,3,8.8,Todos los días,3,Analítica de negocio,Presencial,4.09,2026-08-05
E0927,Diseño,4,20,Mujer,20.9,8.9,75,Carro,4,4,0,0,Frecuentemente,3,No estoy seguro,Presencial,4.0,2026-08-07
E0928,Ingeniería Industrial,3,19,Hombre,22.9,6.7,52,Caminando,4,4,3,9.5,Frecuentemente,2,IA y ML,Híbrida,3.14,2026-08-20
E0929,Administración,7,21,Mujer,18.9,6.2,0,Moto,5,3,4,9.3,Todos los días,2,Analítica de negocio,Presencial,3.39,2026-08-21
E0930,Administración,4,18,Mujer,15.6,6.2,56,Caminando,5,3,3,10.5,Todos los días,3,Analítica de negocio,Híbrida,3.29,2026-08-07
E0931,Administración,6,20,Hombre,14.2,6.1,55,Carro,4,3,0,7.6,Frecuentemente,2,IA y ML,Presencial,3.77,2026-08-09
E0932,Diseño,3,20,Hombre,5.4,5.8,69,Carro,5,5,2,6.5,Todos los días,2,IA y ML,Presencial,3.53,2026-08-09
E0933,Administración,3,19,Mujer,19.3,5.2,87,Moto,5,3,1,9.6,Frecuentemente,3,IA y ML,Presencial,3.11,2026-08-04
E0934,Ciencia de Datos,4,23,Hombre,21.6,8.9,64,TransMilenio,4,4,5,15.2,Todos los días,3,IA y ML,Presencial,3.35,2026-08-02
E0935,Administración,5,21,Hombre,25.9,7.0,29,TransMilenio,5,4,2,3.8,Frecuentemente,2,Ciencia social computacional,Presencial,3.57,2026-08-03
E0936,Administración,4,21,Mujer,21.4,8.2,69,Caminando,4,5,3,17.7,Frecuentemente,3,IA y ML,Híbrida,3.13,2026-08-18
E0937,Economía,4,22,Hombre,7.6,6.0,54,TransMilenio,4,4,2,10.2,A veces,2,Analítica de negocio,Híbrida,4.01,2026-08-19
E0938,Ingeniería Industrial,2,20,Hombre,9.9,7.9,61,Caminando,3,5,6,12.4,A veces,1,Ingeniería de datos,Presencial,4.0,2026-08-08
E0939,Psicología,6,22,Mujer,10.4,7.8,71,Carro,3,5,3,5.0,A veces,4,Analítica de negocio,Presencial,3.24,2026-08-19
E0940,Economía,3,19,Mujer,18.4,7.6,54,Bus,2,4,1,7.0,Todos los días,2,Ingeniería de datos,Presencial,3.42,2026-08-12
E0941,Administración,2,20,Hombre,3.6,6.1,89,TransMilenio,4,4,2,13.1,A veces,1,No estoy seguro,Presencial,2.67,2026-08-06
E0942,Ingeniería de Sistemas,2,19,Hombre,16.3,7.1,0,Carro,5,3,3,4.1,Frecuentemente,4,Visualización,Presencial,3.41,2026-08-03
E0943,Economía,5,22,Hombre,18.0,6.5,27,Carro,3,4,5,0.6,A veces,1,IA y ML,Presencial,3.83,2026-08-19
E0944,Ciencia de Datos,3,23,Prefiere no responder,18.1,8.0,22,Bus,4,4,0,6.2,A veces,4,Analítica de negocio,Presencial,3.53,2026-08-01
E0945,Diseño,6,24,Mujer,22.8,5.6,97,TransMilenio,5,2,5,11.1,Todos los días,2,Analítica de negocio,Presencial,3.85,2026-08-16
E0946,Psicología,7,18,Hombre,19.5,8.2,14,TransMilenio,4,4,1,0.9,Frecuentemente,3,Analítica de negocio,Presencial,3.87,2026-08-14
E0947,Ciencia de Datos,6,21,Hombre,18.7,6.7,97,Moto,5,3,0,9.7,A veces,4,IA y ML,Presencial,2.89,2026-08-03
E0948,Ingeniería Industrial,5,18,Mujer,21.5,5.4,104,Caminando,4,4,3,9.1,Frecuentemente,3,Ingeniería de datos,Presencial,3.07,2026-08-16
E0949,Ingeniería Industrial,2,16,Mujer,4.6,6.9,29,TransMilenio,3,4,2,4.4,Frecuentemente,2,Visualización,Híbrida,3.21,2026-08-09
E0950,Ingeniería Industrial,4,20,Hombre,16.9,8.0,73,Bicicleta,5,3,3,11.1,Frecuentemente,3,Ciencia social computacional,Presencial,4.06,2026-08-11
E0951,Ciencia de Datos,2,21,Hombre,14.8,7.5,29,Moto,4,4,0,3.6,Todos los días,4,IA y ML,Híbrida,3.74,2026-08-13
E0952,Diseño,6,24,Hombre,17.8,5.7,64,TransMilenio,4,3,2,12.9,A veces,2,Ciencia social computacional,Presencial,3.61,2026-08-21
E0953,Psicología,3,24,Hombre,14.4,7.2,78,Bicicleta,2,4,4,8.0,Todos los días,3,IA y ML,Presencial,3.62,2026-08-02
E0954,Ingeniería de Sistemas,4,19,Mujer,24.5,5.5,54,Bicicleta,4,3,3,7.0,Nunca,5,No estoy seguro,Presencial,3.86,2026-08-01
E0955,Ciencia de Datos,5,19,Mujer,11.1,7.7,70,Bus,5,3,0,4.2,A veces,5,No estoy seguro,Presencial,4.07,2026-08-05
E0956,Ciencia de Datos,4,23,Hombre,10.8,5.4,108,TransMilenio,5,3,2,6.6,A veces,2,No estoy seguro,Híbrida,3.75,2026-08-12
E0957,Psicología,2,17,Mujer,9.1,6.0,74,Moto,4,3,3,6.0,Frecuentemente,1,Visualización,Híbrida,3.18,2026-08-12
E0958,Economía,1,21,Hombre,8.9,9.4,76,TransMilenio,3,4,2,14.5,A veces,3,IA y ML,Presencial,3.54,2026-08-02
E0959,Diseño,2,20,Hombre,14.3,6.6,14,Caminando,4,5,1,5.3,Todos los días,4,No estoy seguro,Presencial,3.45,2026-08-12
E0960,Economía,2,19,Mujer,15.6,7.8,,Bus,4,4,5,8.8,Todos los días,4,IA y ML,Presencial,3.34,2026-08-15
E0961,Ingeniería de Sistemas,7,23,Mujer,15.4,6.9,33,Moto,3,4,1,7.2,Todos los días,5,Analítica de negocio,Presencial,3.92,2026-08-13
E0962,Administración,4,22,Mujer,12.3,7.3,74,TransMilenio,2,5,2,10.8,A veces,2,IA y ML,Presencial,3.94,2026-08-21
E0963,Ciencia de Datos,7,21,Mujer,20.9,6.0,59,Bicicleta,4,4,3,11.5,Frecuentemente,3,Analítica de negocio,Presencial,3.54,2026-08-14
E0964,Ingeniería de Sistemas,1,19,Hombre,16.2,7.7,67,TransMilenio,5,5,2,13.7,Todos los días,4,Ciencia social computacional,Virtual,3.32,2026-08-18
E0965,Administración,2,19,Hombre,15.5,7.4,48,TransMilenio,3,4,4,10.8,Frecuentemente,2,IA y ML,Presencial,3.47,2026-08-12
E0966,Ingeniería de Sistemas,2,21,Mujer,17.1,8.1,58,TransMilenio,3,4,2,10.5,Frecuentemente,3,Analítica de negocio,Virtual,3.61,2026-08-04
E0967,Economía,2,18,Mujer,19.8,6.3,78,Bus,5,4,3,9.4,A veces,3,Analítica de negocio,Presencial,3.24,2026-08-19
E0968,Diseño,6,20,Prefiere no responder,16.0,7.5,89,Bus,3,4,3,1.6,Todos los días,1,Ingeniería de datos,Híbrida,3.68,2026-08-03
E0969,Ingeniería de Sistemas,1,22,Hombre,2.8,6.0,59,Moto,3,4,3,12.5,A veces,4,Ciencia social computacional,Presencial,3.63,2026-08-20
E0970,Ingeniería Industrial,5,24,Prefiere no responder,26.5,8.3,103,TransMilenio,5,4,5,7.3,Frecuentemente,4,Ciencia social computacional,Presencial,3.43,2026-08-12
E0971,Economía,3,17,Hombre,14.5,5.4,80,Moto,5,3,5,12.4,A veces,4,Analítica de negocio,Presencial,3.72,2026-08-04
E0972,Ingeniería Industrial,3,20,Hombre,13.7,7.2,61,Bus,4,4,4,13.9,Frecuentemente,2,IA y ML,Híbrida,3.94,2026-08-15
E0973,Ingeniería de Sistemas,2,21,Hombre,15.7,8.5,36,Moto,2,5,4,13.1,Nunca,1,Analítica de negocio,Híbrida,4.5,2026-08-19
E0974,Administración,5,20,Hombre,17.0,6.7,106,Bicicleta,4,4,2,9.7,Frecuentemente,3,IA y ML,Presencial,3.29,2026-08-17
E0975,Ciencia de Datos,1,21,No binario,0.5,8.1,0,Caminando,4,5,3,6.3,Frecuentemente,4,Ciencia social computacional,Presencial,3.7,2026-08-09
E0976,Ingeniería Industrial,5,26,Mujer,20.7,7.1,75,Bicicleta,4,3,2,11.0,Frecuentemente,3,No estoy seguro,Presencial,3.77,2026-08-14
E0977,Diseño,5,22,Mujer,18.7,7.8,86,Bus,5,3,1,7.6,Frecuentemente,3,No estoy seguro,Presencial,3.92,2026-08-16
E0978,Psicología,3,18,Mujer,10.6,6.2,32,Carro,4,2,2,2.5,Frecuentemente,2,Visualización,Híbrida,3.49,2026-08-05
E0979,Administración,5,21,Mujer,28.6,6.4,39,TransMilenio,4,4,7,9.2,Frecuentemente,3,IA y ML,Presencial,3.36,2026-08-16
E0980,Ingeniería de Sistemas,6,20,Mujer,24.8,5.4,61,Caminando,4,4,2,12.0,Frecuentemente,5,IA y ML,Híbrida,3.18,2026-08-21
E0981,Ingeniería Industrial,5,26,Mujer,2.0,5.8,48,Bicicleta,4,4,1,9.6,Todos los días,2,IA y ML,Presencial,3.14,2026-08-01
E0982,Economía,4,24,Hombre,10.6,6.7,63,Bus,4,3,1,16.7,Frecuentemente,1,IA y ML,Híbrida,3.75,2026-08-08
E0983,Ciencia de Datos,5,20,Mujer,18.7,5.7,65,TransMilenio,5,4,2,6.2,Frecuentemente,3,IA y ML,Híbrida,3.55,2026-08-04
E0984,Ingeniería Industrial,5,21,Hombre,21.8,7.9,64,TransMilenio,4,4,5,6.7,Nunca,1,IA y ML,Híbrida,3.57,2026-08-12
E0985,Diseño,4,21,Mujer,14.1,6.8,73,TransMilenio,4,3,6,6.6,A veces,5,No estoy seguro,Híbrida,3.41,2026-08-21
E0986,Diseño,7,21,Mujer,19.7,8.6,40,Moto,3,4,2,10.4,Frecuentemente,4,Visualización,Presencial,4.32,2026-08-14
E0987,Ingeniería de Sistemas,3,21,Mujer,24.6,8.2,47,Bicicleta,4,4,0,11.8,Nunca,1,,Presencial,3.47,2026-08-02
E0988,Ciencia de Datos,2,21,Hombre,11.2,6.9,42,TransMilenio,2,5,3,12.8,Frecuentemente,4,Ciencia social computacional,Híbrida,3.96,2026-08-07
E0989,Administración,1,18,Mujer,25.1,6.9,58,Carro,5,3,3,8.2,Frecuentemente,2,Visualización,Presencial,3.49,2026-08-08
E0990,Ingeniería Industrial,1,18,Mujer,0,8.0,26,TransMilenio,3,5,1,3.2,A veces,2,Visualización,Presencial,3.16,2026-08-01
E0991,Ingeniería Industrial,6,19,Hombre,19.4,6.2,43,Bus,5,4,3,11.7,Todos los días,3,Visualización,Presencial,3.11,2026-08-16
E0992,Administración,4,22,Mujer,20.9,7.4,30,TransMilenio,4,4,5,11.5,Todos los días,3,No estoy seguro,Presencial,3.59,2026-08-21
E0993,Psicología,2,16,Hombre,16.3,5.7,94,Carro,4,4,4,9.5,A veces,4,IA y ML,Virtual,4.28,2026-08-05
E0994,Ciencia de Datos,3,22,Mujer,22.7,7.9,76,TransMilenio,5,4,2,2.0,A veces,5,Ingeniería de datos,Presencial,2.72,2026-08-12
E0995,Ingeniería de Sistemas,1,21,Hombre,16.9,,19,TransMilenio,3,5,1,1.4,Nunca,4,Ingeniería de datos,Presencial,3.51,2026-08-16
E0996,Ingeniería Industrial,7,22,Hombre,19.2,6.9,88,TransMilenio,5,4,5,14.5,Nunca,3,Ingeniería de datos,Presencial,3.28,2026-08-10
E0997,Economía,4,24,Hombre,15.1,7.1,46,TransMilenio,3,4,5,11.4,Frecuentemente,1,Analítica de negocio,Presencial,3.54,2026-08-19
E0998,Administración,3,19,Mujer,10.9,5.7,34,Carro,3,5,1,6.1,Frecuentemente,3,Ciencia social computacional,Híbrida,3.27,2026-08-01
E0999,Ingeniería Industrial,3,20,Mujer,9.6,6.0,89,TransMilenio,5,3,6,1.8,A veces,2,No estoy seguro,Presencial,2.78,2026-08-13
E1000,Ciencia de Datos,3,22,Mujer,13.6,5.2,78,TransMilenio,5,2,3,11.7,A veces,4,Analítica de negocio,Presencial,2.89,2026-08-17
E1001,Ingeniería de Sistemas,1,19,Mujer,20.1,5.2,92,Caminando,5,3,1,9.1,Frecuentemente,4,Analítica de negocio,Presencial,3.82,2026-08-19
E1002,Economía,3,20,Mujer,17.9,7.2,59,Caminando,4,3,0,16.9,Frecuentemente,1,Visualización,Presencial,3.74,2026-08-01
E1003,Ciencia de Datos,6,21,Mujer,9.6,6.4,28,Bus,4,3,3,12.0,A veces,3,No estoy seguro,Presencial,3.58,2026-08-11
E1004,Ciencia de Datos,4,19,Hombre,19.2,6.6,53,Bicicleta,5,3,0,0.9,A veces,5,Ingeniería de datos,Presencial,3.74,2026-08-13
E1005,Ingeniería Industrial,5,24,Hombre,16.8,6.3,42,TransMilenio,5,3,3,4.2,Todos los días,5,Ingeniería de datos,Híbrida,3.09,2026-08-19
E1006,Administración,2,18,Mujer,10.9,6.6,34,Moto,4,3,4,7.0,A veces,2,Ciencia social computacional,Presencial,2.83,2026-08-04
E1007,Ingeniería de Sistemas,6,21,Hombre,19.0,8.2,66,Bus,3,5,6,10.7,Frecuentemente,3,,Presencial,3.55,2026-08-02
E1008,Economía,3,19,Hombre,15.3,6.8,33,Carro,4,3,4,4.6,Todos los días,3,No estoy seguro,Virtual,3.58,2026-08-19
E1009,Ingeniería de Sistemas,5,22,Hombre,18.0,5.8,35,Bus,5,3,5,4.7,Frecuentemente,4,IA y ML,Híbrida,3.41,2026-08-10
E1010,Ingeniería Industrial,4,19,Hombre,18.3,7.6,83,Carro,4,4,3,4.4,A veces,4,Visualización,Híbrida,3.93,2026-08-12
E1011,Ingeniería de Sistemas,3,19,Hombre,8.0,5.7,87,Bus,4,4,0,0.7,A veces,2,Analítica de negocio,Presencial,3.23,2026-08-13
E1012,Ingeniería Industrial,5,25,Hombre,23.1,7.4,58,Caminando,5,4,5,5.1,Nunca,3,Analítica de negocio,Presencial,3.86,2026-08-07
E1013,Economía,5,21,Mujer,11.8,6.3,34,Bus,3,5,0,15.4,Todos los días,3,Ingeniería de datos,Presencial,3.77,2026-08-09
E1014,Ingeniería de Sistemas,2,19,Hombre,13.3,6.2,19,Moto,3,4,1,9.1,Nunca,4,IA y ML,Presencial,3.73,2026-08-12
E1015,Psicología,6,25,Hombre,17.6,7.7,72,Bicicleta,5,4,0,8.5,Todos los días,3,Ingeniería de datos,Presencial,3.63,2026-08-13
E1016,Economía,5,22,Mujer,19.8,7.4,55,Bus,3,5,5,14.5,Frecuentemente,1,Analítica de negocio,Presencial,4.11,2026-08-16
E1017,Economía,2,22,Mujer,14.2,6.4,40,TransMilenio,4,5,0,7.7,A veces,1,Visualización,Presencial,3.52,2026-08-05
E1018,Ciencia de Datos,7,20,Hombre,18.2,7.3,3,Caminando,4,4,2,8.8,A veces,4,No estoy seguro,Presencial,3.31,2026-08-14
E1019,Diseño,4,24,Mujer,16.8,6.5,87,Bicicleta,4,4,4,13.7,Frecuentemente,4,No estoy seguro,Híbrida,3.76,2026-08-18
E1020,Ingeniería Industrial,4,22,Hombre,12.1,6.4,,Bus,4,4,2,9.2,Todos los días,3,Analítica de negocio,Presencial,3.09,2026-08-09
E1021,Diseño,4,20,Mujer,16.4,7.5,0,Caminando,3,4,3,10.5,Frecuentemente,3,Visualización,Presencial,3.34,2026-08-14
E1022,Administración,6,22,Hombre,16.8,7.2,50,Caminando,5,3,2,1.1,Todos los días,2,Visualización,Presencial,3.29,2026-08-09
E1023,Economía,5,23,Hombre,18.1,5.8,59,Bus,5,3,3,8.6,A veces,4,Analítica de negocio,Presencial,3.56,2026-08-13
E1024,Economía,5,21,Hombre,13.6,5.2,99,Caminando,5,3,1,7.2,Todos los días,2,No estoy seguro,Presencial,3.57,2026-08-17
E1025,Diseño,1,19,Hombre,19.2,7.0,53,Bus,4,3,0,7.5,Frecuentemente,2,Analítica de negocio,Híbrida,3.32,2026-08-06
E1026,Ingeniería de Sistemas,4,20,Hombre,13.6,6.2,38,TransMilenio,5,5,0,9.0,A veces,3,Analítica de negocio,Híbrida,3.46,2026-08-12
E1027,Ingeniería de Sistemas,5,23,Mujer,11.5,7.9,,TransMilenio,4,3,6,11.9,Nunca,3,Visualización,Presencial,3.27,2026-08-08
E1028,Ingeniería de Sistemas,2,17,Mujer,16.2,5.5,,Bicicleta,4,2,4,9.2,A veces,3,Ingeniería de datos,Presencial,3.77,2026-08-04
E1029,Ciencia de Datos,4,19,Hombre,17.4,6.7,3,TransMilenio,3,4,2,6.9,A veces,3,No estoy seguro,Presencial,4.04,2026-08-17
E1030,Economía,5,23,Hombre,11.7,7.6,26,Carro,4,4,6,8.5,A veces,2,IA y ML,Presencial,3.83,2026-08-10
E1031,Administración,5,19,Mujer,12.0,7.6,0,Bus,3,4,3,7.1,Frecuentemente,3,Analítica de negocio,Presencial,3.85,2026-08-10
E1032,Administración,3,21,Mujer,19.3,6.7,69,Carro,4,3,3,9.4,A veces,2,Analítica de negocio,Presencial,3.64,2026-08-18
E1033,Ingeniería Industrial,5,21,Hombre,6.2,,58,TransMilenio,2,4,3,12.7,Frecuentemente,4,Visualización,Presencial,3.09,2026-08-21
E1034,Ciencia de Datos,3,20,Hombre,12.8,8.6,72,Bus,5,4,3,8.0,Nunca,5,Visualización,Presencial,3.29,2026-08-13
E1035,Ciencia de Datos,5,22,Mujer,19.1,6.2,97,Carro,4,4,3,4.8,Todos los días,1,Ingeniería de datos,Presencial,3.09,2026-08-02
E1036,Ingeniería de Sistemas,3,18,Hombre,14.1,7.0,0,Caminando,4,5,5,2.9,Frecuentemente,5,No estoy seguro,Presencial,3.17,2026-08-16
E1037,Ingeniería de Sistemas,4,18,Hombre,26.9,5.3,92,Bicicleta,5,4,4,7.9,Todos los días,5,IA y ML,Virtual,3.66,2026-08-06
E1038,Ingeniería Industrial,6,22,Mujer,26.0,5.8,44,Moto,5,4,2,1.4,Nunca,1,Ciencia social computacional,Híbrida,3.58,2026-08-01
E1039,Ingeniería de Sistemas,6,20,Mujer,27.5,7.2,43,TransMilenio,3,3,0,0.7,Frecuentemente,3,IA y ML,Presencial,4.1,2026-08-14
E1040,Ciencia de Datos,6,24,Mujer,14.4,5.8,32,Carro,4,5,1,11.9,Frecuentemente,5,Ingeniería de datos,Presencial,3.43,2026-08-13
E1041,Ingeniería Industrial,6,21,Mujer,23.9,8.4,41,Bus,4,4,5,1.1,A veces,1,Analítica de negocio,Presencial,3.54,2026-08-01
E1042,Administración,1,19,Hombre,1.7,6.2,33,Carro,4,5,0,13.7,A veces,3,Analítica de negocio,Presencial,2.76,2026-08-01
E1043,Ingeniería de Sistemas,2,19,Hombre,14.0,7.8,25,Bus,3,5,4,10.8,Todos los días,2,IA y ML,Presencial,3.51,2026-08-21
E1044,Ingeniería Industrial,6,20,Hombre,22.9,7.5,69,Bicicleta,4,4,2,14.6,A veces,1,No estoy seguro,Presencial,3.22,2026-08-06
E1045,Ciencia de Datos,4,20,Mujer,17.9,6.8,23,Caminando,5,4,3,6.8,A veces,5,IA y ML,Presencial,3.07,2026-08-18
E1046,Ciencia de Datos,3,20,Hombre,13.9,6.3,22,TransMilenio,3,4,4,2.8,A veces,2,IA y ML,Presencial,4.23,2026-08-15
E1047,Administración,4,20,Mujer,12.6,5.6,54,Carro,4,4,1,7.7,Todos los días,2,Analítica de negocio,Presencial,2.81,2026-08-07
E1048,Administración,3,23,Hombre,14.2,6.6,,TransMilenio,4,2,5,5.1,Frecuentemente,4,Ciencia social computacional,Presencial,3.99,2026-08-21
E1049,Administración,1,21,mujer,14.6,9.0,28,TransMilenio,5,4,3,1.9,Todos los días,3,Visualización,Híbrida,3.69,2026-08-10
E1050,Psicología,2,17,Mujer,20.9,,75,Carro,5,3,5,5.0,A veces,3,IA y ML,Presencial,3.35,2026-08-21
E1051,Economía,3,23,Mujer,11.1,8.7,44,Bicicleta,4,4,4,5.9,Todos los días,3,Ciencia social computacional,Presencial,3.4,2026-08-03
E1052,Psicología,6,21,Mujer,27.2,7.7,97,Caminando,5,4,1,11.4,Todos los días,3,Ingeniería de datos,Presencial,3.63,2026-08-21
E1053,Ciencia de Datos,6,21,Mujer,17.6,8.1,47,Carro,3,4,1,7.4,Frecuentemente,4,IA y ML,Híbrida,4.09,2026-08-04
E1054,Ingeniería de Sistemas,7,24,Mujer,19.0,7.1,57,Bus,5,4,4,8.8,Nunca,3,Visualización,Híbrida,3.58,2026-08-21
E1055,Ingeniería Industrial,4,19,Hombre,15.2,5.1,37,Caminando,5,4,4,4.5,Frecuentemente,1,IA y ML,Híbrida,3.19,2026-08-08
E1056,Ingeniería de Sistemas,3,19,Mujer,14.5,7.0,63,Bicicleta,4,3,0,1.1,Todos los días,3,Visualización,Presencial,3.51,2026-08-06
E1057,Administración,2,19,Mujer,10.7,6.8,44,TransMilenio,5,3,1,12.2,A veces,4,Ciencia social computacional,Presencial,3.21,2026-08-17
E1058,Ciencia de Datos,5,18,Mujer,16.7,6.6,35,TransMilenio,4,4,0,9.0,Todos los días,3,No estoy seguro,Virtual,3.3,2026-08-08
E1059,Ingeniería Industrial,2,21,Hombre,20.1,6.1,0,Bus,5,3,1,9.3,A veces,1,Visualización,Presencial,3.01,2026-08-18
E1060,Diseño,4,22,Mujer,9.2,7.2,59,Carro,3,4,2,14.1,A veces,2,Visualización,Presencial,3.08,2026-08-20
E1061,Administración,2,19,Hombre,21.5,5.8,71,Bicicleta,4,3,4,14.4,Todos los días,2,IA y ML,Presencial,3.11,2026-08-18
E1062,Economía,5,24,Hombre,11.1,7.2,31,Carro,3,3,2,9.0,Nunca,2,Analítica de negocio,Virtual,3.87,2026-08-11
E1063,Administración,5,18,Mujer,6.3,6.9,24,Carro,3,5,4,6.7,Frecuentemente,2,Ciencia social computacional,Híbrida,3.49,2026-08-08
E1064,Economía,4,24,Mujer,15.5,7.6,43,TransMilenio,4,3,0,2.2,Todos los días,2,IA y ML,Presencial,3.09,2026-08-15
E1065,Economía,3,21,Hombre,21.8,6.4,61,TransMilenio,5,4,1,1.1,Frecuentemente,3,Visualización,Híbrida,3.54,2026-08-07
E1066,Ciencia de Datos,1,17,Mujer,18.7,5.6,29,TransMilenio,5,5,4,11.5,Frecuentemente,5,Analítica de negocio,Presencial,3.84,2026-08-14
E1067,Ciencia de Datos,6,23,Hombre,21.8,,50,Bus,5,4,1,7.2,Nunca,3,Analítica de negocio,Presencial,3.47,2026-08-13
E1068,Administración,2,21,Mujer,18.8,6.1,88,Bus,5,4,3,6.5,Nunca,2,No estoy seguro,Híbrida,3.65,2026-08-14
E1069,Ciencia de Datos,3,19,Hombre,19.6,7.3,32,Carro,4,3,2,8.6,A veces,3,IA y ML,Virtual,3.23,2026-08-17
E1070,Diseño,2,18,Mujer,14.8,,84,Moto,3,4,2,11.0,A veces,4,IA y ML,Híbrida,3.88,2026-08-14
E1071,Ciencia de Datos,6,20,Hombre,23.3,6.6,72,Caminando,4,4,2,8.7,A veces,3,IA y ML,Presencial,3.58,2026-08-16
E1072,Psicología,4,22,Mujer,16.6,5.0,83,Bus,5,4,2,3.9,Frecuentemente,1,Ciencia social computacional,Híbrida,3.07,2026-08-19
E1073,Ingeniería de Sistemas,4,19,Mujer,12.7,5.2,31,Moto,4,4,1,10.5,Todos los días,5,No estoy seguro,Presencial,3.36,2026-08-12
E1074,Ciencia de Datos,1,18,Hombre,3.1,5.1,38,TransMilenio,3,4,3,8.0,Todos los días,4,No estoy seguro,Híbrida,2.42,2026-08-13
E1075,Administración,5,18,Hombre,22.1,7.0,61,Carro,5,4,3,3.7,Frecuentemente,2,No estoy seguro,Presencial,3.57,2026-08-16
E1076,Ingeniería de Sistemas,6,22,Hombre,16.5,5.8,28,TransMilenio,5,3,4,0.6,Todos los días,4,IA y ML,Presencial,3.5,2026-08-06
E1077,Psicología,4,20,Hombre,19.0,6.4,58,Carro,4,4,3,7.8,Nunca,3,Ingeniería de datos,Presencial,3.08,2026-08-04
E1078,Economía,2,20,Hombre,18.7,7.6,18,TransMilenio,3,4,5,11.8,A veces,3,Visualización,Presencial,3.26,2026-08-18
E1079,Ingeniería de Sistemas,4,16,Hombre,13.1,6.6,57,Bus,4,4,4,7.4,Todos los días,4,Ingeniería de datos,Presencial,3.28,2026-08-20
E1080,Ciencia de Datos,4,21,Mujer,21.5,6.6,34,Bus,5,4,2,5.5,Todos los días,4,Visualización,Híbrida,3.56,2026-08-08
E1081,Ingeniería de Sistemas,5,18,Mujer,13.9,7.6,45,Bus,4,3,3,12.5,A veces,4,No estoy seguro,Presencial,4.08,2026-08-07
E1082,Economía,4,23,Mujer,21.3,6.4,57,TransMilenio,4,4,5,9.4,Todos los días,2,IA y ML,Presencial,3.24,2026-08-09
E1083,Ingeniería Industrial,7,21,Hombre,25.0,3.6,65,Caminando,5,4,2,10.9,A veces,3,IA y ML,Virtual,3.56,2026-08-10
E1084,Diseño,1,20,Mujer,72.0,7.7,68,TransMilenio,4,5,3,9.8,Todos los días,4,IA y ML,Presencial,3.24,2026-08-15
E1085,Administración,3,20,Hombre,16.2,7.5,36,TransMilenio,3,5,2,12.4,Frecuentemente,3,Ingeniería de datos,Presencial,3.78,2026-08-12
E1086,Administración,4,19,Mujer,21.7,7.3,55,Carro,5,5,0,5.7,Nunca,3,Analítica de negocio,Híbrida,3.18,2026-08-10
E1087,Administración,5,18,Mujer,8.4,6.3,80,Bus,3,4,4,9.0,Frecuentemente,3,Analítica de negocio,Presencial,3.14,2026-08-18
E1088,Psicología,4,21,Mujer,16.0,6.4,104,TransMilenio,4,4,0,11.9,Frecuentemente,4,No estoy seguro,Presencial,3.23,2026-08-20
E1089,Psicología,1,17,Hombre,17.5,6.9,48,Bus,5,4,2,11.7,Frecuentemente,3,Analítica de negocio,Presencial,3.82,2026-08-06
E1090,Ciencia de Datos,7,24,Hombre,27.6,7.3,46,TransMilenio,4,4,3,10.9,Nunca,5,IA y ML,Presencial,3.77,2026-08-13
E1091,Ingeniería de Sistemas,2,18,Mujer,4.9,6.7,41,TransMilenio,3,4,3,1.6,Nunca,3,Visualización,Híbrida,3.48,2026-08-16
E1092,Ingeniería Industrial,5,18,Hombre,20.3,8.0,40,Bus,4,4,6,8.5,A veces,1,IA y ML,Híbrida,3.49,2026-08-18
E1093,Ingeniería de Sistemas,6,22,Mujer,25.9,7.0,72,TransMilenio,4,4,4,13.1,A veces,2,Analítica de negocio,Híbrida,3.54,2026-08-03
E1094,Economía,4,19,Mujer,14.6,5.4,52,Moto,4,5,3,11.0,Todos los días,4,Analítica de negocio,Presencial,3.37,2026-08-14
E1095,Ingeniería de Sistemas,2,20,Hombre,10.5,6.5,69,Bus,4,3,4,12.3,A veces,4,Ingeniería de datos,Presencial,3.71,2026-08-03
E1096,Economía,6,22,Mujer,21.0,4.9,73,TransMilenio,5,3,2,8.5,A veces,3,Ingeniería de datos,Híbrida,3.11,2026-08-15
E1097,Ingeniería Industrial,6,20,Mujer,13.5,8.9,68,TransMilenio,5,4,4,13.5,Todos los días,4,Visualización,Presencial,3.07,2026-08-03
E1098,Economía,3,21,Mujer,0.8,8.2,57,Caminando,3,4,2,9.0,Nunca,2,IA y ML,Presencial,3.42,2026-08-17
E1099,Ciencia de Datos,5,22,Hombre,20.6,6.5,82,Moto,4,4,2,9.0,Todos los días,4,No estoy seguro,Presencial,4.06,2026-08-14
E1100,Administración,4,21,Hombre,26.4,8.2,28,TransMilenio,4,2,3,10.5,A veces,1,No estoy seguro,Presencial,4.13,2026-08-01
E1101,Ciencia de Datos,5,22,Mujer,15.6,5.3,124,TransMilenio,5,4,1,1.8,Nunca,5,No estoy seguro,Presencial,3.43,2026-08-04
E1102,Administración,5,23,No binario,21.8,4.8,,Bus,5,3,1,10.2,Frecuentemente,2,IA y ML,Virtual,3.46,2026-08-20
E1103,Diseño,5,20,Hombre,6.9,6.7,58,Bus,3,4,3,11.0,Nunca,3,Analítica de negocio,Híbrida,3.47,2026-08-19
E1104,Ingeniería de Sistemas,2,19,Mujer,17.1,8.0,13,TransMilenio,3,5,3,4.6,A veces,4,Ciencia social computacional,Presencial,3.76,2026-08-09
E1105,Economía,4,20,Mujer,16.6,6.7,17,Caminando,5,3,2,12.0,Frecuentemente,4,Ciencia social computacional,Presencial,3.57,2026-08-08
E1106,Ciencia de Datos,4,20,Mujer,12.9,6.2,8,Bus,5,3,2,3.0,A veces,4,No estoy seguro,Presencial,2.93,2026-08-01
E1107,Ingeniería Industrial,5,22,Mujer,26.0,7.7,39,Bicicleta,5,5,4,7.8,Frecuentemente,3,IA y ML,Presencial,3.98,2026-08-08
E1108,Ingeniería de Sistemas,3,22,Hombre,20.6,4.9,107,Transmilenio,5,4,4,10.5,Frecuentemente,2,IA y ML,Presencial,2.85,2026-08-09
E1109,Ciencia de Datos,5,21,Hombre,19.1,6.2,52,TransMilenio,4,4,0,7.0,Frecuentemente,3,No estoy seguro,Híbrida,3.63,2026-08-12
E1110,Economía,3,18,Mujer,9.2,6.5,51,Carro,4,3,3,4.9,A veces,3,IA y ML,Presencial,3.35,2026-08-08
E1111,Ingeniería Industrial,4,21,Hombre,19.8,7.8,72,Bicicleta,3,3,3,7.4,A veces,2,IA y ML,Presencial,3.34,2026-08-17
E1112,Ciencia de Datos,5,17,Mujer,7.5,7.9,26,Caminando,1,4,3,13.8,A veces,4,IA y ML,Presencial,3.9,2026-08-14
E1113,Ingeniería de Sistemas,7,25,Mujer,19.5,6.9,,Bicicleta,3,3,4,10.9,A veces,4,No estoy seguro,Presencial,3.65,2026-08-13
E1114,Psicología,2,21,Mujer,22.9,9.7,73,Carro,4,3,4,5.6,Frecuentemente,4,Ingeniería de datos,Presencial,3.91,2026-08-14
E1115,Economía,6,23,Prefiere no responder,26.3,6.2,114,TransMilenio,4,4,3,5.3,A veces,3,IA y ML,Presencial,3.83,2026-08-02
E1116,Psicología,4,23,Hombre,14.2,7.3,42,Caminando,3,3,0,3.0,Frecuentemente,2,Visualización,Presencial,4.17,2026-08-01
E1117,Ingeniería Industrial,5,22,Hombre,18.4,6.9,57,TransMilenio,4,4,2,6.9,Frecuentemente,1,No estoy seguro,Presencial,3.06,2026-08-08
E1118,Economía,6,25,Mujer,14.3,6.4,48,Bus,5,2,2,12.4,A veces,4,Ciencia social computacional,Presencial,3.33,2026-08-14
E1119,Diseño,5,23,Hombre,13.5,8.2,62,Bicicleta,3,5,1,7.6,A veces,3,Analítica de negocio,Presencial,3.33,2026-08-09
E1120,Ciencia de Datos,4,22,Hombre,10.2,7.3,23,TransMilenio,3,4,3,4.3,Frecuentemente,5,Analítica de negocio,Presencial,3.46,2026-08-05
E1121,Ciencia de Datos,5,21,Mujer,23.5,7.2,72,TransMilenio,5,3,1,6.0,Frecuentemente,3,IA y ML,Presencial,3.21,2026-08-17
E1122,Ciencia de Datos,9,24,Hombre,27.4,,24,Bus,4,4,5,9.7,A veces,4,Visualización,Virtual,3.41,2026-08-15
E1123,Ciencia de Datos,2,19,Mujer,10.6,7.3,93,Bus,4,4,5,15.1,A veces,4,Analítica de negocio,Híbrida,3.74,2026-08-14
E1124,Economía,3,19,Hombre,17.5,5.9,66,Bus,5,4,1,1.1,Frecuentemente,5,Visualización,Presencial,2.97,2026-08-02
E1125,Economía,4,18,Mujer,15.7,7.0,0,Bicicleta,4,3,3,7.7,A veces,1,No estoy seguro,Presencial,3.49,2026-08-07
E1126,Economía,4,20,Mujer,10.8,5.7,58,Bus,4,3,4,14.7,Frecuentemente,3,Ciencia social computacional,Presencial,3.12,2026-08-06
E1127,Ingeniería de Sistemas,6,19,Mujer,18.1,6.3,47,Carro,4,4,3,12.1,A veces,4,No estoy seguro,Presencial,3.75,2026-08-14
E1128,Ciencia de Datos,5,21,Hombre,14.3,6.3,69,Caminando,3,5,4,9.0,A veces,2,IA y ML,Híbrida,3.67,2026-08-06
E1129,Ciencia de Datos,6,20,Prefiere no responder,28.3,6.7,147,Caminando,5,4,4,6.2,A veces,4,IA y ML,Presencial,2.97,2026-08-01
E1130,Psicología,5,21,Hombre,15.4,5.4,68,Caminando,4,2,2,10.7,A veces,3,No estoy seguro,Presencial,3.18,2026-08-08
E1131,Diseño,5,20,Hombre,18.7,5.9,54,Carro,5,4,2,0.4,A veces,4,IA y ML,Presencial,3.31,2026-08-18
E1132,Ingeniería Industrial,1,19,Hombre,9.4,,83,Moto,3,4,6,12.9,A veces,2,IA y ML,Virtual,3.71,2026-08-19
E1133,Administración,7,23,Hombre,12.1,7.2,66,TransMilenio,3,4,1,9.8,Frecuentemente,4,Ingeniería de datos,Presencial,3.5,2026-08-18
E1134,Ingeniería de Sistemas,4,21,Hombre,11.2,6.3,74,Caminando,5,4,1,0.0,Frecuentemente,4,IA y ML,Presencial,3.12,2026-08-03
E1135,Diseño,5,17,Hombre,17.6,7.1,50,TransMilenio,5,4,6,6.3,A veces,3,IA y ML,Presencial,3.41,2026-08-12
E1136,Diseño,4,21,Prefiere no responder,11.7,8.3,90,TransMilenio,3,5,2,0.1,A veces,2,Visualización,Presencial,3.81,2026-08-07
E1137,Economía,4,19,Hombre,15.3,7.5,85,TransMilenio,3,4,2,2.5,Todos los días,2,IA y ML,Presencial,3.84,2026-08-09
E1138,Ciencia de Datos,3,21,Hombre,14.0,6.9,24,Caminando,3,4,3,7.9,A veces,3,Visualización,Presencial,3.53,2026-08-12
E1139,Ingeniería Industrial,4,21,Mujer,17.1,6.2,68,Bus,5,3,0,5.6,A veces,2,Ingeniería de datos,Presencial,3.03,2026-08-05
E1140,Psicología,6,23,Mujer,15.1,6.3,23,Caminando,4,4,5,4.7,Todos los días,2,Ciencia social computacional,Presencial,3.58,2026-08-19
E1141,Economía,2,16,Hombre,13.0,7.4,68,TransMilenio,4,4,4,7.9,Nunca,3,IA y ML,Híbrida,3.85,2026-08-10
E1142,Ingeniería Industrial,5,22,Mujer,11.9,7.7,37,TransMilenio,2,5,1,13.5,Todos los días,3,Visualización,Presencial,3.74,2026-08-09
E1143,Economía,2,17,Hombre,16.9,7.3,55,Bicicleta,4,4,3,4.2,Frecuentemente,3,No estoy seguro,Híbrida,3.56,2026-08-18
E1144,Ingeniería de Sistemas,1,22,Hombre,19.4,7.5,79,Carro,4,5,5,9.9,Frecuentemente,4,Visualización,Presencial,3.3,2026-08-18
E1145,Ciencia de Datos,4,18,Hombre,10.9,7.0,74,TransMilenio,5,3,3,8.5,Todos los días,3,No estoy seguro,Presencial,3.21,2026-08-19
E1146,Ingeniería de Sistemas,5,20,Hombre,16.3,7.3,53,TransMilenio,4,3,2,6.3,Todos los días,3,Analítica de negocio,Presencial,3.71,2026-08-09
E1147,Diseño,3,19,Hombre,16.4,6.3,49,Carro,5,3,1,3.2,A veces,2,Ciencia social computacional,Presencial,3.59,2026-08-09
E1148,Diseño,5,24,Mujer,11.0,6.0,38,TransMilenio,3,4,5,10.1,Frecuentemente,4,Visualización,Presencial,3.56,2026-08-07
E1149,Ingeniería de Sistemas,4,22,Hombre,27.6,8.1,62,Bicicleta,5,4,3,3.4,Frecuentemente,3,Analítica de negocio,Presencial,4.1,2026-08-14
E1150,Administración,6,26,Hombre,23.7,6.3,64,Carro,5,4,1,6.5,A veces,3,Ciencia social computacional,Presencial,3.65,2026-08-08
E1151,Economía,5,25,Mujer,16.8,6.9,88,TransMilenio,4,4,4,9.9,Nunca,3,Analítica de negocio,Híbrida,3.34,2026-08-07
E1152,Ingeniería de Sistemas,8,20,Mujer,22.6,5.3,104,Caminando,5,3,1,1.2,Frecuentemente,5,Ciencia social computacional,Híbrida,4.2,2026-08-03
E1153,Ingeniería de Sistemas,4,20,Hombre,18.7,6.9,74,Carro,3,5,5,10.9,Frecuentemente,4,Analítica de negocio,Presencial,3.55,2026-08-06
E1154,Ingeniería Industrial,7,20,Hombre,27.6,5.9,52,TransMilenio,3,3,4,15.5,Frecuentemente,2,,Presencial,3.86,2026-08-18
E1155,Economía,3,22,Mujer,7.4,7.5,56,Moto,3,4,2,12.5,A veces,2,Ciencia social computacional,Presencial,3.89,2026-08-08
E1156,Ingeniería Industrial,5,21,Hombre,17.0,6.3,42,Carro,4,5,1,15.4,Frecuentemente,3,Analítica de negocio,Virtual,3.19,2026-08-17
E1157,Ingeniería Industrial,4,21,Hombre,24.4,7.6,92,Bus,3,3,5,9.7,Todos los días,2,Ciencia social computacional,Presencial,4.38,2026-08-03
E1158,Ingeniería Industrial,2,19,Hombre,22.3,7.5,10,Carro,4,4,0,9.1,Frecuentemente,4,Analítica de negocio,Presencial,4.0,2026-08-15
E1159,Economía,5,20,Mujer,18.0,7.8,57,Caminando,4,4,4,7.7,Frecuentemente,4,IA y ML,Presencial,3.31,2026-08-01
E1160,Administración,2,16,Hombre,16.0,6.5,48,Bicicleta,3,5,0,9.3,A veces,3,Visualización,Presencial,3.56,2026-08-17
E1161,Ingeniería de Sistemas,4,24,Hombre,17.0,6.6,33,Bus,4,3,6,6.1,Todos los días,2,Visualización,Presencial,3.06,2026-08-11
E1162,Administración,6,19,Hombre,10.5,6.1,24,TransMilenio,5,4,2,15.7,A veces,2,No estoy seguro,Presencial,3.13,2026-08-15
E1163,Ciencia de Datos,3,21,Mujer,23.8,7.6,0,Caminando,3,5,3,10.4,Frecuentemente,2,Visualización,Presencial,3.56,2026-08-18
E1164,Psicología,2,17,Mujer,14.6,6.1,104,TransMilenio,5,3,0,10.1,Nunca,1,Ingeniería de datos,Presencial,3.61,2026-08-19
E1165,Ingeniería Industrial,7,23,Hombre,16.6,5.6,,Bicicleta,5,4,2,13.2,Nunca,3,Analítica de negocio,Híbrida,3.07,2026-08-01
E1166,Psicología,3,20,Mujer,14.1,6.3,48,Bus,5,4,4,7.0,Frecuentemente,1,Ingeniería de datos,Presencial,3.29,2026-08-02
E1167,Economía,4,18,Hombre,24.3,7.5,76,Caminando,5,5,3,10.8,A veces,2,IA y ML,Híbrida,2.99,2026-08-02
E1168,Ciencia de Datos,3,19,Hombre,11.9,8.1,32,Caminando,3,4,7,8.6,Frecuentemente,4,Visualización,Presencial,3.65,2026-08-21
E1169,Ingeniería Industrial,3,20,Mujer,14.3,6.7,16,Caminando,3,4,3,3.2,A veces,2,IA y ML,Híbrida,3.44,2026-08-17
E1170,Ingeniería Industrial,5,24,Mujer,14.8,7.5,79,Carro,3,5,2,5.0,A veces,4,Analítica de negocio,Presencial,3.77,2026-08-04
E1171,Administración,5,20,Mujer,19.2,6.0,76,Carro,5,4,1,8.8,Frecuentemente,3,IA y ML,Híbrida,3.64,2026-08-09
E1172,Ingeniería Industrial,8,23,Mujer,30.5,6.0,19,Bus,4,4,2,8.2,A veces,3,Ingeniería de datos,Presencial,3.41,2026-08-10
E1173,Ciencia de Datos,5,20,Hombre,6.3,5.8,63,Bus,4,5,3,7.7,Frecuentemente,5,No estoy seguro,Presencial,2.87,2026-08-15
E1174,Ciencia de Datos,2,21,Mujer,11.9,8.0,87,Carro,4,4,2,4.2,Frecuentemente,5,Analítica de negocio,Presencial,3.69,2026-08-09
E1175,Economía,8,22,Hombre,19.2,8.6,36,Bus,4,4,1,3.3,A veces,3,Ingeniería de datos,Presencial,4.5,2026-08-08
E1176,Ingeniería de Sistemas,4,18,Hombre,23.2,6.1,28,TransMilenio,5,4,1,14.6,Todos los días,4,IA y ML,Híbrida,3.11,2026-08-09
E1177,Ciencia de Datos,3,20,No binario,12.6,6.7,31,Moto,4,5,2,6.0,A veces,4,Ingeniería de datos,Presencial,3.75,2026-08-05
E1178,Economía,2,19,Hombre,4.5,7.0,77,Carro,2,5,1,7.3,Frecuentemente,2,Ciencia social computacional,Presencial,3.23,2026-08-04
E1179,Ingeniería Industrial,3,20,Hombre,19.4,5.1,57,TransMilenio,5,3,2,8.0,Todos los días,2,Analítica de negocio,Presencial,3.55,2026-08-02
E1180,Economía,3,19,Mujer,10.1,7.7,14,Moto,4,4,2,5.8,Nunca,2,IA y ML,Presencial,4.18,2026-08-01
E1181,Ingeniería Industrial,5,19,Mujer,13.0,6.0,77,Carro,5,3,0,6.0,Frecuentemente,3,No estoy seguro,Presencial,3.53,2026-08-21
E1182,Ciencia de Datos,3,19,Hombre,14.8,9.0,65,Moto,2,5,6,14.6,Frecuentemente,3,No estoy seguro,Híbrida,3.66,2026-08-18
E1183,Psicología,4,21,Prefiere no responder,11.7,7.7,61,Carro,3,4,7,4.6,A veces,3,Visualización,Presencial,3.73,2026-08-21
E1184,Diseño,4,19,Hombre,9.0,7.6,53,Moto,3,4,3,10.9,Nunca,3,Analítica de negocio,Presencial,3.93,2026-08-01
E1185,Ciencia de Datos,3,20,Mujer,0.7,7.0,79,Bicicleta,4,4,2,14.1,Todos los días,4,Ciencia social computacional,Presencial,3.15,2026-08-17
E1186,Ingeniería de Sistemas,1,19,Mujer,14.6,7.3,73,Moto,4,5,3,8.1,A veces,3,No estoy seguro,Presencial,3.64,2026-08-05
E1187,Administración,4,21,No binario,26.9,6.9,42,Bicicleta,5,4,4,16.6,Frecuentemente,3,Ciencia social computacional,Presencial,3.38,2026-08-06
E1188,Diseño,4,20,Mujer,15.2,7.1,72,Carro,5,4,1,7.6,Frecuentemente,4,IA y ML,Híbrida,3.67,2026-08-15
E1189,Ingeniería Industrial,3,18,Hombre,15.4,8.2,60,Bus,3,4,3,11.5,Frecuentemente,3,IA y ML,Presencial,3.78,2026-08-09
E1190,Psicología,3,21,Hombre,15.2,6.8,37,TransMilenio,3,4,1,6.4,A veces,4,IA y ML,Presencial,3.35,2026-08-18
E1191,Ingeniería de Sistemas,3,19,Prefiere no responder,15.0,5.6,48,Bus,4,4,5,15.4,A veces,5,Analítica de negocio,Presencial,3.71,2026-08-11
E1192,Administración,2,20,Mujer,15.6,7.7,50,Caminando,3,4,6,10.8,A veces,4,Visualización,Presencial,3.75,2026-08-02
E1193,Economía,7,23,Mujer,18.9,6.4,80,Carro,3,5,2,10.8,Todos los días,3,IA y ML,Presencial,3.81,2026-08-09
E1194,Ingeniería de Sistemas,5,20,Hombre,15.6,6.9,93,TransMilenio,4,4,6,7.9,Frecuentemente,4,IA y ML,Híbrida,3.53,2026-08-01
E1195,Ingeniería de Sistemas,6,21,Mujer,10.2,7.0,66,Carro,2,4,2,7.2,A veces,3,IA y ML,Presencial,3.93,2026-08-11
E1196,Administración,5,19,Hombre,14.8,7.9,0,TransMilenio,3,5,2,3.5,Todos los días,1,IA y ML,Presencial,4.28,2026-08-18
E1197,Ingeniería Industrial,5,23,Hombre,13.9,7.0,30,Bus,4,4,1,12.0,A veces,3,IA y ML,Presencial,3.38,2026-08-03
E1198,Economía,1,16,Hombre,17.6,6.9,50,TransMilenio,4,4,4,14.4,A veces,4,IA y ML,Presencial,3.57,2026-08-06
E1199,Economía,4,19,Mujer,9.1,7.1,54,Carro,4,4,4,14.2,A veces,3,IA y ML,Virtual,3.04,2026-08-16
E1200,Psicología,7,22,Mujer,16.1,5.3,2,TransMilenio,4,5,0,4.4,Todos los días,3,Visualización,Presencial,3.5,2026-08-04
E1201,Administración,2,19,Mujer,17.0,8.8,79,Bus,3,3,5,3.5,A veces,2,Visualización,Presencial,3.6,2026-08-01
E1202,Ingeniería Industrial,6,22,Mujer,16.2,7.5,79,TransMilenio,5,4,1,2.6,Todos los días,2,,Virtual,3.57,2026-08-12
E1203,Ingeniería de Sistemas,6,22,Mujer,24.5,6.8,35,TransMilenio,3,4,3,5.2,A veces,4,IA y ML,Presencial,3.7,2026-08-08
E1204,Economía,5,20,Mujer,24.2,6.4,67,Bicicleta,5,5,1,16.4,Todos los días,2,Visualización,Presencial,3.39,2026-08-03
E1205,Administración,6,21,Hombre,10.3,7.4,38,Carro,5,3,3,9.9,Todos los días,3,Ingeniería de datos,Presencial,3.07,2026-08-13
E1206,Ingeniería de Sistemas,2,22,Mujer,14.6,7.2,71,Bicicleta,3,4,2,3.5,A veces,5,Visualización,Presencial,3.58,2026-08-20
E1207,Ingeniería Industrial,2,20,Hombre,19.5,8.0,46,Carro,3,5,7,5.9,A veces,3,Visualización,Presencial,3.72,2026-08-13
E1208,Psicología,5,23,Hombre,13.8,6.4,42,TransMilenio,4,4,4,7.2,Frecuentemente,4,IA y ML,Presencial,3.07,2026-08-06
E1209,Ciencia de Datos,6,23,Mujer,15.4,7.1,53,TransMilenio,3,5,6,7.0,Frecuentemente,4,IA y ML,Presencial,3.68,2026-08-11
E1210,Diseño,2,19,Mujer,18.0,7.2,46,Moto,4,5,2,7.2,Frecuentemente,3,Ingeniería de datos,Presencial,3.63,2026-08-10
E1211,Psicología,4,22,Hombre,9.4,7.4,63,Bus,2,4,3,12.7,Frecuentemente,2,Ingeniería de datos,Presencial,2.96,2026-08-16
E1212,Ciencia de Datos,6,22,Hombre,18.2,7.7,61,TransMilenio,4,4,1,8.1,Frecuentemente,5,Ingeniería de datos,Híbrida,3.9,2026-08-10
E1213,Administración,5,23,Mujer,14.0,6.1,57,TransMilenio,4,3,3,7.9,Todos los días,3,Ciencia social computacional,Presencial,3.88,2026-08-07
E1214,Administración,5,20,Hombre,13.1,7.2,26,Moto,4,5,5,10.4,A veces,1,IA y ML,Presencial,3.2,2026-08-07
E1215,Psicología,3,18,Hombre,9.2,6.4,35,Bicicleta,5,4,6,6.7,Frecuentemente,3,No estoy seguro,Híbrida,3.52,2026-08-07
E1216,Ciencia de Datos,4,17,Mujer,22.0,7.9,85,Moto,4,5,4,9.9,Frecuentemente,3,Ciencia social computacional,Presencial,3.05,2026-08-04
E1217,Ingeniería Industrial,3,24,Mujer,23.8,7.1,65,Bicicleta,5,5,2,9.5,Frecuentemente,3,Visualización,Híbrida,3.83,2026-08-21
E1218,Ciencia de Datos,3,18,Hombre,19.0,5.2,55,Bicicleta,3,4,4,11.7,Frecuentemente,3,Ingeniería de datos,Virtual,3.39,2026-08-10
E1219,Ciencia de Datos,2,19,Mujer,13.2,5.6,51,Bus,5,2,3,0,Todos los días,2,Analítica de negocio,Híbrida,3.11,2026-08-15
E1220,Economía,6,19,Mujer,14.6,6.5,33,TransMilenio,3,3,4,11.8,A veces,3,No estoy seguro,Presencial,3.41,2026-08-13
E1221,Ingeniería de Sistemas,6,22,Mujer,16.1,7.7,0,Bus,3,4,1,5.6,Frecuentemente,4,No estoy seguro,Presencial,3.82,2026-08-16
E1222,Ingeniería de Sistemas,4,21,Hombre,16.5,6.1,94,Bus,4,4,2,4.7,A veces,3,IA y ML,Híbrida,3.66,2026-08-10
E1223,Ingeniería Industrial,4,18,Hombre,15.5,7.4,63,Carro,3,5,0,15.4,Todos los días,3,,Híbrida,3.55,2026-08-08
E1224,Ingeniería de Sistemas,2,22,Hombre,16.4,6.7,114,Carro,4,4,3,4.7,Nunca,3,IA y ML,Presencial,3.23,2026-08-09
E1225,Administración,4,23,Mujer,17.4,5.6,66,Bus,4,4,0,4.0,Todos los días,2,Analítica de negocio,Presencial,3.39,2026-08-13
E1226,Economía,5,20,Hombre,16.7,6.0,58,Bicicleta,4,3,7,7.3,Nunca,2,No estoy seguro,Presencial,3.84,2026-08-01
E1227,Diseño,1,18,Hombre,23.1,8.9,97,TransMilenio,4,5,6,12.6,Todos los días,1,Analítica de negocio,Presencial,3.95,2026-08-17
E1228,Ingeniería Industrial,4,21,Mujer,15.5,6.8,59,TransMilenio,4,3,1,9.0,Frecuentemente,1,IA y ML,Presencial,2.97,2026-08-17
E1229,Diseño,3,16,Hombre,14.6,6.3,5,TransMilenio,4,3,1,4.2,Frecuentemente,2,No estoy seguro,Presencial,3.21,2026-08-08
E1230,Ciencia de Datos,4,21,Hombre,15.5,6.7,25,Carro,4,5,3,5.3,Frecuentemente,5,IA y ML,Presencial,3.99,2026-08-13
E1231,Ciencia de Datos,1,18,Hombre,10.9,6.2,86,Caminando,4,4,1,4.8,A veces,3,Analítica de negocio,Presencial,3.19,2026-08-20
E1232,Ingeniería de Sistemas,5,23,Hombre,6.5,6.9,83,TransMilenio,3,4,0,1.7,Nunca,4,Visualización,Híbrida,3.55,2026-08-02
E1233,Ciencia de Datos,5,18,Mujer,22.5,5.2,43,Bus,4,3,0,12.4,Frecuentemente,1,Ingeniería de datos,Presencial,3.56,2026-08-11
E1234,Ingeniería Industrial,2,19,Hombre,13.0,7.7,26,Carro,4,3,2,8.5,Frecuentemente,2,Visualización,Presencial,3.89,2026-08-17
E1235,Psicología,4,18,Mujer,18.2,6.3,49,Bus,5,2,2,13.7,A veces,2,IA y ML,Presencial,3.33,2026-08-21
E1236,Administración,3,18,Mujer,10.6,8.5,82,Carro,4,5,3,3.4,A veces,2,Visualización,Presencial,3.07,2026-08-01
E1237,Economía,1,19,Mujer,14.0,4.6,66,Bus,5,4,4,10.9,A veces,4,Visualización,Presencial,3.12,2026-08-14
E1238,Economía,7,21,Mujer,15.9,6.7,44,Bus,3,4,5,3.2,Todos los días,3,Analítica de negocio,Presencial,3.54,2026-08-16
E1239,Ingeniería de Sistemas,4,18,Hombre,10.2,5.3,72,Carro,5,3,0,0,A veces,4,Ingeniería de datos,Presencial,2.83,2026-08-08
E1240,Ingeniería de Sistemas,2,19,Mujer,9.9,6.2,77,TransMilenio,5,3,2,12.1,Nunca,4,IA y ML,Presencial,3.18,2026-08-21
E1241,Administración,5,20,Hombre,12.9,7.1,52,Bicicleta,2,4,1,5.1,Todos los días,2,Ingeniería de datos,Presencial,3.71,2026-08-21
E1242,Psicología,3,21,Mujer,8.0,6.2,50,Moto,3,4,7,2.3,Frecuentemente,1,No estoy seguro,Híbrida,3.65,2026-08-03
E1243,Ingeniería de Sistemas,6,21,Hombre,18.9,5.8,56,Carro,5,3,3,12.5,Frecuentemente,3,IA y ML,Presencial,3.64,2026-08-18
E1244,Administración,5,21,Hombre,19.0,7.8,71,Moto,3,4,4,8.4,A veces,4,Ingeniería de datos,Presencial,4.02,2026-08-12
E1245,Economía,4,22,Mujer,6.2,8.3,72,Caminando,3,5,1,3.6,A veces,4,Ingeniería de datos,Presencial,3.47,2026-08-21
E1246,Ingeniería de Sistemas,5,21,Hombre,5.1,6.0,66,Bus,5,3,5,10.5,A veces,2,No estoy seguro,Híbrida,3.0,2026-08-04
E1247,Ingeniería Industrial,4,17,Hombre,7.7,8.1,,Carro,3,4,0,7.0,A veces,4,Ciencia social computacional,Híbrida,3.25,2026-08-21
E1248,Psicología,3,23,Mujer,13.6,8.2,110,Carro,5,4,1,5.2,A veces,3,No estoy seguro,Presencial,3.34,2026-08-15
E1249,Ingeniería de Sistemas,2,18,Mujer,12.2,7.1,68,Bus,4,4,4,9.1,Frecuentemente,3,Ciencia social computacional,Presencial,3.37,2026-08-20
E1250,Economía,3,24,Mujer,18.2,6.0,63,TransMilenio,4,4,2,6.4,Todos los días,2,Ingeniería de datos,Presencial,3.27,2026-08-13
E1251,Ciencia de Datos,3,22,Mujer,16.2,6.1,0,Caminando,4,3,3,10.8,Nunca,3,Visualización,Presencial,3.43,2026-08-03
E1252,Economía,2,20,Hombre,95.0,6.0,78,Bus,4,4,4,13.7,A veces,4,Analítica de negocio,Presencial,2.9,2026-08-07
E1253,Psicología,8,22,Hombre,24.3,,60,Bicicleta,4,5,2,8.8,A veces,2,Ingeniería de datos,Híbrida,3.49,2026-08-18
E1254,Diseño,4,21,Mujer,16.6,6.9,72,TransMilenio,4,4,3,6.5,Frecuentemente,2,IA y ML,Presencial,4.08,2026-08-09
E1255,Economía,2,18,Mujer,15.9,6.4,80,TransMilenio,5,3,2,2.4,A veces,3,Visualización,Presencial,3.07,2026-08-02
E1256,Ciencia de Datos,3,20,No binario,8.6,7.4,62,TransMilenio,4,4,3,12.7,A veces,2,IA y ML,Híbrida,2.83,2026-08-03
E1257,Ingeniería de Sistemas,6,23,Mujer,12.9,6.7,85,Caminando,5,3,4,9.0,A veces,3,Visualización,Presencial,3.8,2026-08-12
E1258,Psicología,2,21,Mujer,22.4,7.5,56,TransMilenio,5,4,2,12.8,Todos los días,3,Analítica de negocio,Híbrida,3.55,2026-08-06
E1259,Ingeniería Industrial,5,22,Mujer,12.3,7.4,61,TransMilenio,4,4,2,14.7,A veces,4,,Híbrida,3.3,2026-08-05
E1260,Ingeniería Industrial,4,22,Hombre,17.3,6.4,43,TransMilenio,4,4,7,9.9,Frecuentemente,3,,Presencial,2.85,2026-08-18
E1261,Ingeniería Industrial,4,21,Mujer,18.0,7.4,0,Caminando,5,4,5,7.6,A veces,4,Analítica de negocio,Presencial,3.37,2026-08-10
E1262,Administración,6,21,Hombre,24.3,7.4,,Bus,5,4,6,10.2,Todos los días,3,Ingeniería de datos,Presencial,4.14,2026-08-08
E1263,Ingeniería Industrial,1,18,Mujer,5.6,5.8,19,TransMilenio,5,3,0,11.8,Frecuentemente,2,Visualización,Presencial,2.46,2026-08-06
E1264,Ingeniería Industrial,4,21,Mujer,24.3,7.7,37,TransMilenio,2,5,3,12.8,Frecuentemente,2,Analítica de negocio,Virtual,4.03,2026-08-09
E1265,Psicología,1,21,Hombre,9.4,8.0,38,Bus,2,5,0,1.4,Frecuentemente,2,IA y ML,Presencial,4.05,2026-08-13
E1266,Ingeniería de Sistemas,2,18,Mujer,11.7,8.1,72,Caminando,3,4,4,13.8,Todos los días,3,Ingeniería de datos,Presencial,3.78,2026-08-11
E1267,Ingeniería de Sistemas,1,20,Mujer,14.3,6.1,29,Bus,4,3,1,8.2,Frecuentemente,2,IA y ML,Presencial,3.7,2026-08-17
E1268,Ciencia de Datos,2,17,Hombre,20.1,6.8,41,TransMilenio,4,4,3,9.2,Frecuentemente,4,No estoy seguro,Presencial,3.01,2026-08-20
E1269,Ingeniería de Sistemas,1,19,Hombre,10.3,6.8,48,TransMilenio,3,5,2,6.4,Frecuentemente,4,Ciencia social computacional,Presencial,3.63,2026-08-05
E1270,Administración,6,24,Mujer,18.2,6.6,27,Bus,5,3,3,9.2,Todos los días,3,No estoy seguro,Presencial,3.11,2026-08-13
E1271,Administración,4,24,Mujer,14.7,6.4,0,Bicicleta,5,3,2,0,Nunca,4,Ingeniería de datos,Presencial,3.4,2026-08-04
E1272,Ciencia de Datos,5,22,Mujer,16.8,6.9,45,Bus,4,3,2,13.4,Frecuentemente,4,IA y ML,Presencial,3.62,2026-08-16
E1273,Diseño,2,21,Hombre,18.4,6.7,58,Caminando,4,3,2,9.4,Nunca,3,Analítica de negocio,Presencial,4.51,2026-08-18
E1274,Ciencia de Datos,5,17,Hombre,26.3,6.5,12,TransMilenio,5,4,0,0.3,Todos los días,5,Ciencia social computacional,Presencial,3.67,2026-08-14
E1275,Psicología,2,21,Mujer,25.2,6.5,35,TransMilenio,4,5,2,7.7,Todos los días,5,Analítica de negocio,Presencial,3.69,2026-08-11
E1276,Ciencia de Datos,4,18,Hombre,20.2,6.4,24,Moto,4,4,2,7.8,A veces,2,No estoy seguro,Híbrida,3.6,2026-08-04
E1277,Ingeniería Industrial,6,24,Hombre,14.7,8.4,67,Caminando,4,4,3,12.9,Frecuentemente,2,IA y ML,Presencial,3.85,2026-08-21
E1278,Ingeniería Industrial,6,23,Hombre,23.4,7.0,14,Moto,3,4,1,8.7,A veces,2,Ciencia social computacional,Presencial,3.56,2026-08-21
E1279,Ingeniería de Sistemas,3,19,Prefiere no responder,20.5,7.7,47,TransMilenio,5,3,6,10.4,Todos los días,4,IA y ML,Presencial,3.29,2026-08-06
E1280,Ingeniería de Sistemas,3,19,Mujer,17.6,7.3,73,Bicicleta,3,4,4,9.5,A veces,2,No estoy seguro,Presencial,3.67,2026-08-18
E1281,Economía,2,18,Hombre,10.7,7.6,45,Moto,4,4,3,4.5,Frecuentemente,4,Ingeniería de datos,Presencial,3.18,2026-08-13
E1282,Ingeniería Industrial,6,20,Hombre,23.5,7.2,38,Carro,5,4,0,11.6,A veces,2,No estoy seguro,Presencial,3.76,2026-08-02
E1283,Ciencia de Datos,6,20,Mujer,18.9,6.7,66,Moto,3,4,3,14.5,A veces,4,Ciencia social computacional,Híbrida,4.05,2026-08-14
E1284,Ingeniería de Sistemas,4,18,Prefiere no responder,11.6,7.0,40,TransMilenio,4,4,4,12.3,A veces,2,IA y ML,Presencial,3.88,2026-08-18
E1285,Ciencia de Datos,4,22,Mujer,15.6,7.7,62,Moto,4,4,2,9.9,Frecuentemente,4,Visualización,Presencial,3.62,2026-08-04
E1286,Administración,3,22,Mujer,13.3,7.8,13,Transmilenio,5,3,4,6.7,Frecuentemente,1,IA y ML,Híbrida,3.05,2026-08-10
E1287,Ciencia de Datos,3,18,No binario,13.8,6.8,54,TransMilenio,3,4,3,16.1,A veces,4,Analítica de negocio,Híbrida,3.74,2026-08-03
E1288,Economía,3,21,Hombre,13.2,6.9,39,Carro,4,5,3,5.0,Todos los días,3,IA y ML,Presencial,3.5,2026-08-18
E1289,Psicología,4,22,Hombre,4.3,6.9,6,Carro,2,5,5,9.7,Nunca,1,Ciencia social computacional,Presencial,3.71,2026-08-08
E1290,Administración,3,18,Mujer,19.4,6.5,74,Bus,4,4,0,5.4,Nunca,3,No estoy seguro,Presencial,3.31,2026-08-14
E1291,Economía,1,20,Hombre,11.1,7.4,25,TransMilenio,3,4,3,6.3,A veces,4,Ciencia social computacional,Presencial,3.62,2026-08-11
E1292,Ciencia de Datos,3,17,Mujer,21.7,6.2,43,Caminando,5,4,1,4.2,A veces,3,IA y ML,Presencial,3.03,2026-08-13
E1293,Ingeniería Industrial,3,23,Hombre,19.4,6.5,55,TransMilenio,4,4,5,10.2,A veces,2,IA y ML,Presencial,3.96,2026-08-10
E1294,Ciencia de Datos,5,20,Hombre,21.1,6.2,37,Bus,3,4,2,8.0,A veces,2,IA y ML,Presencial,3.6,2026-08-12
E1295,Ingeniería de Sistemas,4,24,Mujer,22.4,8.1,42,TransMilenio,3,4,4,2.7,A veces,2,Analítica de negocio,Presencial,4.37,2026-08-20
E1296,Ingeniería de Sistemas,4,22,Hombre,26.8,7.3,61,Bus,5,3,3,7.0,Nunca,1,IA y ML,Presencial,3.81,2026-08-08
E1297,Economía,5,20,Mujer,24.1,5.5,0,Caminando,5,3,0,9.9,A veces,3,IA y ML,Presencial,3.73,2026-08-06
E1298,Ciencia de Datos,3,18,Mujer,19.3,5.8,33,TransMilenio,4,3,0,8.6,Nunca,3,Visualización,Presencial,3.3,2026-08-04
E1299,Ingeniería Industrial,4,22,Hombre,12.6,5.6,94,Bus,5,3,2,0,Frecuentemente,4,IA y ML,Presencial,3.33,2026-08-07
E1300,Ciencia de Datos,2,20,Hombre,28.2,5.0,64,Carro,5,4,2,14.1,Todos los días,2,IA y ML,Presencial,3.68,2026-08-12
E1301,Ciencia de Datos,1,16,Hombre,5.9,4.8,26,Bus,4,4,3,0,A veces,4,IA y ML,Híbrida,3.21,2026-08-21
E1302,Ingeniería Industrial,4,19,Mujer,14.7,6.8,42,TransMilenio,4,4,1,8.8,Todos los días,4,Visualización,Presencial,3.53,2026-08-11
E1303,Ingeniería Industrial,5,23,Mujer,15.5,7.3,71,Carro,3,4,0,6.6,Frecuentemente,3,IA y ML,Híbrida,3.42,2026-08-02
E1304,Ciencia de Datos,3,20,Mujer,9.3,7.9,,Carro,4,4,3,14.3,A veces,3,Ingeniería de datos,Presencial,3.74,2026-08-13
E1305,Ingeniería Industrial,5,26,Hombre,13.4,6.7,16,Caminando,4,3,3,18.6,Todos los días,4,No estoy seguro,Presencial,3.89,2026-08-01
E1306,Administración,6,22,Mujer,15.5,6.6,81,Caminando,5,3,1,13.1,Frecuentemente,3,Analítica de negocio,Virtual,3.38,2026-08-08
E1307,Ingeniería de Sistemas,5,19,Mujer,17.6,5.6,74,Bus,5,3,4,11.5,Frecuentemente,5,Ingeniería de datos,Híbrida,3.67,2026-08-05
E1308,Ingeniería Industrial,4,23,Prefiere no responder,14.5,6.1,65,Moto,5,3,1,0.7,Frecuentemente,3,Ingeniería de datos,Presencial,2.68,2026-08-08
E1309,Administración,3,18,Hombre,17.1,,50,TransMilenio,4,5,4,8.9,Nunca,2,IA y ML,Presencial,3.89,2026-08-01
E1310,Ingeniería Industrial,2,18,Hombre,19.5,7.2,40,TransMilenio,3,4,3,8.8,A veces,2,Analítica de negocio,Presencial,3.54,2026-08-05
E1311,Administración,5,24,Hombre,13.1,4.9,45,TransMilenio,4,4,1,8.6,A veces,2,Analítica de negocio,Presencial,3.68,2026-08-17
E1312,Ingeniería de Sistemas,7,23,Mujer,19.8,6.9,37,Caminando,5,2,2,3.1,Frecuentemente,3,IA y ML,Virtual,3.8,2026-08-18
E1313,Ingeniería Industrial,5,21,Hombre,15.1,6.1,84,Moto,4,3,0,1.6,Nunca,3,IA y ML,Presencial,3.16,2026-08-20
E1314,Diseño,6,25,Hombre,11.5,9.4,64,Caminando,3,5,6,11.1,A veces,1,IA y ML,Presencial,3.3,2026-08-07
E1315,Ingeniería Industrial,6,17,Hombre,29.0,7.7,48,Bus,5,5,1,12.3,Frecuentemente,2,IA y ML,Virtual,3.68,2026-08-02
E1316,Ingeniería Industrial,1,19,Mujer,11.6,7.0,78,Bus,4,4,3,11.6,Frecuentemente,2,Ingeniería de datos,Presencial,3.21,2026-08-15
E1317,Ingeniería Industrial,3,20,Hombre,27.7,7.1,28,TransMilenio,4,5,5,5.2,Nunca,3,No estoy seguro,Presencial,4.15,2026-08-04
E1318,Ingeniería de Sistemas,2,17,Hombre,9.0,7.3,94,Bus,4,4,0,15.4,Frecuentemente,3,Visualización,Híbrida,3.46,2026-08-13
E1319,Ingeniería de Sistemas,1,18,Mujer,14.9,7.9,44,Bus,4,5,4,4.4,A veces,3,Ingeniería de datos,Presencial,3.39,2026-08-05
E1320,Ingeniería de Sistemas,5,21,Prefiere no responder,31.0,5.8,34,Bicicleta,5,4,2,9.1,Frecuentemente,4,Visualización,Presencial,3.24,2026-08-11
E1321,Ingeniería de Sistemas,4,22,Hombre,13.4,6.5,71,TransMilenio,3,4,1,12.6,A veces,5,Ciencia social computacional,Presencial,3.05,2026-08-09
E1322,Ingeniería Industrial,3,18,Hombre,7.6,7.1,64,Carro,4,4,3,8.1,Frecuentemente,4,IA y ML,Híbrida,2.66,2026-08-16
E1323,Ciencia de Datos,4,20,Mujer,19.7,5.9,48,Bus,4,3,3,8.0,A veces,2,Ciencia social computacional,Presencial,3.27,2026-08-16
E1324,Economía,6,23,Hombre,16.9,7.7,,TransMilenio,5,4,3,4.6,A veces,2,No estoy seguro,Virtual,3.17,2026-08-12
E1325,Administración,1,19,Hombre,15.5,6.9,5,Bicicleta,3,4,3,3.5,A veces,2,Analítica de negocio,Presencial,3.36,2026-08-15
E1326,Ingeniería de Sistemas,5,24,Hombre,19.4,6.2,49,TransMilenio,4,4,2,5.9,Todos los días,5,No estoy seguro,Presencial,2.84,2026-08-12
E1327,Ciencia de Datos,3,20,Hombre,16.9,7.2,71,Moto,4,4,1,6.0,Frecuentemente,4,Analítica de negocio,Híbrida,3.24,2026-08-19
E1328,Ciencia de Datos,7,24,Hombre,17.0,7.1,58,Bicicleta,5,3,3,8.0,A veces,2,Ingeniería de datos,Híbrida,3.27,2026-08-11
E1329,Economía,7,19,Mujer,17.0,,46,Caminando,3,4,2,4.4,Nunca,2,IA y ML,Presencial,3.95,2026-08-14
E1330,Psicología,2,18,Hombre,17.1,7.0,46,TransMilenio,5,3,2,0.9,A veces,1,IA y ML,Presencial,3.86,2026-08-11
E1331,Ingeniería Industrial,7,20,Prefiere no responder,16.8,6.8,103,Carro,4,4,0,12.1,Nunca,3,Analítica de negocio,Híbrida,3.57,2026-08-19
E1332,Ciencia de Datos,2,20,Hombre,9.8,6.5,52,Moto,4,4,1,3.1,Todos los días,3,Ingeniería de datos,Presencial,3.65,2026-08-20
E1333,Administración,4,20,Mujer,18.0,6.7,,Caminando,4,4,2,6.3,Nunca,3,No estoy seguro,Híbrida,3.41,2026-08-17
E1334,Economía,4,22,No binario,14.8,7.9,66,Moto,4,3,6,10.2,Nunca,3,Analítica de negocio,Presencial,3.77,2026-08-08
E1335,Administración,2,21,Hombre,4.2,6.8,62,Carro,4,3,2,14.9,A veces,2,Analítica de negocio,Presencial,3.26,2026-08-01
E1336,Diseño,6,23,Prefiere no responder,16.5,7.1,43,Moto,3,3,1,2.6,Nunca,2,IA y ML,Presencial,3.34,2026-08-17
E1337,Ingeniería Industrial,5,23,Prefiere no responder,17.4,6.4,34,Moto,4,4,1,14.5,A veces,3,Visualización,Presencial,3.73,2026-08-16
E1338,Ingeniería de Sistemas,2,22,Hombre,9.4,,45,TransMilenio,2,4,3,8.1,Frecuentemente,2,Ingeniería de datos,Presencial,3.92,2026-08-13
E1339,Ciencia de Datos,5,23,Mujer,9.1,6.7,,TransMilenio,4,4,2,2.3,A veces,5,Visualización,Presencial,3.12,2026-08-20
E1340,Ciencia de Datos,1,18,Hombre,20.1,6.6,47,Bus,4,3,3,11.0,Frecuentemente,3,Visualización,Presencial,3.55,2026-08-18
E1341,Ingeniería Industrial,4,20,Mujer,24.2,7.5,65,Bus,4,5,1,5.7,A veces,4,IA y ML,Híbrida,3.03,2026-08-12
E1342,Diseño,1,18,Hombre,15.1,7.4,59,Moto,4,4,4,5.4,Nunca,2,IA y ML,Presencial,3.31,2026-08-06
E1343,Ingeniería de Sistemas,1,20,Hombre,2.1,4.8,24,Bicicleta,3,4,2,15.1,A veces,5,IA y ML,Presencial,2.79,2026-08-16
E1344,Ingeniería Industrial,5,17,Mujer,11.2,6.3,32,Moto,5,5,2,9.3,A veces,2,No estoy seguro,Presencial,3.17,2026-08-16
E1345,Economía,5,21,Mujer,20.0,7.6,48,Bicicleta,4,3,2,1.2,Frecuentemente,3,No estoy seguro,Presencial,3.31,2026-08-03
E1346,Administración,7,22,Hombre,15.0,7.6,46,Bus,4,3,4,9.4,Todos los días,3,Analítica de negocio,Híbrida,3.23,2026-08-08
E1347,Ingeniería Industrial,4,19,Hombre,28.3,5.4,37,Moto,4,3,2,11.5,Frecuentemente,2,Visualización,Híbrida,3.2,2026-08-21
E1348,Ingeniería de Sistemas,1,18,Mujer,14.5,6.0,53,Bus,4,4,4,14.7,Frecuentemente,2,IA y ML,Presencial,3.46,2026-08-20
E1349,Ingeniería Industrial,6,25,Mujer,21.0,5.7,30,TransMilenio,4,4,0,14.3,Todos los días,3,IA y ML,Presencial,3.44,2026-08-02
E1350,Ingeniería Industrial,2,19,Hombre,6.9,6.5,62,Caminando,4,4,5,18.5,Frecuentemente,3,Visualización,Presencial,3.39,2026-08-16
E1351,Diseño,5,19,Mujer,18.7,6.0,23,TransMilenio,4,4,2,11.5,A veces,4,Analítica de negocio,Presencial,3.3,2026-08-10
E1352,Psicología,1,20,Hombre,13.6,6.7,76,Caminando,5,4,2,13.8,Frecuentemente,3,Visualización,Híbrida,3.59,2026-08-11
E1353,Ciencia de Datos,5,18,Mujer,22.5,7.9,32,Caminando,4,4,3,5.1,Frecuentemente,4,No estoy seguro,Presencial,3.88,2026-08-04
E1354,Economía,6,20,Hombre,17.7,5.5,38,Bus,4,4,1,5.0,Nunca,1,IA y ML,Presencial,2.98,2026-08-04
E1355,Ciencia de Datos,2,16,Mujer,8.4,8.1,58,TransMilenio,4,4,2,11.2,A veces,5,IA y ML,Presencial,2.61,2026-08-05
E1356,Diseño,8,21,Mujer,11.8,5.5,73,Caminando,5,4,3,6.1,A veces,1,Visualización,Híbrida,3.2,2026-08-15
E1357,Ingeniería de Sistemas,6,22,Mujer,16.5,6.7,62,Caminando,4,4,5,7.3,Frecuentemente,4,No estoy seguro,Presencial,3.76,2026-08-20
E1358,Administración,4,17,Mujer,13.4,6.2,12,Bus,4,4,4,14.1,A veces,3,No estoy seguro,Presencial,3.94,2026-08-02
E1359,Ingeniería Industrial,1,22,Hombre,12.0,6.7,17,Bus,5,3,5,9.3,Frecuentemente,3,IA y ML,Presencial,2.79,2026-08-15
E1360,Ingeniería Industrial,4,22,Mujer,23.3,6.3,85,Bicicleta,4,4,5,12.1,A veces,2,Ingeniería de datos,Presencial,3.9,2026-08-03
E1361,Diseño,2,16,Hombre,8.8,6.4,46,TransMilenio,4,4,4,17.0,Frecuentemente,2,Analítica de negocio,Híbrida,3.26,2026-08-15
E1362,Ingeniería Industrial,4,21,Mujer,18.7,6.7,41,TransMilenio,4,4,2,6.6,Frecuentemente,3,IA y ML,Presencial,3.94,2026-08-07
E1363,Economía,2,20,Hombre,9.7,7.8,39,Bus,3,4,6,8.0,Nunca,1,No estoy seguro,Presencial,3.5,2026-08-06
E1364,Ciencia de Datos,4,21,Hombre,11.1,6.9,85,Carro,5,3,2,11.2,Nunca,3,Analítica de negocio,Presencial,3.12,2026-08-08
E1365,Economía,4,21,Hombre,17.5,6.2,40,Bus,4,3,1,7.7,A veces,2,Visualización,Presencial,3.92,2026-08-05
E1366,Ingeniería de Sistemas,1,22,Mujer,17.9,7.0,,TransMilenio,4,4,4,8.2,Frecuentemente,4,IA y ML,Híbrida,4.03,2026-08-07
E1367,Economía,7,24,Mujer,26.6,7.9,27,TransMilenio,5,3,2,5.3,Frecuentemente,1,No estoy seguro,Híbrida,3.4,2026-08-17
E1368,Economía,3,19,Hombre,21.3,7.1,54,TransMilenio,4,5,4,0,Todos los días,2,IA y ML,Presencial,3.69,2026-08-01
E1369,Administración,2,16,Mujer,16.8,7.8,41,TransMilenio,4,4,0,3.0,A veces,1,IA y ML,Presencial,3.44,2026-08-13
E1370,Ingeniería Industrial,3,19,Mujer,17.0,6.6,57,Bus,4,3,2,2.6,Frecuentemente,3,IA y ML,Presencial,2.86,2026-08-04
E1371,Ciencia de Datos,1,21,Hombre,9.5,7.2,78,TransMilenio,4,5,4,10.9,A veces,3,No estoy seguro,Presencial,3.71,2026-08-10
E1372,Economía,6,23,Hombre,17.5,7.2,41,Bus,4,4,4,7.6,Frecuentemente,2,Analítica de negocio,Presencial,3.61,2026-08-04
E1373,Ingeniería Industrial,3,21,Hombre,24.3,6.8,69,TransMilenio,5,4,3,5.9,Frecuentemente,4,Visualización,Híbrida,3.76,2026-08-18
E1374,Ingeniería de Sistemas,3,20,Mujer,15.2,7.2,94,Moto,4,5,2,6.6,A veces,5,IA y ML,Virtual,3.42,2026-08-20
E1375,Ciencia de Datos,2,18,Mujer,12.3,7.5,108,TransMilenio,5,4,0,6.3,Frecuentemente,3,IA y ML,Presencial,3.02,2026-08-01
E1376,Ciencia de Datos,4,23,Hombre,22.0,8.1,38,Caminando,3,4,0,7.5,Todos los días,3,Visualización,Híbrida,3.73,2026-08-19
E1377,Economía,3,20,mujer,17.1,6.6,68,Caminando,5,4,0,3.8,Frecuentemente,4,Visualización,Presencial,4.2,2026-08-14
E1378,Ciencia de Datos,2,20,Hombre,23.8,7.5,34,Caminando,5,4,3,5.7,Frecuentemente,5,Analítica de negocio,Presencial,3.44,2026-08-14
E1379,Ciencia de Datos,2,18,Mujer,19.8,6.4,97,TransMilenio,5,4,0,2.8,Nunca,2,Visualización,Híbrida,3.4,2026-08-07
E1380,Economía,3,21,Prefiere no responder,15.5,6.0,93,Bicicleta,5,4,4,7.5,Todos los días,3,Visualización,Híbrida,3.11,2026-08-11
E1381,Ingeniería Industrial,7,23,Mujer,18.2,6.6,35,Bus,4,4,5,6.7,Frecuentemente,3,No estoy seguro,Híbrida,3.55,2026-08-19
E1382,Ingeniería de Sistemas,6,22,Hombre,15.8,7.5,52,Carro,4,4,4,7.3,A veces,3,,Presencial,4.13,2026-08-18
E1383,Diseño,7,23,Prefiere no responder,23.7,6.6,23,TransMilenio,4,5,1,14.4,A veces,3,IA y ML,Presencial,3.28,2026-08-09
E1384,Ingeniería Industrial,5,22,Hombre,19.7,6.8,72,TransMilenio,4,4,3,16.6,Frecuentemente,2,Ingeniería de datos,Híbrida,3.32,2026-08-20
E1385,Ciencia de Datos,1,18,Mujer,18.4,6.2,13,Caminando,4,5,4,2.0,Frecuentemente,2,Visualización,Presencial,3.7,2026-08-03
E1386,Ingeniería de Sistemas,3,19,Mujer,15.2,7.9,45,Moto,3,5,4,11.9,A veces,3,No estoy seguro,Presencial,3.67,2026-08-21
E1387,Ciencia de Datos,6,25,Mujer,16.1,5.8,64,Caminando,3,5,3,8.7,A veces,5,Analítica de negocio,Presencial,3.59,2026-08-10
E1388,Ingeniería Industrial,3,22,Hombre,23.4,7.2,39,Moto,5,4,3,15.4,A veces,2,Analítica de negocio,Presencial,3.32,2026-08-03
E1389,Ciencia de Datos,4,19,Mujer,7.8,9.2,102,TransMilenio,3,4,5,4.5,Nunca,3,IA y ML,Presencial,3.43,2026-08-10
E1390,Administración,6,24,Hombre,18.1,5.1,49,Bus,5,4,2,6.9,A veces,2,IA y ML,Presencial,3.61,2026-08-06
E1391,Ciencia de Datos,5,21,mujer,12.1,7.7,79,TransMilenio,3,5,4,9.0,Frecuentemente,4,IA y ML,Presencial,3.8,2026-08-07
E1392,Economía,1,21,Mujer,13.9,7.1,38,Carro,4,4,1,12.3,Frecuentemente,3,IA y ML,Presencial,3.77,2026-08-17
E1393,Ingeniería de Sistemas,4,22,Mujer,7.4,8.4,50,Caminando,2,5,3,2.2,Frecuentemente,4,IA y ML,Presencial,3.3,2026-08-20
E1394,Psicología,3,18,Mujer,13.6,7.4,102,TransMilenio,4,4,3,3.0,Todos los días,1,Analítica de negocio,Presencial,3.42,2026-08-16
E1395,Diseño,5,20,Mujer,26.7,5.8,30,Bus,5,5,4,6.8,Frecuentemente,3,Ciencia social computacional,Presencial,4.07,2026-08-19
E1396,Ingeniería Industrial,4,22,Mujer,21.4,9.3,19,Bicicleta,3,4,0,15.7,A veces,1,IA y ML,Presencial,3.62,2026-08-04
E1397,Ingeniería de Sistemas,5,19,Hombre,21.4,6.1,103,Carro,5,4,2,10.5,Frecuentemente,3,Ciencia social computacional,Virtual,3.77,2026-08-11
E1398,Ingeniería de Sistemas,3,21,Hombre,10.3,7.7,52,Carro,2,5,2,5.2,Frecuentemente,3,Ingeniería de datos,Presencial,4.26,2026-08-07
E1399,Psicología,1,22,Prefiere no responder,8.7,6.6,117,TransMilenio,2,4,2,6.8,Todos los días,3,Visualización,Híbrida,3.2,2026-08-05
E1400,Administración,4,21,Mujer,12.1,6.6,48,Caminando,3,4,2,12.3,A veces,3,IA y ML,Híbrida,3.5,2026-08-08
E1401,Ingeniería de Sistemas,9,19,Mujer,24.4,7.5,68,Bicicleta,4,3,1,8.2,Frecuentemente,5,Ciencia social computacional,Presencial,3.59,2026-08-13
E1402,Ciencia de Datos,4,19,Hombre,16.1,8.2,76,Caminando,4,5,2,10.7,Todos los días,3,Ciencia social computacional,Presencial,3.46,2026-08-17
E1403,Diseño,6,25,Hombre,12.1,7.1,52,TransMilenio,4,4,4,14.4,A veces,2,Analítica de negocio,Presencial,3.27,2026-08-17
E1404,Administración,3,18,Mujer,21.6,7.2,59,Moto,4,5,2,6.6,Frecuentemente,3,No estoy seguro,Híbrida,3.51,2026-08-15
E1405,Ingeniería Industrial,5,20,Hombre,20.1,7.7,,Bus,4,3,2,0,Frecuentemente,2,No estoy seguro,Presencial,3.07,2026-08-12
E1406,Economía,4,20,Hombre,9.1,7.6,15,TransMilenio,3,5,3,1.5,Todos los días,4,Ciencia social computacional,Presencial,2.89,2026-08-15
E1407,Ingeniería de Sistemas,3,20,Hombre,26.2,7.2,29,TransMilenio,5,3,3,10.8,Frecuentemente,4,IA y ML,Híbrida,4.02,2026-08-02
E1408,Economía,5,25,Hombre,20.6,7.1,26,Bus,4,4,2,11.2,A veces,4,Ingeniería de datos,Presencial,3.53,2026-08-08
E1409,Ingeniería Industrial,4,22,Hombre,21.8,6.5,94,Caminando,5,4,0,12.2,Todos los días,3,Visualización,Presencial,3.72,2026-08-10
E1410,Economía,4,21,Mujer,11.2,8.1,72,Carro,2,4,6,0,Nunca,4,Visualización,Híbrida,4.04,2026-08-15
E1411,Administración,3,22,Mujer,13.2,7.8,82,Bicicleta,3,4,4,14.9,Frecuentemente,3,Analítica de negocio,Presencial,3.96,2026-08-18
E1412,Diseño,1,19,Mujer,12.2,7.6,73,Moto,4,4,2,7.0,Frecuentemente,2,IA y ML,Presencial,3.01,2026-08-06
E1413,Ingeniería de Sistemas,7,20,Mujer,24.1,5.6,31,Caminando,4,4,3,15.6,Frecuentemente,4,Analítica de negocio,Presencial,3.3,2026-08-07
E1414,Ingeniería de Sistemas,7,23,Hombre,16.1,6.2,52,Bus,5,3,4,7.9,A veces,5,Ciencia social computacional,Presencial,3.81,2026-08-08
E1415,Administración,2,20,Mujer,24.8,7.9,33,Bus,3,4,6,5.1,A veces,3,No estoy seguro,Híbrida,4.22,2026-08-01
E1416,Ciencia de Datos,5,20,Hombre,17.2,8.4,43,Carro,4,4,1,4.8,Frecuentemente,3,Visualización,Presencial,3.26,2026-08-11
E1417,Diseño,4,20,Hombre,12.6,8.7,55,TransMilenio,3,5,3,5.0,Todos los días,4,No estoy seguro,Presencial,3.12,2026-08-06
E1418,Ingeniería Industrial,5,22,Hombre,27.9,6.3,96,Carro,4,4,3,8.5,A veces,1,No estoy seguro,Presencial,3.53,2026-08-05
E1419,Administración,5,21,Hombre,23.5,7.6,31,Caminando,5,5,2,11.3,A veces,1,IA y ML,Presencial,3.4,2026-08-03
E1420,Psicología,4,20,Mujer,21.7,8.5,81,Bus,4,4,4,9.2,A veces,3,Analítica de negocio,Presencial,3.47,2026-08-04
E1421,Diseño,1,16,Mujer,9.6,6.5,55,Bus,3,4,1,8.5,Todos los días,2,Analítica de negocio,Híbrida,3.4,2026-08-19
E1422,Ciencia de Datos,3,18,Hombre,19.5,6.9,68,Bus,4,3,5,4.6,Nunca,5,Ciencia social computacional,Virtual,3.43,2026-08-13
E1423,Economía,4,21,Hombre,21.0,5.7,37,Carro,5,4,5,6.0,Frecuentemente,3,No estoy seguro,Presencial,3.92,2026-08-12
E1424,Psicología,6,20,Mujer,23.2,5.7,19,Moto,5,4,2,13.0,Todos los días,3,Analítica de negocio,Presencial,3.47,2026-08-21
E1425,Economía,6,21,Hombre,19.0,5.7,10,TransMilenio,5,5,3,3.1,A veces,1,Analítica de negocio,Presencial,3.78,2026-08-18
E1426,Ingeniería de Sistemas,6,23,Mujer,23.8,5.8,104,Caminando,4,5,5,3.4,Nunca,5,No estoy seguro,Presencial,3.24,2026-08-13
E1427,Ciencia de Datos,3,20,Hombre,15.7,7.0,63,Caminando,3,4,7,0,Todos los días,5,IA y ML,Presencial,3.56,2026-08-17
E1428,Psicología,5,20,Mujer,15.0,6.6,34,TransMilenio,3,5,1,14.2,A veces,1,No estoy seguro,Presencial,3.38,2026-08-13
E1429,Ingeniería Industrial,2,16,Hombre,15.2,6.6,0,Bus,5,5,5,8.3,Nunca,2,IA y ML,Híbrida,3.49,2026-08-09
E1430,Ingeniería de Sistemas,6,19,Mujer,14.3,,20,Carro,4,4,1,14.1,Frecuentemente,4,Ciencia social computacional,Híbrida,3.24,2026-08-08
E1431,Economía,6,21,Mujer,10.8,6.0,49,Bicicleta,5,4,2,3.0,Frecuentemente,3,No estoy seguro,Virtual,3.07,2026-08-02
E1432,Administración,5,21,Hombre,20.9,6.8,54,Carro,5,3,1,11.0,Frecuentemente,1,Analítica de negocio,Presencial,3.8,2026-08-19
E1433,Diseño,2,21,Hombre,8.4,5.4,85,Bicicleta,5,4,1,10.0,A veces,3,IA y ML,Presencial,2.87,2026-08-18
E1434,Administración,4,19,Hombre,7.0,6.0,70,TransMilenio,5,3,3,5.1,Todos los días,2,Ciencia social computacional,Presencial,2.77,2026-08-05
E1435,Ciencia de Datos,3,21,Hombre,13.1,7.7,58,Carro,3,5,2,3.5,Frecuentemente,4,IA y ML,Virtual,3.99,2026-08-17
E1436,Ingeniería de Sistemas,5,24,Mujer,9.3,6.6,65,Bicicleta,5,4,1,7.9,A veces,3,Analítica de negocio,Híbrida,3.08,2026-08-21
E1437,Ingeniería de Sistemas,6,20,Mujer,15.3,6.4,41,TransMilenio,2,5,2,6.3,Todos los días,3,Analítica de negocio,Presencial,4.1,2026-08-11
E1438,Economía,5,21,Hombre,14.9,7.5,79,Bicicleta,4,4,3,2.8,Frecuentemente,2,Ingeniería de datos,Híbrida,3.57,2026-08-14
E1439,Economía,5,21,Hombre,16.1,6.8,71,Caminando,4,4,2,13.1,A veces,1,IA y ML,Híbrida,3.16,2026-08-16
E1440,Ciencia de Datos,3,19,Mujer,18.8,7.6,54,TransMilenio,3,5,0,11.5,Todos los días,4,Ingeniería de datos,Presencial,3.38,2026-08-02
E1441,Economía,4,19,Hombre,18.5,5.7,87,TransMilenio,5,2,2,2.3,Todos los días,3,IA y ML,Presencial,3.35,2026-08-03
E1442,Diseño,3,25,Hombre,10.7,7.7,19,Carro,2,4,2,4.9,Todos los días,2,IA y ML,Presencial,3.56,2026-08-09
E1443,Ingeniería Industrial,2,18,Hombre,13.2,8.4,88,Bicicleta,4,5,3,4.9,Todos los días,4,Ingeniería de datos,Híbrida,3.47,2026-08-16
E1444,Ingeniería Industrial,3,22,Hombre,18.3,6.4,99,Carro,5,4,6,13.1,Frecuentemente,3,Ciencia social computacional,Presencial,3.91,2026-08-21
E1445,Ingeniería Industrial,2,19,Mujer,8.5,8.2,45,TransMilenio,3,4,5,7.9,A veces,4,Ciencia social computacional,Presencial,3.57,2026-08-16
E1446,Ciencia de Datos,1,21,Mujer,5.5,7.0,54,Carro,4,3,4,9.5,Todos los días,4,Analítica de negocio,Presencial,3.95,2026-08-15
E1447,Ingeniería de Sistemas,7,22,Mujer,27.2,6.4,0,Bicicleta,5,3,2,4.0,Frecuentemente,2,Ingeniería de datos,Presencial,3.94,2026-08-15
E1448,Psicología,8,22,Mujer,24.4,6.5,124,Carro,5,4,1,12.9,Frecuentemente,2,IA y ML,Presencial,3.35,2026-08-12
E1449,Psicología,4,21,Hombre,16.4,5.3,69,Carro,4,4,1,2.3,A veces,3,IA y ML,Híbrida,2.68,2026-08-21
E1450,Economía,3,20,Mujer,9.7,6.8,11,Moto,4,4,3,8.4,A veces,1,Ingeniería de datos,Presencial,2.89,2026-08-16
E1451,Economía,1,19,Hombre,13.2,7.7,10,Carro,3,5,3,10.5,A veces,5,Ciencia social computacional,Presencial,3.37,2026-08-13
E1452,Ciencia de Datos,4,22,Hombre,18.8,6.7,45,TransMilenio,4,2,0,9.9,A veces,5,Ingeniería de datos,Presencial,3.61,2026-08-17
E1453,Ingeniería Industrial,3,18,Hombre,22.9,7.9,9,Carro,3,5,0,4.9,A veces,3,No estoy seguro,Híbrida,3.53,2026-08-12
E1454,Administración,4,20,Mujer,15.5,,77,TransMilenio,4,2,3,11.8,A veces,3,IA y ML,Presencial,3.58,2026-08-15
E1455,Diseño,3,22,Mujer,10.9,6.3,90,TransMilenio,3,4,0,2.6,Todos los días,3,No estoy seguro,Presencial,3.63,2026-08-01
E1456,Economía,4,23,Mujer,12.2,6.0,82,Caminando,4,4,3,3.9,Todos los días,1,Ingeniería de datos,Presencial,4.0,2026-08-16
E1457,Administración,7,21,Hombre,23.8,7.6,54,Moto,3,5,5,3.8,Frecuentemente,1,IA y ML,Presencial,3.6,2026-08-06
E1458,Administración,2,20,Hombre,15.5,6.2,24,Moto,5,3,4,4.8,Frecuentemente,2,Ingeniería de datos,Presencial,4.1,2026-08-12
E1459,Administración,5,24,Mujer,17.0,7.2,2,Carro,4,3,0,7.6,A veces,2,Analítica de negocio,Presencial,3.82,2026-08-02
E1460,Ingeniería Industrial,4,22,Mujer,9.4,6.1,35,Moto,3,4,5,12.6,A veces,2,Analítica de negocio,Presencial,3.38,2026-08-01
E1461,Psicología,4,23,Mujer,9.7,9.1,63,Bus,3,3,2,8.7,Frecuentemente,3,Ciencia social computacional,Híbrida,3.26,2026-08-19
E1462,Ciencia de Datos,4,18,Mujer,20.2,7.5,48,Bus,5,4,5,7.9,Frecuentemente,4,IA y ML,Presencial,3.16,2026-08-05
E1463,Ciencia de Datos,1,18,Mujer,17.5,7.2,1,TransMilenio,4,4,6,12.2,Frecuentemente,5,Ciencia social computacional,Presencial,3.3,2026-08-19
E1464,Economía,4,19,Hombre,19.2,6.9,14,TransMilenio,4,3,3,7.2,Frecuentemente,2,IA y ML,Presencial,3.19,2026-08-11
E1465,Administración,7,22,Hombre,18.5,6.4,103,Carro,5,4,4,2.7,Frecuentemente,2,IA y ML,Presencial,3.64,2026-08-08
E1466,Ciencia de Datos,5,21,Hombre,29.3,7.0,,TransMilenio,5,3,4,11.2,Todos los días,5,Analítica de negocio,Híbrida,3.75,2026-08-17
E1467,Ciencia de Datos,7,19,Mujer,20.4,5.9,56,TransMilenio,5,3,0,11.4,A veces,4,No estoy seguro,Presencial,3.66,2026-08-09
E1468,Ingeniería Industrial,5,22,Mujer,25.7,7.4,55,TransMilenio,5,4,6,12.4,A veces,3,Visualización,Presencial,3.78,2026-08-16
E1469,Economía,5,21,Hombre,21.4,6.1,19,Caminando,4,4,1,5.5,Todos los días,4,No estoy seguro,Presencial,4.01,2026-08-13
E1470,Ciencia de Datos,7,24,Hombre,22.7,6.9,91,Carro,4,4,2,10.2,Frecuentemente,2,Analítica de negocio,Híbrida,3.78,2026-08-14
E1471,Diseño,5,21,Mujer,25.0,6.4,44,Bicicleta,4,3,0,8.3,Frecuentemente,3,Ciencia social computacional,Presencial,3.65,2026-08-14
E1472,Administración,5,21,Hombre,11.6,8.8,46,TransMilenio,3,4,5,8.5,Todos los días,3,Ingeniería de datos,Virtual,3.3,2026-08-07
E1473,Diseño,1,18,Mujer,19.7,5.6,57,Carro,5,4,0,4.4,Todos los días,4,Ciencia social computacional,Presencial,3.5,2026-08-16
E1474,Psicología,4,19,Hombre,13.9,6.0,84,Bus,4,4,1,6.4,A veces,2,Visualización,Presencial,3.18,2026-08-01
E1475,Administración,2,18,Mujer,11.5,5.9,35,Caminando,5,3,4,0.4,Todos los días,1,Ingeniería de datos,Presencial,3.29,2026-08-14
E1476,Administración,5,19,Hombre,18.6,8.3,13,Bus,3,5,2,4.2,Todos los días,2,Visualización,Presencial,3.89,2026-08-15
E1477,Ciencia de Datos,4,20,Mujer,16.8,7.7,78,TransMilenio,5,4,2,0,Todos los días,3,Analítica de negocio,Presencial,3.77,2026-08-08
E1478,Ciencia de Datos,8,24,Hombre,26.8,6.7,79,Bicicleta,5,2,5,0,A veces,4,IA y ML,Híbrida,3.57,2026-08-13
E1479,Economía,3,19,Mujer,18.8,6.4,67,TransMilenio,5,3,4,8.3,A veces,2,No estoy seguro,Presencial,3.74,2026-08-10
E1480,Ingeniería de Sistemas,2,20,Mujer,9.3,8.2,,Bicicleta,3,4,4,11.7,A veces,5,Analítica de negocio,Virtual,3.99,2026-08-14
E1481,Administración,3,21,Mujer,22.2,7.1,81,Carro,4,5,2,10.6,A veces,3,Visualización,Presencial,4.1,2026-08-16
E1482,Ciencia de Datos,7,24,Hombre,15.2,6.4,77,Bus,5,4,2,6.8,Frecuentemente,2,IA y ML,Híbrida,3.14,2026-08-16
E1483,Ingeniería Industrial,4,20,Hombre,18.8,5.8,57,Caminando,4,3,3,5.5,A veces,3,IA y ML,Híbrida,3.09,2026-08-16
E1484,Ciencia de Datos,3,19,Mujer,22.9,6.1,54,TransMilenio,5,3,4,13.0,Frecuentemente,5,Analítica de negocio,Presencial,3.81,2026-08-09
E1485,Ciencia de Datos,3,22,Mujer,16.7,6.7,67,Bus,4,4,2,7.7,A veces,2,Analítica de negocio,Presencial,3.24,2026-08-02
E1486,Ingeniería Industrial,4,20,Hombre,14.6,7.0,29,Carro,4,4,7,9.0,Frecuentemente,1,Ingeniería de datos,Presencial,3.5,2026-08-18
E1487,Administración,4,21,Mujer,16.0,7.9,35,Bus,3,5,4,3.9,Nunca,2,Ingeniería de datos,Presencial,3.3,2026-08-19
E1488,Ingeniería de Sistemas,6,19,Hombre,11.8,7.7,81,Bus,3,4,3,6.6,Frecuentemente,3,Ingeniería de datos,Virtual,3.74,2026-08-15
E1489,Diseño,5,19,Hombre,17.7,5.7,14,TransMilenio,4,2,2,15.6,Frecuentemente,1,IA y ML,Híbrida,3.57,2026-08-03
E1490,Ingeniería Industrial,1,19,Hombre,14.0,5.9,109,TransMilenio,5,2,6,5.8,A veces,3,Visualización,Presencial,2.75,2026-08-05
E1491,Ingeniería Industrial,8,25,Mujer,25.0,7.1,0,Caminando,3,4,3,8.9,Frecuentemente,1,Visualización,Presencial,3.74,2026-08-21
E1492,Ingeniería Industrial,2,18,Mujer,10.5,7.8,32,TransMilenio,4,4,1,8.7,A veces,2,No estoy seguro,Híbrida,3.2,2026-08-21
E1493,Ciencia de Datos,6,25,Mujer,20.1,6.1,47,TransMilenio,4,4,5,7.0,Nunca,4,IA y ML,Presencial,3.23,2026-08-12
E1494,Ingeniería de Sistemas,3,19,Hombre,15.7,5.8,76,Moto,5,3,2,10.1,Nunca,2,IA y ML,Híbrida,3.55,2026-08-09
E1495,Psicología,3,20,Mujer,12.3,7.8,86,Bicicleta,4,4,4,7.6,Frecuentemente,3,No estoy seguro,Presencial,3.55,2026-08-01
E1496,Economía,4,20,Hombre,16.0,7.3,129,Carro,5,4,3,5.5,Frecuentemente,1,No estoy seguro,Presencial,2.99,2026-08-11
E1497,Economía,2,16,Hombre,1.5,7.2,73,Carro,3,4,2,8.8,A veces,2,Ingeniería de datos,Presencial,3.28,2026-08-07
E1498,Ciencia de Datos,4,18,Hombre,13.6,6.3,30,Caminando,3,5,2,5.8,Frecuentemente,2,Ingeniería de datos,Presencial,3.51,2026-08-02
E1499,Administración,3,23,Mujer,9.9,6.1,44,Bicicleta,3,3,3,14.8,A veces,1,IA y ML,Virtual,3.26,2026-08-01
E1500,Ingeniería Industrial,2,21,Hombre,7.0,8.0,15,Carro,3,5,2,5.1,A veces,3,IA y ML,Presencial,2.96,2026-08-01
E1501,Psicología,4,22,Hombre,18.4,6.4,61,TransMilenio,5,4,2,8.3,Nunca,1,Visualización,Presencial,3.34,2026-08-02
E1502,Ingeniería Industrial,2,19,Mujer,18.2,7.6,58,TransMilenio,4,4,2,4.5,A veces,1,Ciencia social computacional,Virtual,3.51,2026-08-09
E1503,Economía,3,19,Mujer,10.3,5.8,44,TransMilenio,5,4,4,5.1,Nunca,3,Analítica de negocio,Presencial,3.52,2026-08-17
E1504,Ciencia de Datos,1,20,Prefiere no responder,15.4,7.8,48,TransMilenio,4,4,2,3.1,A veces,4,Ingeniería de datos,Presencial,3.43,2026-08-11
E1505,Economía,5,20,Hombre,26.7,8.3,34,Moto,4,4,2,7.6,Todos los días,3,Analítica de negocio,Híbrida,4.21,2026-08-18
E1506,Economía,7,24,Mujer,14.2,8.0,94,TransMilenio,3,4,4,9.1,A veces,2,Ciencia social computacional,Presencial,3.49,2026-08-14
E1507,Economía,3,20,Mujer,18.3,9.2,116,TransMilenio,4,4,3,16.7,Frecuentemente,3,Analítica de negocio,Presencial,3.93,2026-08-05
E1508,Ingeniería de Sistemas,4,18,mujer,15.9,6.7,48,Caminando,5,3,2,9.8,Frecuentemente,3,Ingeniería de datos,Híbrida,3.61,2026-08-03
E1509,Ingeniería de Sistemas,2,16,Hombre,19.1,,89,Bus,4,3,4,8.4,A veces,3,IA y ML,Presencial,3.78,2026-08-01
E1510,Administración,6,23,Hombre,18.3,7.5,29,Carro,3,4,2,12.9,A veces,2,No estoy seguro,Presencial,3.1,2026-08-13
E1511,Economía,6,21,Hombre,13.7,6.0,69,Moto,5,3,2,6.2,A veces,3,,Presencial,2.95,2026-08-14
E1512,Ingeniería de Sistemas,5,23,Hombre,20.4,7.1,45,TransMilenio,4,4,1,5.8,A veces,4,Ciencia social computacional,Presencial,3.58,2026-08-21
E1513,Economía,5,25,Mujer,22.5,7.0,65,Bus,4,4,1,3.7,Frecuentemente,3,IA y ML,Presencial,3.26,2026-08-16
E1514,Ciencia de Datos,6,22,Mujer,8.3,6.6,83,TransMilenio,4,4,2,6.3,A veces,4,IA y ML,Presencial,3.06,2026-08-11
E1515,Ingeniería Industrial,6,22,Hombre,25.5,7.1,99,Carro,4,3,3,8.5,A veces,4,Analítica de negocio,Presencial,4.25,2026-08-10
E1516,Ingeniería Industrial,4,21,Mujer,24.5,6.2,41,TransMilenio,4,3,3,8.9,Frecuentemente,2,No estoy seguro,Presencial,3.44,2026-08-21
E1517,Ingeniería de Sistemas,6,22,Mujer,12.2,6.7,56,Carro,4,4,3,12.0,Frecuentemente,5,IA y ML,Presencial,3.41,2026-08-10
E1518,Ciencia de Datos,5,20,Hombre,21.7,7.3,50,Bus,4,3,2,0.7,A veces,2,Ciencia social computacional,Presencial,3.58,2026-08-01
E1519,Ingeniería Industrial,2,20,Hombre,17.6,5.3,55,Carro,5,3,4,7.1,Frecuentemente,2,Ciencia social computacional,Presencial,3.15,2026-08-20
E1520,Ingeniería Industrial,6,19,Hombre,15.4,6.6,67,TransMilenio,4,3,1,7.1,Frecuentemente,1,IA y ML,Presencial,3.78,2026-08-15
E1521,Ciencia de Datos,3,21,Mujer,16.7,6.5,10,Bus,4,3,4,10.4,A veces,4,Ciencia social computacional,Presencial,3.21,2026-08-01
E1522,Ingeniería Industrial,5,24,Hombre,13.4,5.5,33,Caminando,5,2,0,3.5,Todos los días,2,Visualización,Híbrida,3.59,2026-08-16
E1523,Ingeniería de Sistemas,1,18,Mujer,16.9,6.8,63,Bicicleta,4,4,3,13.1,Frecuentemente,2,Analítica de negocio,Híbrida,3.42,2026-08-08
E1524,Ciencia de Datos,4,19,Hombre,11.9,7.7,52,TransMilenio,4,4,3,1.1,Frecuentemente,4,Analítica de negocio,Híbrida,3.28,2026-08-15
E1525,Ingeniería de Sistemas,5,22,Mujer,20.8,5.4,33,TransMilenio,5,4,1,5.4,A veces,3,IA y ML,Híbrida,3.61,2026-08-15
E1526,Ingeniería Industrial,4,19,Hombre,11.5,6.8,52,Moto,4,4,3,14.7,Todos los días,2,Ingeniería de datos,Virtual,3.6,2026-08-03
E1527,Ciencia Datos,3,21,Mujer,17.2,6.1,93,Carro,4,3,6,6.8,Todos los días,4,IA y ML,Virtual,3.08,2026-08-10
E1528,Ingeniería de Sistemas,2,21,Mujer,16.9,6.4,67,TransMilenio,3,5,1,11.7,Todos los días,2,Visualización,Presencial,3.85,2026-08-09
E1529,Ingeniería de Sistemas,2,19,Hombre,14.4,8.6,61,Caminando,3,4,3,12.7,Todos los días,4,No estoy seguro,Presencial,3.4,2026-08-20
E1530,Ciencia de Datos,8,24,Mujer,36.8,6.3,50,Caminando,4,4,3,0.6,Todos los días,3,No estoy seguro,Presencial,3.89,2026-08-10
E1531,Ciencia de Datos,6,21,Hombre,14.7,7.2,57,Carro,5,3,0,16.9,A veces,3,IA y ML,Presencial,3.85,2026-08-01
E1532,Administración,6,21,Hombre,13.5,7.9,19,TransMilenio,3,4,4,13.6,Todos los días,3,IA y ML,Híbrida,3.9,2026-08-16
E1533,Economía,3,20,Mujer,26.1,6.5,56,TransMilenio,4,3,2,13.3,Frecuentemente,4,Ciencia social computacional,Híbrida,3.82,2026-08-11
E1534,Psicología,2,20,Hombre,21.9,6.5,29,Bus,5,4,7,7.2,A veces,3,Ciencia social computacional,Híbrida,3.65,2026-08-13
E1535,Ingeniería de Sistemas,4,21,Mujer,12.4,6.1,55,Carro,5,4,4,5.0,A veces,4,Ciencia social computacional,Presencial,3.54,2026-08-09
E1536,Ingeniería de Sistemas,7,20,Hombre,25.6,6.7,49,Moto,4,3,2,12.2,Todos los días,4,IA y ML,Presencial,4.15,2026-08-04
E1537,Administración,6,22,Hombre,23.7,6.6,89,Carro,5,3,5,13.1,Nunca,5,Ingeniería de datos,Híbrida,3.58,2026-08-02
E1538,Ciencia de Datos,3,20,Mujer,17.2,6.4,43,TransMilenio,4,5,1,4.8,A veces,4,IA y ML,Híbrida,3.59,2026-08-17
E1539,Ciencia de Datos,4,18,Mujer,26.6,6.6,18,Carro,4,5,1,4.4,A veces,3,Ingeniería de datos,Presencial,4.1,2026-08-17
E1540,Ciencia de Datos,5,19,Mujer,5.7,6.0,24,Bus,4,3,2,12.0,Frecuentemente,4,No estoy seguro,Presencial,3.32,2026-08-05
E1541,Ciencia de Datos,4,21,Hombre,12.8,7.3,42,Carro,4,4,3,10.7,A veces,4,IA y ML,Presencial,3.2,2026-08-07
E1542,Ingeniería Industrial,3,18,Mujer,10.1,6.2,57,Caminando,5,4,1,2.3,Frecuentemente,1,IA y ML,Híbrida,2.52,2026-08-05
E1543,Diseño,3,19,Mujer,19.6,7.4,27,TransMilenio,3,5,1,9.9,A veces,2,IA y ML,Presencial,3.68,2026-08-17
E1544,Ingeniería Industrial,2,23,Hombre,11.8,5.7,71,Carro,3,4,3,7.5,Frecuentemente,3,IA y ML,Presencial,3.49,2026-08-17
E1545,Ciencia de Datos,2,19,Hombre,12.1,7.7,30,TransMilenio,2,4,2,14.2,Frecuentemente,2,No estoy seguro,Presencial,3.99,2026-08-05
E1546,Ciencia de Datos,3,19,No binario,1.7,6.5,55,TransMilenio,3,3,2,5.7,A veces,3,Ciencia social computacional,Presencial,3.26,2026-08-11
E1547,Ingeniería Industrial,2,18,Hombre,15.3,5.5,101,TransMilenio,4,5,0,10.2,A veces,2,Visualización,Presencial,3.68,2026-08-09
E1548,Economía,6,24,Mujer,21.4,5.2,92,TransMilenio,5,3,4,6.8,Frecuentemente,3,IA y ML,Híbrida,3.27,2026-08-10
E1549,Administración,4,22,Hombre,11.4,6.7,59,Moto,4,4,1,9.7,Frecuentemente,3,IA y ML,Presencial,3.98,2026-08-06
E1550,Administración,3,22,Hombre,16.8,6.5,50,Carro,4,5,0,15.3,Frecuentemente,3,IA y ML,Presencial,3.49,2026-08-15
E1551,Diseño,3,20,Mujer,16.3,6.6,45,Carro,4,3,4,5.7,A veces,2,Ingeniería de datos,Presencial,3.23,2026-08-01
E1552,Ciencia de Datos,6,21,Hombre,20.3,,23,Bicicleta,4,3,3,6.2,Nunca,4,Analítica de negocio,Presencial,3.52,2026-08-11
E1553,Ciencia de Datos,4,18,Mujer,23.2,6.1,29,Carro,3,4,4,10.3,Todos los días,2,Ciencia social computacional,Presencial,3.7,2026-08-20
E1554,Ciencia de Datos,4,19,Mujer,19.2,7.7,11,Carro,4,3,3,7.7,A veces,4,No estoy seguro,Presencial,3.61,2026-08-01
E1555,Ingeniería de Sistemas,2,20,Mujer,21.0,7.2,41,Carro,5,5,4,11.2,A veces,4,No estoy seguro,Híbrida,3.55,2026-08-05
E1556,Ingeniería Industrial,4,21,Hombre,16.8,5.6,0,Bus,3,4,5,12.2,A veces,2,Analítica de negocio,Presencial,3.64,2026-08-08
E1557,Economía,6,24,Hombre,24.8,7.1,0,Carro,4,4,2,13.9,Todos los días,2,No estoy seguro,Presencial,3.86,2026-08-11
E1558,Administración,4,20,Mujer,9.8,7.2,61,Bus,4,4,1,8.0,A veces,1,Visualización,Presencial,3.54,2026-08-08
E1559,Ciencia de Datos,2,20,Mujer,14.5,7.6,101,Carro,4,4,3,8.4,Todos los días,2,Analítica de negocio,Híbrida,3.68,2026-08-05
E1560,Ciencia de Datos,2,21,No binario,14.0,6.3,90,TransMilenio,4,3,3,11.4,Frecuentemente,3,Analítica de negocio,Presencial,3.27,2026-08-03
E1561,Ciencia de Datos,5,23,Hombre,16.5,6.8,43,Bus,5,4,5,4.1,A veces,5,No estoy seguro,Presencial,2.81,2026-08-12
E1562,Psicología,2,16,Mujer,9.0,7.0,0,Carro,4,4,3,5.5,Frecuentemente,2,IA y ML,Presencial,3.2,2026-08-09
E1563,Ingeniería de Sistemas,3,19,Hombre,7.7,5.5,14,TransMilenio,3,5,2,7.0,A veces,4,,Híbrida,2.94,2026-08-19
E1564,Diseño,2,20,Mujer,11.8,7.6,38,Bus,5,4,3,5.6,Frecuentemente,3,Ingeniería de datos,Híbrida,2.74,2026-08-05
E1565,Ingeniería de Sistemas,3,16,Hombre,11.1,6.3,32,Bicicleta,3,4,0,2.5,Nunca,4,No estoy seguro,Presencial,3.2,2026-08-16
E1566,Economía,2,16,Hombre,4.0,8.2,38,TransMilenio,3,5,5,5.1,Todos los días,2,No estoy seguro,Presencial,3.59,2026-08-19
E1567,Diseño,5,23,Mujer,18.2,6.0,39,Bus,4,3,4,7.8,Frecuentemente,2,IA y ML,Presencial,3.24,2026-08-20
E1568,Ingeniería de Sistemas,2,22,Hombre,12.0,6.9,21,Carro,4,2,0,14.1,Frecuentemente,4,Visualización,Presencial,2.7,2026-08-18
E1569,Ciencia de Datos,2,20,Hombre,22.5,6.9,0,TransMilenio,4,5,3,13.1,Frecuentemente,4,No estoy seguro,Presencial,4.01,2026-08-07
E1570,Ingeniería Industrial,3,23,Hombre,16.5,6.0,46,TransMilenio,5,4,1,7.8,A veces,3,Visualización,Presencial,3.75,2026-08-18
E1571,Ingeniería Industrial,4,18,Mujer,17.7,4.6,90,Bus,5,4,4,5.5,A veces,4,IA y ML,Presencial,3.51,2026-08-02
E1572,Ciencia de Datos,6,23,Hombre,17.8,7.7,65,Carro,5,3,2,4.4,A veces,1,No estoy seguro,Presencial,3.8,2026-08-02
E1573,Ingeniería de Sistemas,3,20,Mujer,10.6,8.9,62,Caminando,2,5,2,11.6,A veces,5,Ingeniería de datos,Presencial,3.45,2026-08-01
E1574,Diseño,2,19,Mujer,19.5,7.4,43,TransMilenio,5,4,1,3.1,A veces,2,Ingeniería de datos,Presencial,3.84,2026-08-01
E1575,Psicología,3,21,Hombre,13.7,6.8,71,Bus,4,5,3,8.8,Frecuentemente,1,No estoy seguro,Presencial,3.22,2026-08-07
E1576,Economía,2,18,Hombre,11.7,8.0,59,Bicicleta,4,3,1,12.3,Frecuentemente,4,No estoy seguro,Presencial,4.13,2026-08-06
E1577,Psicología,4,21,Mujer,24.2,6.5,27,Carro,5,2,4,0,Nunca,3,Analítica de negocio,Presencial,3.75,2026-08-07
E1578,Ingeniería Industrial,4,19,Hombre,12.5,8.4,,Bus,3,4,3,11.3,Frecuentemente,3,No estoy seguro,Presencial,4.13,2026-08-20
E1579,Ciencia de Datos,7,21,Hombre,27.8,7.9,57,TransMilenio,5,4,3,12.6,Todos los días,4,Visualización,Presencial,3.47,2026-08-15
E1580,Administración,4,20,Mujer,23.4,6.8,17,Bus,5,4,4,11.0,A veces,2,Ingeniería de datos,Híbrida,3.18,2026-08-03
E1581,Psicología,6,26,Hombre,22.1,6.4,44,Carro,4,5,5,7.5,Frecuentemente,3,Ciencia social computacional,Híbrida,3.16,2026-08-09
E1582,Ingeniería de Sistemas,1,18,Hombre,9.1,6.5,74,TransMilenio,3,4,1,9.5,Frecuentemente,4,Ingeniería de datos,Presencial,3.41,2026-08-14
E1583,Ingeniería Industrial,1,20,Mujer,10.3,,27,Bus,3,5,2,11.2,Frecuentemente,4,IA y ML,Híbrida,3.68,2026-08-03
E1584,Administración,5,21,Mujer,13.3,7.4,52,Bus,3,3,4,9.3,Frecuentemente,2,IA y ML,Presencial,3.54,2026-08-21
E1585,Ingeniería de Sistemas,3,22,Hombre,19.4,5.8,75,TransMilenio,5,4,3,8.0,Frecuentemente,3,Analítica de negocio,Virtual,3.27,2026-08-13
E1586,Administración,2,22,Prefiere no responder,18.0,6.3,44,TransMilenio,3,5,3,8.6,Frecuentemente,2,No estoy seguro,Presencial,3.23,2026-08-06
E1587,Ciencia de Datos,3,20,Hombre,10.9,7.0,48,Moto,4,3,1,4.5,A veces,3,No estoy seguro,Presencial,3.27,2026-08-03
E1588,Ciencia de Datos,2,22,Mujer,11.0,6.8,44,TransMilenio,3,4,3,7.9,Nunca,3,Visualización,Presencial,3.68,2026-08-21
E1589,Ingeniería Industrial,3,19,Mujer,18.7,6.9,78,Caminando,4,4,1,4.6,Frecuentemente,1,No estoy seguro,Presencial,3.59,2026-08-11
E1590,Economía,6,22,Mujer,12.6,7.1,37,TransMilenio,3,3,3,5.4,Frecuentemente,3,,Presencial,3.56,2026-08-07
E1591,Ingeniería de Sistemas,7,23,Hombre,11.8,8.2,73,Moto,3,5,3,13.3,Frecuentemente,2,,Presencial,3.68,2026-08-13
E1592,Ingeniería de Sistemas,1,19,Hombre,1.3,8.1,53,Bus,3,3,1,9.9,Nunca,3,Ingeniería de datos,Presencial,3.6,2026-08-03
E1593,Ingeniería Industrial,3,20,Mujer,24.7,6.5,35,Bicicleta,5,3,1,7.7,Frecuentemente,3,Visualización,Presencial,3.52,2026-08-11
E1594,Ciencia de Datos,7,20,Mujer,22.3,7.8,81,TransMilenio,4,3,3,6.7,Frecuentemente,3,Visualización,Presencial,3.85,2026-08-11
E1595,Economía,4,20,Mujer,14.0,6.7,47,Carro,4,4,2,6.7,Frecuentemente,5,No estoy seguro,Presencial,3.7,2026-08-14
E1596,Ingeniería Industrial,6,19,Hombre,30.5,6.9,50,Caminando,4,5,4,3.8,Todos los días,1,No estoy seguro,Presencial,3.81,2026-08-05
E1597,Psicología,6,19,Hombre,15.5,5.7,22,Bus,4,4,5,17.4,Frecuentemente,2,Visualización,Presencial,2.82,2026-08-06
E1598,Ciencia de Datos,4,19,Hombre,19.0,5.3,41,Bus,5,4,3,11.7,Todos los días,1,Visualización,Presencial,3.66,2026-08-19
E1599,Psicología,1,18,Mujer,11.9,8.0,87,Moto,3,4,3,16.4,A veces,1,,Virtual,3.9,2026-08-01
E1600,Economía,4,22,Hombre,15.0,5.5,127,Moto,4,3,4,5.2,Nunca,3,No estoy seguro,Presencial,3.57,2026-08-10
E1601,Ingeniería de Sistemas,4,23,Hombre,6.1,8.0,76,Carro,4,3,4,7.3,Todos los días,3,No estoy seguro,Híbrida,3.73,2026-08-20
E1602,Ingeniería Industrial,4,22,Mujer,17.3,6.5,62,TransMilenio,4,3,3,10.9,A veces,2,No estoy seguro,Presencial,2.96,2026-08-16
E1603,Ciencia de Datos,1,20,Mujer,2.3,7.5,3,Caminando,4,5,4,9.7,Frecuentemente,5,No estoy seguro,Presencial,2.75,2026-08-02
E1604,Diseño,4,19,Hombre,18.8,5.9,98,Bus,4,4,0,10.7,A veces,2,Ingeniería de datos,Presencial,3.45,2026-08-17
E1605,Ciencia de Datos,7,26,Hombre,12.9,6.6,45,Moto,4,4,1,1.2,Frecuentemente,5,Ciencia social computacional,Presencial,3.22,2026-08-18
E1606,Psicología,4,20,Mujer,16.9,6.9,94,Caminando,5,4,0,4.8,Nunca,2,IA y ML,Presencial,2.8,2026-08-01
E1607,Ingeniería Industrial,2,20,Mujer,11.6,8.5,94,Carro,3,5,6,6.5,A veces,1,IA y ML,Presencial,3.55,2026-08-08
E1608,Ciencia de Datos,4,17,Mujer,16.0,7.0,74,Moto,4,4,4,12.7,Frecuentemente,3,Ciencia social computacional,Híbrida,3.95,2026-08-21
E1609,Administración,2,20,Mujer,17.0,8.2,87,Bus,3,4,1,11.9,A veces,3,Analítica de negocio,Presencial,3.83,2026-08-15
E1610,Ingeniería Industrial,8,21,Mujer,13.1,5.6,105,Bus,5,3,3,10.4,Frecuentemente,3,Analítica de negocio,Híbrida,3.21,2026-08-17
E1611,Economía,5,19,Prefiere no responder,20.8,5.0,92,Transmilenio,5,4,4,0.5,Nunca,2,Ciencia social computacional,Presencial,3.41,2026-08-21
E1612,Ingeniería de Sistemas,2,16,Prefiere no responder,12.4,6.3,84,TransMilenio,5,3,4,6.4,Frecuentemente,3,IA y ML,Presencial,3.31,2026-08-03
E1613,Psicología,5,23,Mujer,5.5,6.4,48,Caminando,4,4,2,1.0,Frecuentemente,1,Visualización,Híbrida,3.58,2026-08-02
E1614,Ingeniería de Sistemas,3,22,Mujer,16.4,7.4,57,Bicicleta,4,5,2,7.7,A veces,3,IA y ML,Híbrida,3.16,2026-08-05
E1615,Ingeniería de Sistemas,4,22,Hombre,11.5,8.6,54,Carro,3,5,3,9.6,A veces,3,Ciencia social computacional,Presencial,3.45,2026-08-21
E1616,Ingeniería de Sistemas,4,22,Mujer,24.5,6.5,77,Carro,4,3,2,3.2,Todos los días,3,Visualización,Presencial,3.91,2026-08-12
E1617,Psicología,6,22,Hombre,19.1,8.1,81,TransMilenio,5,4,4,14.9,A veces,1,IA y ML,Presencial,3.47,2026-08-11
E1618,Ciencia de Datos,5,23,Mujer,8.2,8.8,25,Caminando,3,4,0,8.5,Nunca,3,IA y ML,Presencial,3.46,2026-08-06
E1619,Ciencia de Datos,5,20,Mujer,16.6,7.3,55,Caminando,4,5,5,8.9,Frecuentemente,1,IA y ML,Híbrida,3.27,2026-08-02
E1620,Ciencia de Datos,3,20,Mujer,7.0,6.8,40,TransMilenio,5,4,2,14.2,A veces,4,IA y ML,Presencial,3.77,2026-08-01
E1621,Economía,7,24,Mujer,18.2,6.7,44,Bus,3,3,2,9.4,Todos los días,3,Visualización,Híbrida,4.07,2026-08-21
E1622,Ingeniería Industrial,6,23,Mujer,22.4,5.7,40,Moto,5,3,1,17.5,Todos los días,3,Analítica de negocio,Presencial,3.82,2026-08-07
E1623,Economía,3,18,Mujer,8.6,7.2,80,TransMilenio,4,5,5,12.2,Frecuentemente,4,No estoy seguro,Presencial,2.36,2026-08-02
E1624,Ciencia de Datos,4,19,Mujer,13.8,5.3,6,TransMilenio,3,4,4,10.2,A veces,4,IA y ML,Presencial,3.22,2026-08-19
E1625,Diseño,5,21,Hombre,19.5,7.7,4,TransMilenio,3,4,3,9.0,Frecuentemente,1,Visualización,Virtual,4.18,2026-08-03
E1626,Diseño,3,23,Mujer,20.8,5.8,41,Carro,5,3,2,7.9,Frecuentemente,3,IA y ML,Presencial,3.46,2026-08-08
E1627,Ingeniería Industrial,5,19,Mujer,19.6,6.8,77,Bus,4,5,4,1.8,A veces,3,Ingeniería de datos,Presencial,3.62,2026-08-13
E1628,Administración,4,21,Hombre,21.7,5.7,0,Bus,5,4,4,2.5,Frecuentemente,2,Ciencia social computacional,Virtual,4.04,2026-08-01
E1629,Psicología,4,18,Mujer,16.7,6.6,27,TransMilenio,5,3,2,14.6,Todos los días,2,Analítica de negocio,Presencial,3.52,2026-08-08
E1630,Ingeniería Industrial,3,20,Mujer,15.6,6.5,21,TransMilenio,5,4,4,6.1,Nunca,2,IA y ML,Presencial,3.5,2026-08-01
E1631,Administración,1,21,Hombre,10.1,8.8,19,TransMilenio,3,5,2,3.2,Nunca,3,Visualización,Presencial,2.94,2026-08-18
E1632,Administración,3,21,Hombre,19.4,6.9,26,Moto,5,4,4,11.2,A veces,3,Analítica de negocio,Híbrida,3.51,2026-08-08
E1633,Ingeniería de Sistemas,1,18,Hombre,7.6,7.0,15,TransMilenio,3,4,3,8.4,A veces,4,Analítica de negocio,Presencial,2.91,2026-08-17
E1634,Ingeniería de Sistemas,5,18,Mujer,18.6,7.0,99,TransMilenio,4,4,1,15.4,Frecuentemente,3,IA y ML,Presencial,3.56,2026-08-01
E1635,Ingeniería de Sistemas,6,24,Mujer,23.8,7.3,10,Bicicleta,4,4,0,12.6,A veces,4,Analítica de negocio,Híbrida,4.08,2026-08-03
E1636,Ciencia de Datos,1,18,Hombre,9.6,7.1,27,Bicicleta,3,5,4,7.2,A veces,4,Ciencia social computacional,Híbrida,3.4,2026-08-08
E1637,Ingeniería de Sistemas,5,22,Mujer,15.0,8.4,46,TransMilenio,5,3,5,4.6,Nunca,2,IA y ML,Presencial,3.89,2026-08-14
E1638,Economía,5,23,Mujer,22.4,7.1,85,Caminando,4,4,3,9.4,Todos los días,4,No estoy seguro,Presencial,3.55,2026-08-17
E1639,Ingeniería Industrial,2,22,Mujer,5.0,6.1,48,Bicicleta,4,4,3,7.0,A veces,1,No estoy seguro,Presencial,3.11,2026-08-14
E1640,Administración,4,21,Hombre,5.9,7.5,45,Caminando,3,4,4,14.6,Frecuentemente,2,Analítica de negocio,Híbrida,3.44,2026-08-19
E1641,Ingeniería Industrial,3,19,Hombre,14.1,7.4,73,Carro,4,3,4,6.1,Todos los días,4,Ciencia social computacional,Presencial,3.21,2026-08-14
E1642,Ciencia de Datos,1,18,No binario,18.5,8.8,99,Bicicleta,5,4,5,3.4,A veces,3,Ingeniería de datos,Presencial,3.97,2026-08-11
E1643,Economía,4,23,Hombre,14.7,5.8,65,Caminando,4,3,2,16.5,Todos los días,4,IA y ML,Presencial,2.57,2026-08-04
E1644,Ciencia de Datos,5,21,Hombre,13.1,4.7,74,Bicicleta,5,5,4,2.9,Todos los días,3,Ingeniería de datos,Híbrida,3.44,2026-08-06
E1645,Economía,7,20,Hombre,17.7,7.6,107,Caminando,5,3,2,1.8,Frecuentemente,3,Ingeniería de datos,Híbrida,3.28,2026-08-18
E1646,Ciencia de Datos,2,21,Mujer,26.1,6.6,72,Bus,5,3,4,10.2,A veces,3,Ciencia social computacional,Híbrida,2.66,2026-08-15
E1647,Psicología,3,18,Hombre,23.2,7.5,97,TransMilenio,4,4,3,6.9,A veces,4,Ingeniería de datos,Presencial,4.0,2026-08-17
E1648,Ingeniería Industrial,5,21,Hombre,11.4,7.6,94,Caminando,2,5,4,3.4,Todos los días,4,No estoy seguro,Presencial,3.18,2026-08-16
E1649,Psicología,1,16,Hombre,17.8,5.7,43,Carro,5,4,1,6.5,Todos los días,3,IA y ML,Híbrida,3.3,2026-08-01
E1650,Ingeniería de Sistemas,1,20,Hombre,15.9,7.3,50,Bus,3,5,4,11.9,Todos los días,4,IA y ML,Presencial,3.25,2026-08-12
E1651,Ingeniería de Sistemas,2,20,Hombre,0,6.5,52,TransMilenio,3,4,0,15.2,Frecuentemente,4,No estoy seguro,Presencial,3.38,2026-08-02
E1652,Ingeniería de Sistemas,2,17,Hombre,13.5,6.7,23,Caminando,3,4,0,8.6,Frecuentemente,5,No estoy seguro,Presencial,3.68,2026-08-17
E1653,Ingeniería Industrial,5,23,Mujer,16.3,5.7,95,TransMilenio,3,4,3,5.3,Todos los días,3,Ciencia social computacional,Presencial,3.15,2026-08-13
E1654,Ingeniería Industrial,5,21,Hombre,26.8,5.9,52,Carro,4,4,6,8.3,Nunca,2,Ciencia social computacional,Presencial,4.11,2026-08-14
E1655,Psicología,1,22,Mujer,15.3,8.7,0,TransMilenio,4,5,6,10.9,Nunca,2,No estoy seguro,Híbrida,3.98,2026-08-09
E1656,Administración,4,22,Mujer,17.7,6.1,63,Carro,4,4,2,8.4,A veces,2,Ingeniería de datos,Presencial,3.33,2026-08-01
E1657,Ciencia de Datos,5,18,Hombre,7.4,8.1,0,TransMilenio,4,4,3,10.3,Frecuentemente,3,Analítica de negocio,Presencial,3.51,2026-08-08
E1658,Ingeniería de Sistemas,1,22,Hombre,6.7,6.4,52,Bus,3,4,3,11.4,Frecuentemente,4,No estoy seguro,Presencial,2.86,2026-08-19
E1659,Ingeniería Industrial,3,19,Hombre,17.0,7.8,50,Caminando,4,4,4,2.3,Frecuentemente,1,Visualización,Presencial,3.02,2026-08-05
E1660,Ingeniería Industrial,1,17,Hombre,13.7,6.9,72,TransMilenio,3,4,1,3.7,Frecuentemente,4,Visualización,Presencial,4.03,2026-08-01
E1661,Diseño,3,19,Mujer,14.0,6.2,46,TransMilenio,3,3,3,9.7,Frecuentemente,2,Analítica de negocio,Presencial,3.52,2026-08-15
E1662,Ciencia de Datos,5,26,Mujer,14.8,5.6,45,TransMilenio,5,3,0,5.8,Frecuentemente,4,No estoy seguro,Presencial,3.64,2026-08-17
E1663,Diseño,3,19,Mujer,15.5,7.3,5,Caminando,4,3,4,7.1,Frecuentemente,3,IA y ML,Presencial,3.24,2026-08-21
E1664,Ingeniería de Sistemas,5,19,Mujer,10.3,4.2,,Bus,3,4,3,3.9,Frecuentemente,4,Analítica de negocio,Presencial,3.65,2026-08-01
E1665,Ingeniería Industrial,3,21,Hombre,13.0,7.3,36,Bus,5,4,2,9.4,A veces,4,Visualización,Presencial,3.17,2026-08-01
E1666,Ingeniería Industrial,6,20,Hombre,16.7,6.0,67,Carro,4,4,4,9.8,Nunca,4,IA y ML,Presencial,3.94,2026-08-15
E1667,Psicología,2,21,Hombre,19.2,6.8,14,TransMilenio,5,4,2,10.4,Todos los días,2,Analítica de negocio,Presencial,3.37,2026-08-13
E1668,Ciencia de Datos,3,21,Hombre,16.9,6.6,84,Bus,4,4,0,12.0,Frecuentemente,3,Ciencia social computacional,Híbrida,3.62,2026-08-18
E1669,Diseño,3,19,Mujer,12.0,7.6,63,Moto,4,4,0,7.5,A veces,2,IA y ML,Presencial,3.95,2026-08-12
E1670,Economía,2,19,Mujer,13.9,6.3,53,TransMilenio,3,4,1,16.9,Frecuentemente,2,Visualización,Híbrida,2.69,2026-08-02
E1671,Administración,5,17,Mujer,10.3,6.8,37,Bus,3,5,2,1.8,A veces,3,Analítica de negocio,Presencial,2.92,2026-08-17
E1672,Ingeniería Industrial,3,19,Mujer,16.7,8.5,66,Bus,3,4,1,12.6,Nunca,3,Visualización,Presencial,4.08,2026-08-13
E1673,Ingeniería Industrial,5,17,Mujer,21.7,6.5,71,Carro,4,4,2,13.8,Frecuentemente,4,Analítica de negocio,Híbrida,3.44,2026-08-17
E1674,Ingeniería de Sistemas,4,22,Mujer,27.1,6.6,81,Caminando,5,3,1,8.2,A veces,1,IA y ML,Híbrida,3.9,2026-08-03
E1675,Ingeniería de Sistemas,4,21,Mujer,20.4,6.8,14,Bicicleta,4,5,2,4.2,Todos los días,4,IA y ML,Presencial,3.5,2026-08-10
E1676,Ciencia de Datos,3,19,Mujer,14.8,7.7,78,Bicicleta,4,4,4,3.7,A veces,5,IA y ML,Presencial,3.53,2026-08-16
E1677,Ciencia de Datos,3,20,Hombre,18.7,7.0,45,Bus,5,4,3,6.9,Frecuentemente,4,Ingeniería de datos,Presencial,3.36,2026-08-19
E1678,Ciencia de Datos,6,24,Hombre,14.6,,58,TransMilenio,5,4,3,5.2,Todos los días,3,Visualización,Híbrida,3.63,2026-08-16
E1679,Ciencia de Datos,4,21,Mujer,23.4,6.5,57,Caminando,5,4,2,6.3,Todos los días,2,Analítica de negocio,Presencial,3.65,2026-08-14
E1680,Ciencia de Datos,3,21,Hombre,14.4,7.4,60,Carro,4,4,0,4.5,Frecuentemente,3,No estoy seguro,Híbrida,3.97,2026-08-16
E1681,Diseño,8,25,Hombre,15.8,6.6,69,Carro,5,3,3,4.7,Todos los días,1,No estoy seguro,Híbrida,3.36,2026-08-21
E1682,Ingeniería Industrial,1,21,Prefiere no responder,15.1,6.7,60,TransMilenio,4,4,4,11.0,Todos los días,3,IA y ML,Híbrida,3.51,2026-08-21
E1683,Administración,6,20,Hombre,18.9,7.1,35,Bicicleta,5,4,0,9.0,Frecuentemente,2,IA y ML,Híbrida,3.61,2026-08-14
E1684,Ingeniería de Sistemas,2,18,Prefiere no responder,6.3,7.6,2,Caminando,3,3,1,6.7,Frecuentemente,4,Analítica de negocio,Presencial,3.38,2026-08-05
E1685,Administración,6,19,Mujer,25.5,7.9,63,Caminando,2,5,2,8.7,Todos los días,1,,Presencial,3.75,2026-08-04
E1686,Ingeniería Industrial,2,20,Mujer,7.6,6.2,63,TransMilenio,4,4,1,11.2,Frecuentemente,2,No estoy seguro,Presencial,2.68,2026-08-05
E1687,Economía,2,20,Mujer,6.4,6.5,12,Bus,2,4,1,16.0,Nunca,5,IA y ML,Presencial,3.87,2026-08-15
E1688,Psicología,4,23,Mujer,16.3,6.6,69,Bicicleta,3,4,3,3.1,Todos los días,3,IA y ML,Híbrida,3.34,2026-08-10
E1689,Ingeniería de Sistemas,1,19,Mujer,21.3,6.9,28,Carro,5,5,3,11.6,Frecuentemente,3,Analítica de negocio,Presencial,3.75,2026-08-05
E1690,Administración,5,19,Hombre,16.0,6.5,84,TransMilenio,5,3,1,4.6,Frecuentemente,1,IA y ML,Presencial,3.63,2026-08-06
E1691,Administración,4,17,Mujer,22.8,8.5,66,TransMilenio,3,5,5,7.1,Todos los días,3,Analítica de negocio,Presencial,3.78,2026-08-01
E1692,Ingeniería de Sistemas,1,19,Hombre,6.4,5.5,18,Bus,5,4,5,10.2,Nunca,2,,Presencial,3.54,2026-08-03
E1693,Ciencia de Datos,5,22,Hombre,25.0,7.0,62,Carro,4,4,4,7.7,Frecuentemente,3,No estoy seguro,Híbrida,3.03,2026-08-08
E1694,Administración,2,20,Hombre,9.9,7.2,30,TransMilenio,5,3,2,8.1,Frecuentemente,3,No estoy seguro,Presencial,3.13,2026-08-16
E1695,Economía,1,18,Mujer,13.2,6.6,101,TransMilenio,5,4,4,15.3,Todos los días,2,Visualización,Presencial,2.88,2026-08-19
E1696,Ingeniería de Sistemas,1,20,Mujer,10.6,8.1,51,Carro,4,3,2,4.7,Frecuentemente,5,No estoy seguro,Híbrida,3.39,2026-08-14
E1697,Ingeniería Industrial,3,18,No binario,21.0,8.1,104,TransMilenio,4,4,6,10.6,A veces,3,IA y ML,Presencial,3.27,2026-08-06
E1698,Ingeniería de Sistemas,3,18,Mujer,29.2,6.2,79,Carro,4,4,4,8.3,A veces,1,Ingeniería de datos,Presencial,3.95,2026-08-18
E1699,Ingeniería de Sistemas,2,20,Hombre,12.0,6.9,47,Bus,4,4,5,10.9,A veces,2,Analítica de negocio,Presencial,3.05,2026-08-05
E1700,Ingeniería de Sistemas,6,24,Hombre,23.1,6.3,109,TransMilenio,5,3,6,8.0,Nunca,3,Analítica de negocio,Presencial,3.67,2026-08-20
E1701,Ingeniería de Sistemas,3,23,Mujer,18.8,6.6,20,Bus,4,4,0,6.3,A veces,4,IA y ML,Presencial,3.09,2026-08-20
E1702,Ingeniería de Sistemas,5,24,Hombre,22.5,7.0,29,TransMilenio,4,3,3,3.2,A veces,3,IA y ML,Presencial,3.51,2026-08-17
E1703,Ciencia de Datos,6,21,Mujer,15.5,4.8,62,Carro,5,4,4,8.7,Todos los días,5,Visualización,Presencial,3.09,2026-08-07
E1704,Ingeniería Industrial,8,23,Hombre,23.8,6.3,84,Moto,4,4,3,10.1,A veces,4,No estoy seguro,Presencial,3.4,2026-08-13
E1705,Ingeniería de Sistemas,3,22,Hombre,15.1,7.9,57,Caminando,4,5,3,14.1,A veces,4,No estoy seguro,Presencial,3.8,2026-08-05
E1706,Ciencia de Datos,2,23,Hombre,12.2,7.8,78,Moto,4,3,4,4.4,Frecuentemente,4,IA y ML,Presencial,2.97,2026-08-07
E1707,Economía,4,21,Mujer,17.8,5.6,82,TransMilenio,5,4,0,0,Nunca,4,IA y ML,Presencial,3.37,2026-08-09
E1708,Economía,5,21,Hombre,37.2,6.7,16,Moto,5,5,0,0,Frecuentemente,2,IA y ML,Presencial,3.93,2026-08-13
E1709,Administración,1,19,Hombre,11.9,6.2,36,Bicicleta,2,4,7,13.9,Frecuentemente,3,Visualización,Híbrida,3.46,2026-08-21
E1710,Administración,1,18,Mujer,11.2,7.0,89,TransMilenio,5,4,0,12.5,A veces,2,Analítica de negocio,Presencial,3.25,2026-08-16
E1711,Ingeniería de Sistemas,3,21,Hombre,11.9,7.2,54,TransMilenio,3,4,1,9.9,Frecuentemente,5,No estoy seguro,Presencial,3.57,2026-08-16
E1712,Diseño,3,21,Mujer,22.3,7.6,2,TransMilenio,4,4,4,9.4,A veces,2,Analítica de negocio,Presencial,4.44,2026-08-07
E1713,Ingeniería de Sistemas,4,23,Hombre,15.9,8.1,54,Bicicleta,4,4,3,14.5,Todos los días,3,IA y ML,Presencial,3.37,2026-08-21
E1714,Psicología,3,19,Mujer,9.3,7.9,48,Carro,4,4,1,4.7,Frecuentemente,3,No estoy seguro,Presencial,3.8,2026-08-13
E1715,Ciencia de Datos,5,18,Mujer,13.9,7.1,64,Caminando,5,3,2,9.5,A veces,4,No estoy seguro,Presencial,3.66,2026-08-12
E1716,Diseño,2,18,Hombre,15.5,6.8,52,TransMilenio,3,5,6,14.4,Frecuentemente,3,Ingeniería de datos,Híbrida,4.1,2026-08-01
E1717,Administración,2,18,Mujer,7.7,6.6,30,Bicicleta,3,5,3,5.5,A veces,4,Analítica de negocio,Presencial,4.01,2026-08-19
E1718,Ingeniería Industrial,3,21,Mujer,23.6,7.4,34,Caminando,5,4,4,11.1,Frecuentemente,1,No estoy seguro,Presencial,3.86,2026-08-09
E1719,Administración,1,19,Mujer,5.6,5.8,2,Bicicleta,2,4,5,9.9,Todos los días,2,No estoy seguro,Híbrida,3.05,2026-08-05
E1720,Ingeniería Industrial,1,19,Hombre,9.1,6.9,50,Bicicleta,3,3,2,6.3,A veces,2,,Presencial,3.23,2026-08-12
E1721,Ingeniería Industrial,4,20,No binario,11.1,6.7,34,Carro,4,5,2,10.3,A veces,4,Visualización,Presencial,3.38,2026-08-09
E1722,Administración,3,21,Mujer,16.0,8.7,40,TransMilenio,5,4,4,15.0,Frecuentemente,3,IA y ML,Híbrida,3.33,2026-08-05
E1723,Ingeniería de Sistemas,1,19,Mujer,9.8,6.7,101,Bus,3,4,2,15.5,Todos los días,3,No estoy seguro,Híbrida,3.44,2026-08-05
E1724,Diseño,8,24,Hombre,29.9,6.7,77,TransMilenio,5,4,0,4.4,Nunca,3,Ingeniería de datos,Presencial,3.61,2026-08-16
E1725,Administración,7,25,Mujer,8.0,8.3,48,Bus,5,4,2,8.8,Todos los días,3,Analítica de negocio,Presencial,3.45,2026-08-21
E1726,Ingeniería Industrial,5,21,Hombre,11.5,7.0,47,Caminando,3,5,2,6.5,Nunca,3,Analítica de negocio,Presencial,3.41,2026-08-11
E1727,Ingeniería de Sistemas,2,20,Hombre,20.1,6.4,114,Carro,4,4,5,15.2,Frecuentemente,3,IA y ML,Presencial,3.51,2026-08-19
E1728,Ingeniería de Sistemas,6,21,Hombre,26.4,8.7,39,TransMilenio,3,5,7,9.0,Frecuentemente,5,IA y ML,Presencial,3.84,2026-08-13
E1729,Diseño,1,22,Hombre,12.4,8.0,85,Bicicleta,3,4,2,5.4,Todos los días,2,Ciencia social computacional,Presencial,3.04,2026-08-15
E1730,Ingeniería Industrial,3,22,Mujer,13.2,6.1,1,Caminando,3,4,0,8.0,A veces,3,Ciencia social computacional,Presencial,3.14,2026-08-13
E1731,Administración,4,24,Mujer,9.8,6.9,51,TransMilenio,3,4,4,13.5,Frecuentemente,3,Analítica de negocio,Híbrida,3.49,2026-08-06
E1732,Psicología,5,24,Mujer,19.1,8.3,53,Bus,3,5,6,10.7,A veces,3,No estoy seguro,Presencial,3.33,2026-08-20
E1733,Economía,3,21,Mujer,5.9,5.8,74,Moto,4,3,6,9.1,Frecuentemente,3,Visualización,Híbrida,3.13,2026-08-02
E1734,Administración,7,22,Mujer,16.3,8.1,90,Carro,4,4,4,7.6,Nunca,3,No estoy seguro,Presencial,3.68,2026-08-02
E1735,Administración,3,18,Hombre,16.0,6.6,38,Bicicleta,4,3,1,17.7,A veces,3,Analítica de negocio,Presencial,3.73,2026-08-16
E1736,Economía,3,22,Hombre,10.5,6.9,30,Bicicleta,3,4,2,8.2,Todos los días,1,No estoy seguro,Presencial,3.38,2026-08-17
E1737,Diseño,2,20,Mujer,5.8,8.7,34,Bus,3,4,1,9.6,Frecuentemente,1,IA y ML,Híbrida,3.32,2026-08-17
E1738,Ciencia de Datos,3,17,Hombre,19.4,6.5,73,Bicicleta,4,4,3,7.5,Frecuentemente,3,Visualización,Presencial,3.91,2026-08-11
E1739,Administración,3,20,Mujer,11.5,7.3,54,Bus,4,4,1,3.6,Frecuentemente,4,Ciencia social computacional,Híbrida,3.25,2026-08-17
E1740,Ciencia de Datos,5,24,Mujer,21.0,7.4,77,Bus,3,5,0,1.8,A veces,3,Analítica de negocio,Presencial,3.6,2026-08-05
E1741,Ingeniería Industrial,1,20,Hombre,14.7,6.3,20,TransMilenio,3,5,3,6.6,Todos los días,3,Visualización,Presencial,3.36,2026-08-09
E1742,Psicología,2,20,Mujer,12.1,7.3,86,Bicicleta,3,4,4,11.6,A veces,4,Ciencia social computacional,Presencial,3.09,2026-08-09
E1743,Economía,4,19,Mujer,21.8,8.2,61,Bus,4,3,5,15.0,Todos los días,2,Ingeniería de datos,Presencial,4.25,2026-08-21
E1744,Administración,6,23,Mujer,20.1,5.3,35,Bus,4,3,4,0.2,Frecuentemente,4,Visualización,Virtual,3.35,2026-08-07
E1745,Ingeniería Industrial,5,17,Hombre,26.7,6.6,44,Caminando,5,3,1,5.5,Frecuentemente,4,IA y ML,Presencial,3.53,2026-08-03
E1746,Ingeniería de Sistemas,2,18,Hombre,17.8,6.7,67,Carro,3,4,3,13.5,Todos los días,4,No estoy seguro,Híbrida,3.14,2026-08-14
E1747,Ciencia de Datos,1,17,Hombre,8.0,6.9,18,TransMilenio,2,4,5,9.4,A veces,4,No estoy seguro,Presencial,3.62,2026-08-02
E1748,Economía,5,22,Mujer,25.2,7.1,88,TransMilenio,4,4,5,8.2,A veces,2,IA y ML,Presencial,3.54,2026-08-03
E1749,Ingeniería de Sistemas,2,18,Mujer,20.4,6.5,52,Bus,4,3,4,7.0,A veces,5,IA y ML,Presencial,3.4,2026-08-10
E1750,Ciencia de Datos,4,21,Hombre,10.6,7.9,93,TransMilenio,4,4,2,6.0,Frecuentemente,4,Ciencia social computacional,Presencial,3.8,2026-08-15
E1751,Economía,2,18,Hombre,8.5,6.6,66,Carro,3,4,5,6.7,Todos los días,2,Analítica de negocio,Presencial,3.81,2026-08-11
E1752,Ingeniería Industrial,4,21,Mujer,11.8,6.7,66,Carro,4,4,0,13.1,Frecuentemente,4,Ciencia social computacional,Presencial,2.78,2026-08-19
E1753,Ingeniería de Sistemas,1,22,Hombre,15.8,6.9,70,TransMilenio,4,4,2,5.2,Todos los días,2,Ingeniería de datos,Presencial,3.32,2026-08-02
E1754,Ingeniería Industrial,3,21,Hombre,21.4,6.6,130,Carro,5,4,1,8.0,Todos los días,2,Visualización,Presencial,3.46,2026-08-09
E1755,Administración,3,22,Hombre,21.6,6.0,25,Caminando,5,5,0,9.8,A veces,2,Ingeniería de datos,Presencial,3.38,2026-08-05
E1756,Diseño,4,19,Mujer,11.6,5.5,1,TransMilenio,5,3,3,8.7,A veces,3,IA y ML,Presencial,3.57,2026-08-09
E1757,Ciencia de Datos,5,22,Prefiere no responder,11.6,6.8,40,Bus,4,4,3,7.0,Todos los días,3,Analítica de negocio,Híbrida,3.69,2026-08-12
E1758,Economía,4,21,Hombre,21.2,6.4,84,Carro,5,3,4,2.3,Frecuentemente,5,Analítica de negocio,Virtual,3.18,2026-08-06
E1759,Diseño,2,17,Mujer,13.5,7.5,51,TransMilenio,4,5,2,6.9,Frecuentemente,2,IA y ML,Presencial,3.59,2026-08-09
E1760,Ingeniería Industrial,4,23,Hombre,11.7,6.4,103,Bus,4,4,4,4.4,Frecuentemente,2,IA y ML,Presencial,3.73,2026-08-10
E1761,Ingeniería Industrial,6,20,Mujer,14.4,8.5,30,Caminando,3,4,2,10.0,Frecuentemente,3,IA y ML,Híbrida,3.87,2026-08-19
E1762,Ingeniería de Sistemas,5,19,Hombre,28.4,9.3,116,TransMilenio,4,4,3,13.6,A veces,4,Analítica de negocio,Presencial,4.04,2026-08-13
E1763,Diseño,4,22,Mujer,12.0,7.3,23,TransMilenio,4,3,3,10.8,A veces,3,IA y ML,Presencial,3.2,2026-08-02
E1764,Ciencia de Datos,2,19,Mujer,11.5,8.8,37,Caminando,5,3,3,7.4,Frecuentemente,2,Ciencia social computacional,Virtual,4.22,2026-08-03
E1765,Economía,5,22,Hombre,9.3,5.9,78,Caminando,4,3,2,7.2,Frecuentemente,2,Analítica de negocio,Presencial,3.24,2026-08-03
E1766,Diseño,1,17,Mujer,16.1,6.3,60,TransMilenio,5,4,4,8.4,A veces,2,Ciencia social computacional,Presencial,3.9,2026-08-11
E1767,Administración,3,20,Mujer,23.9,7.6,,TransMilenio,4,3,3,12.6,A veces,3,Analítica de negocio,Presencial,3.7,2026-08-07
E1768,Administración,9,25,Hombre,22.2,6.5,35,Bicicleta,5,4,1,7.0,A veces,3,No estoy seguro,Presencial,3.49,2026-08-21
E1769,Ciencia de Datos,4,20,No binario,16.2,7.2,63,Bicicleta,3,4,1,5.4,Todos los días,2,No estoy seguro,Presencial,3.26,2026-08-15
E1770,Economía,3,21,Hombre,10.9,5.7,63,Bus,4,4,4,7.3,Frecuentemente,2,Ingeniería de datos,Virtual,3.27,2026-08-12
E1771,Administración,6,20,Hombre,13.2,6.1,53,Bus,5,4,6,6.7,Frecuentemente,4,Ingeniería de datos,Presencial,3.21,2026-08-21
E1772,Ingeniería Industrial,6,23,Mujer,18.4,6.7,16,Moto,4,4,0,8.3,A veces,2,Analítica de negocio,Híbrida,3.83,2026-08-16
E1773,Ingeniería de Sistemas,3,19,Hombre,14.2,5.9,7,Bus,3,4,0,11.3,Frecuentemente,2,Ciencia social computacional,Presencial,3.09,2026-08-01
E1774,Administración,3,22,Hombre,16.5,7.2,105,Carro,5,4,0,4.6,Nunca,2,IA y ML,Presencial,3.47,2026-08-13
E1775,Economía,2,19,Hombre,10.1,5.7,1,Caminando,4,4,2,6.0,Frecuentemente,2,Visualización,Híbrida,3.62,2026-08-14
E1776,Economía,5,21,Mujer,10.1,4.7,81,Bus,3,3,1,13.2,Frecuentemente,4,IA y ML,Presencial,3.56,2026-08-04
E1777,Psicología,3,21,Hombre,21.7,5.1,26,Bicicleta,4,4,0,7.4,A veces,3,Analítica de negocio,Híbrida,3.82,2026-08-14
E1778,Economía,2,20,Hombre,20.6,6.8,20,Bus,2,4,2,13.1,A veces,4,Ingeniería de datos,Presencial,3.37,2026-08-11
E1779,Economía,3,22,Mujer,9.5,6.2,52,TransMilenio,3,4,3,10.4,Todos los días,4,Analítica de negocio,Presencial,3.73,2026-08-04
E1780,Economía,7,18,Hombre,13.8,7.0,72,TransMilenio,4,4,1,6.4,Nunca,2,Visualización,Híbrida,3.15,2026-08-16
E1781,Ingeniería Industrial,4,24,Mujer,15.7,6.6,34,Carro,4,3,3,10.0,A veces,3,Visualización,Presencial,3.63,2026-08-04
E1782,Ingeniería de Sistemas,7,21,Mujer,18.3,6.5,46,Carro,4,4,5,5.2,Frecuentemente,3,No estoy seguro,Presencial,4.0,2026-08-21
E1783,Economía,2,24,Hombre,7.9,7.0,58,TransMilenio,3,5,3,7.4,A veces,3,Analítica de negocio,Presencial,3.38,2026-08-11
E1784,Ingeniería de Sistemas,3,22,Hombre,16.7,6.6,54,TransMilenio,5,4,1,12.0,A veces,2,IA y ML,Presencial,2.63,2026-08-07
E1785,Ciencia de Datos,6,23,Hombre,22.4,4.4,64,Bus,4,3,4,9.4,Frecuentemente,5,IA y ML,Híbrida,3.88,2026-08-01
E1786,Ingeniería Industrial,5,23,Hombre,10.1,6.8,70,Transmilenio,4,4,3,7.7,Frecuentemente,4,Ingeniería de datos,Presencial,3.55,2026-08-20
E1787,Economía,4,22,Hombre,13.5,6.4,0,TransMilenio,4,4,4,6.9,A veces,2,Visualización,Híbrida,3.31,2026-08-02
E1788,Economía,6,24,Mujer,11.0,8.1,35,Bus,3,5,4,6.7,Todos los días,3,IA y ML,Presencial,3.57,2026-08-09
E1789,Administración,2,18,Mujer,14.2,7.7,0,Bicicleta,4,4,4,7.5,Nunca,4,No estoy seguro,Presencial,3.13,2026-08-16
E1790,Economía,7,22,Mujer,18.0,7.3,0,Carro,4,4,0,4.9,A veces,3,IA y ML,Híbrida,3.72,2026-08-03
E1791,Administración,5,21,Mujer,21.4,7.4,83,Caminando,5,3,4,10.2,Todos los días,2,Analítica de negocio,Presencial,3.6,2026-08-13
E1792,Ingeniería Industrial,5,21,Mujer,14.6,8.4,34,TransMilenio,4,4,5,4.7,A veces,1,Ingeniería de datos,Presencial,3.28,2026-08-19
E1793,Ciencia de Datos,2,22,Mujer,15.2,7.3,40,Carro,4,4,2,3.4,Frecuentemente,3,Analítica de negocio,Presencial,3.51,2026-08-17
E1794,Psicología,2,19,Hombre,9.0,7.1,65,Caminando,3,4,5,4.3,Frecuentemente,4,No estoy seguro,Presencial,3.52,2026-08-20
E1795,Diseño,2,17,Mujer,20.7,6.8,24,Carro,4,3,2,9.7,Frecuentemente,3,IA y ML,Presencial,3.11,2026-08-20
E1796,Psicología,5,22,Mujer,15.0,6.6,41,Caminando,4,5,2,3.1,Nunca,3,Visualización,Híbrida,3.57,2026-08-07
E1797,Ciencia de Datos,1,21,Hombre,16.2,6.5,61,Bicicleta,5,4,3,13.8,Todos los días,2,Analítica de negocio,Híbrida,3.26,2026-08-08
E1798,Psicología,4,24,Mujer,31.4,9.1,24,Caminando,4,5,3,8.6,A veces,2,IA y ML,Híbrida,4.13,2026-08-07
E1799,Economía,2,18,Hombre,6.5,6.7,77,Bus,3,4,3,0.6,Todos los días,2,Visualización,Presencial,3.82,2026-08-06
E1800,Administración,4,21,Mujer,14.9,6.9,59,Caminando,4,4,1,1.8,Frecuentemente,4,IA y ML,Híbrida,2.84,2026-08-05
E1801,Ingeniería Industrial,5,23,Hombre,8.2,7.5,89,TransMilenio,4,5,7,2.3,Frecuentemente,3,Ingeniería de datos,Presencial,3.31,2026-08-18
E1802,Economía,5,22,Hombre,14.3,5.1,24,Carro,5,3,3,3.4,Frecuentemente,1,No estoy seguro,Híbrida,3.21,2026-08-09
E1803,Ciencia de Datos,5,20,Hombre,18.1,6.2,14,Carro,4,4,3,3.4,A veces,4,IA y ML,Presencial,3.47,2026-08-02
E1804,Ingeniería Industrial,7,24,Prefiere no responder,5.3,7.8,53,TransMilenio,2,4,5,5.9,Frecuentemente,1,Analítica de negocio,Híbrida,3.15,2026-08-15
E1805,Ingeniería Industrial,1,21,Mujer,19.3,7.5,77,Carro,4,5,4,8.0,A veces,3,Ciencia social computacional,Presencial,3.4,2026-08-04
E1806,Ciencia de Datos,5,22,Mujer,14.6,6.7,61,TransMilenio,4,4,2,6.4,Frecuentemente,4,Visualización,Presencial,3.38,2026-08-11
E1807,Ciencia de Datos,4,24,Hombre,17.6,8.4,52,Caminando,4,4,2,3.5,Todos los días,4,IA y ML,Presencial,4.07,2026-08-16
E1808,Diseño,7,23,No binario,13.7,8.2,63,Caminando,4,4,1,4.4,A veces,3,Ciencia social computacional,Presencial,3.61,2026-08-20
E1809,Economía,3,19,Hombre,13.2,7.8,33,Caminando,2,5,3,12.4,A veces,2,Visualización,Presencial,4.07,2026-08-07
E1810,Ciencia de Datos,1,18,Mujer,23.0,7.4,51,TransMilenio,3,4,3,8.3,A veces,4,Visualización,Presencial,3.17,2026-08-01
E1811,Ciencia de Datos,5,19,Hombre,26.0,7.0,32,Bicicleta,5,3,0,11.0,A veces,4,Ingeniería de datos,Presencial,3.69,2026-08-17
E1812,Ingeniería Industrial,4,19,Hombre,19.1,5.6,44,Carro,5,4,0,5.6,Todos los días,3,IA y ML,Presencial,3.2,2026-08-07
E1813,Economía,3,19,Hombre,14.3,7.4,78,Caminando,4,4,1,7.0,Frecuentemente,3,IA y ML,Presencial,3.35,2026-08-15
E1814,Economía,5,23,Hombre,24.0,8.2,52,TransMilenio,4,5,0,11.8,Frecuentemente,3,Analítica de negocio,Híbrida,3.84,2026-08-17
E1815,Administración,1,17,Hombre,4.9,6.5,95,Bus,3,3,3,7.5,Frecuentemente,3,Visualización,Presencial,3.44,2026-08-03
E1816,Ingeniería de Sistemas,1,17,Hombre,9.7,7.1,44,Bus,4,4,4,10.2,A veces,1,Ciencia social computacional,Presencial,3.39,2026-08-15
E1817,Administración,4,21,Hombre,13.9,5.9,92,Bicicleta,4,4,2,3.2,A veces,1,Visualización,Presencial,3.27,2026-08-19
E1818,Ciencia de Datos,5,24,Mujer,16.7,6.5,62,Bus,4,4,3,10.9,A veces,5,IA y ML,Híbrida,3.67,2026-08-08
E1819,Ingeniería de Sistemas,6,19,Mujer,27.5,6.6,63,Bus,5,3,3,10.2,A veces,5,Ingeniería de datos,Presencial,3.49,2026-08-11
E1820,Ingeniería Industrial,5,24,Mujer,13.4,7.9,39,Carro,3,5,6,6.9,Frecuentemente,3,IA y ML,Presencial,2.9,2026-08-05
E1821,Psicología,5,18,Mujer,26.8,7.2,50,TransMilenio,4,4,0,0,Todos los días,3,Ciencia social computacional,Presencial,3.98,2026-08-16
E1822,Ingeniería de Sistemas,5,25,Mujer,18.8,8.5,7,Moto,3,4,5,10.5,Todos los días,4,Ciencia social computacional,Presencial,4.01,2026-08-16
E1823,Ciencia de Datos,4,23,Hombre,17.1,7.0,75,Bicicleta,5,4,4,6.6,A veces,4,Analítica de negocio,Híbrida,3.68,2026-08-10
E1824,Diseño,4,19,Hombre,8.4,6.1,31,Caminando,3,3,4,9.5,Frecuentemente,2,Visualización,Presencial,4.17,2026-08-15
E1825,Ingeniería de Sistemas,1,17,Hombre,9.3,6.7,,Bus,3,4,5,15.9,A veces,5,IA y ML,Presencial,3.66,2026-08-08
E1826,Ciencia de Datos,4,20,Mujer,21.6,6.1,76,Transmilenio,4,4,4,5.4,Nunca,3,Visualización,Presencial,4.21,2026-08-05
E1827,Ingeniería Industrial,2,21,Mujer,23.8,6.7,57,Bus,4,3,6,6.9,Nunca,2,Analítica de negocio,Presencial,4.01,2026-08-01
E1828,Economía,5,21,Mujer,17.6,6.7,12,TransMilenio,4,3,3,9.3,Frecuentemente,2,Analítica de negocio,Híbrida,3.96,2026-08-21
E1829,Psicología,4,24,Hombre,8.8,6.4,40,TransMilenio,5,2,5,5.2,Frecuentemente,4,Ingeniería de datos,Presencial,3.61,2026-08-03
E1830,Ingeniería de Sistemas,6,23,Mujer,14.6,7.1,0,TransMilenio,4,4,4,12.3,A veces,3,Ingeniería de datos,Híbrida,3.43,2026-08-10
E1831,Psicología,4,22,Mujer,9.5,6.5,67,Bicicleta,3,5,2,2.9,A veces,1,Visualización,Presencial,3.75,2026-08-02
E1832,Diseño,3,20,Hombre,8.9,7.8,25,Bus,3,5,3,5.3,A veces,3,Visualización,Presencial,3.96,2026-08-09
E1833,Ingeniería Industrial,6,20,Mujer,17.4,6.7,6,TransMilenio,5,4,3,14.2,A veces,1,Visualización,Presencial,3.41,2026-08-12
E1834,Administración,2,17,Hombre,14.3,7.4,19,Caminando,4,3,1,11.8,A veces,5,IA y ML,Presencial,3.59,2026-08-12
E1835,Ingeniería Industrial,7,22,Hombre,28.6,7.2,101,Carro,5,4,3,11.4,Frecuentemente,1,Analítica de negocio,Presencial,3.96,2026-08-04
E1836,Administración,3,20,Mujer,18.0,7.4,57,TransMilenio,5,3,6,6.9,A veces,2,No estoy seguro,Presencial,3.11,2026-08-09
E1837,Psicología,1,20,Mujer,18.3,6.5,59,Caminando,3,3,1,4.8,Frecuentemente,4,Ciencia social computacional,Presencial,3.13,2026-08-17
E1838,Diseño,1,20,Hombre,20.9,5.1,55,Carro,5,3,2,8.5,A veces,4,IA y ML,Presencial,2.76,2026-08-07
E1839,Economía,5,25,Hombre,15.0,6.9,9,Bicicleta,5,4,1,14.1,A veces,3,Ingeniería de datos,Presencial,3.56,2026-08-17
E1840,Ciencia de Datos,5,21,Mujer,18.2,8.0,95,TransMilenio,4,4,0,9.0,Frecuentemente,3,Ciencia social computacional,Híbrida,3.87,2026-08-05
E1841,Ingeniería de Sistemas,6,21,Hombre,18.1,7.4,63,TransMilenio,5,4,0,12.2,Frecuentemente,3,IA y ML,Presencial,3.92,2026-08-19
E1842,Ciencia de Datos,3,21,Mujer,10.8,6.9,53,Bus,4,4,5,4.7,Todos los días,3,No estoy seguro,Presencial,3.1,2026-08-13
E1843,Psicología,5,20,Hombre,28.3,7.7,39,TransMilenio,4,4,5,6.8,Frecuentemente,2,IA y ML,Híbrida,3.88,2026-08-20
E1844,Ingeniería Industrial,4,21,Hombre,22.4,7.2,131,Carro,5,4,3,9.5,A veces,1,Ciencia social computacional,Presencial,4.13,2026-08-15
E1845,Economía,6,22,Hombre,16.4,5.8,14,TransMilenio,5,4,3,13.6,Frecuentemente,3,No estoy seguro,Híbrida,3.65,2026-08-09
E1846,Ingeniería Industrial,6,22,Hombre,36.9,5.4,31,TransMilenio,5,5,4,0,Todos los días,1,Analítica de negocio,Presencial,3.64,2026-08-15
E1847,Administración,5,21,Mujer,23.7,6.4,80,TransMilenio,5,2,0,7.2,Todos los días,3,Ingeniería de datos,Presencial,3.53,2026-08-15
E1848,Ingeniería de Sistemas,4,19,Mujer,14.6,6.6,21,Bus,2,4,4,9.0,Frecuentemente,3,Ingeniería de datos,Híbrida,3.67,2026-08-06
E1849,Diseño,2,21,Hombre,16.6,7.3,29,Carro,4,5,5,10.4,Todos los días,3,IA y ML,Presencial,3.56,2026-08-02
E1850,Economía,2,18,Mujer,3.1,6.1,54,Carro,5,3,3,12.8,A veces,1,No estoy seguro,Híbrida,3.42,2026-08-13
E1851,Ingeniería de Sistemas,6,21,Hombre,8.1,6.1,23,Caminando,4,5,1,12.8,A veces,3,Ingeniería de datos,Virtual,3.56,2026-08-14
E1852,Ingeniería de Sistemas,5,22,Hombre,22.2,5.6,51,Carro,4,4,2,12.2,Nunca,4,IA y ML,Híbrida,3.44,2026-08-14
E1853,Administración,2,22,Hombre,21.2,,134,Bus,4,5,3,6.9,Frecuentemente,4,Analítica de negocio,Presencial,3.36,2026-08-13
E1854,Administración,4,21,Hombre,21.7,5.6,27,Caminando,5,2,3,18.2,Frecuentemente,2,Analítica de negocio,Presencial,3.46,2026-08-05
E1855,Ingeniería Industrial,8,19,Prefiere no responder,23.2,7.3,100,Bus,5,3,3,8.3,A veces,2,Ingeniería de datos,Presencial,3.63,2026-08-01
E1856,Economía,2,20,Hombre,3.7,6.4,80,Carro,3,5,2,5.9,A veces,3,No estoy seguro,Presencial,3.23,2026-08-21
E1857,Ingeniería de Sistemas,3,19,Hombre,3.5,7.8,46,Carro,5,5,0,10.2,Nunca,2,Visualización,Presencial,3.63,2026-08-13
E1858,Ciencia de Datos,4,20,Hombre,20.4,7.2,54,TransMilenio,3,4,0,0,Todos los días,3,Analítica de negocio,Presencial,3.97,2026-08-21
E1859,Administración,5,20,Hombre,14.1,7.0,75,Bus,4,3,3,11.7,Todos los días,3,Ciencia social computacional,Presencial,3.59,2026-08-18
E1860,Administración,5,21,Hombre,21.6,6.4,68,TransMilenio,5,4,1,7.7,A veces,2,IA y ML,Presencial,3.01,2026-08-05
E1861,Ingeniería Industrial,5,25,Hombre,7.1,6.6,64,Carro,4,5,3,9.4,Todos los días,2,Ingeniería de datos,Presencial,3.15,2026-08-09
E1862,Psicología,1,18,Hombre,18.0,8.5,75,Carro,5,5,2,4.6,Nunca,2,Ciencia social computacional,Presencial,3.95,2026-08-04
E1863,Ingeniería de Sistemas,4,19,Mujer,6.4,8.1,81,Bicicleta,2,4,4,4.6,A veces,4,,Virtual,3.84,2026-08-01
E1864,Ingeniería de Sistemas,4,20,Hombre,11.4,6.2,40,Caminando,4,4,2,10.6,Frecuentemente,2,Visualización,Presencial,3.3,2026-08-05
E1865,Ingeniería de Sistemas,3,21,Mujer,7.7,7.5,11,Bus,3,4,1,1.7,A veces,3,Visualización,Híbrida,3.44,2026-08-16
E1866,Ciencia de Datos,4,17,Mujer,23.5,7.4,56,Caminando,4,4,5,11.4,Todos los días,4,Ciencia social computacional,Híbrida,3.45,2026-08-04
E1867,Psicología,5,19,Hombre,14.1,7.3,27,Bus,4,3,5,5.0,A veces,4,IA y ML,Presencial,2.9,2026-08-12
E1868,Ingeniería de Sistemas,1,20,Mujer,12.0,5.8,63,Carro,4,3,5,5.5,A veces,5,No estoy seguro,Presencial,3.18,2026-08-08
E1869,Economía,5,24,Hombre,9.8,6.2,51,TransMilenio,3,3,3,14.6,A veces,4,IA y ML,Presencial,3.07,2026-08-04
E1870,Administración,2,21,Mujer,11.3,5.9,69,Carro,3,5,1,6.3,Todos los días,3,Analítica de negocio,Híbrida,3.29,2026-08-04
E1871,Ingeniería de Sistemas,3,19,Hombre,14.2,5.7,64,Caminando,4,5,6,10.1,Nunca,2,Ciencia social computacional,Presencial,3.64,2026-08-05
E1872,Administración,4,22,Mujer,29.1,,61,Bicicleta,5,3,1,5.3,Todos los días,2,Ciencia social computacional,Híbrida,3.38,2026-08-09
E1873,Ingeniería de Sistemas,4,21,Mujer,13.0,7.2,62,Moto,3,4,4,7.0,A veces,5,Analítica de negocio,Presencial,3.75,2026-08-08
E1874,Ciencia de Datos,5,20,Hombre,17.7,6.9,0,TransMilenio,4,4,4,10.7,A veces,4,Visualización,Presencial,3.23,2026-08-20
E1875,Ingeniería Industrial,7,19,Hombre,24.5,5.8,80,Bus,4,4,4,5.9,Nunca,4,No estoy seguro,Presencial,3.08,2026-08-06
E1876,Ingeniería Industrial,4,19,Hombre,23.8,8.1,93,Bus,4,3,2,10.6,A veces,2,Visualización,Presencial,3.86,2026-08-11
E1877,Ingeniería Industrial,5,20,Hombre,19.8,7.7,29,Carro,4,3,1,1.0,Frecuentemente,2,IA y ML,Presencial,4.03,2026-08-12
E1878,Ciencia de Datos,1,18,Mujer,10.2,7.7,20,Carro,3,5,4,4.6,Frecuentemente,4,No estoy seguro,Híbrida,3.27,2026-08-16
E1879,Ciencia de Datos,3,17,Mujer,22.8,8.2,65,Caminando,4,4,2,11.8,A veces,3,Ingeniería de datos,Presencial,3.02,2026-08-10
E1880,Administración,5,24,Mujer,22.1,,360,TransMilenio,5,3,1,2.9,Frecuentemente,4,Ciencia social computacional,Presencial,3.58,2026-08-09
E1881,Diseño,3,21,Mujer,20.4,8.2,62,TransMilenio,3,5,5,14.7,Frecuentemente,2,Visualización,Presencial,4.45,2026-08-13
E1882,Administración,1,19,Hombre,16.3,7.6,25,Caminando,3,5,2,6.8,Frecuentemente,3,Analítica de negocio,Presencial,4.01,2026-08-02
E1883,Economía,6,20,Mujer,23.6,6.7,48,Moto,4,5,1,7.3,A veces,4,Visualización,Presencial,3.48,2026-08-01
E1884,Ingeniería Industrial,6,21,Mujer,24.3,7.1,73,Bus,3,3,1,1.6,Frecuentemente,4,Analítica de negocio,Híbrida,3.52,2026-08-07
E1885,Ingeniería Industrial,2,20,Mujer,16.3,6.9,79,Bicicleta,4,4,1,4.6,Frecuentemente,2,Visualización,Híbrida,3.02,2026-08-01
E1886,Ciencia de Datos,6,25,Hombre,13.2,6.9,72,Bicicleta,5,4,2,9.8,A veces,4,IA y ML,Virtual,3.4,2026-08-05
E1887,Ingeniería Industrial,4,19,Hombre,11.9,6.4,46,TransMilenio,3,3,3,8.0,Todos los días,3,Analítica de negocio,Presencial,3.18,2026-08-18
E1888,Ciencia de Datos,2,20,Hombre,11.1,7.0,56,Bicicleta,3,5,1,18.8,A veces,4,Analítica de negocio,Presencial,3.84,2026-08-10
E1889,Economía,6,20,Mujer,21.4,5.5,27,TransMilenio,4,4,3,5.5,Todos los días,2,Analítica de negocio,Presencial,3.04,2026-08-02
E1890,Psicología,4,20,Mujer,17.6,6.1,64,Carro,4,3,5,5.0,Frecuentemente,2,Visualización,Presencial,3.35,2026-08-12
E1891,Diseño,5,21,Hombre,13.6,8.0,68,TransMilenio,4,3,5,12.5,Frecuentemente,4,Analítica de negocio,Híbrida,3.66,2026-08-10
E1892,Administración,5,24,Hombre,9.1,6.4,42,Moto,4,3,4,14.4,Frecuentemente,3,No estoy seguro,Presencial,3.57,2026-08-13
E1893,Ciencia de Datos,1,22,Mujer,12.4,6.1,0,Caminando,3,3,4,2.1,Frecuentemente,3,Ingeniería de datos,Virtual,3.85,2026-08-06
E1894,Ingeniería Industrial,3,20,Mujer,27.0,7.6,55,Moto,4,3,2,7.0,Todos los días,2,Ciencia social computacional,Presencial,3.55,2026-08-10
E1895,Ingeniería Industrial,7,18,Mujer,13.5,5.3,18,TransMilenio,4,3,2,2.9,Frecuentemente,3,Ingeniería de datos,Híbrida,3.56,2026-08-20
E1896,Psicología,9,23,Hombre,36.4,8.3,53,Caminando,5,5,4,9.1,Frecuentemente,2,Ingeniería de datos,Presencial,3.96,2026-08-04
E1897,Ingeniería Industrial,5,25,Mujer,21.1,5.7,35,TransMilenio,4,5,3,12.2,A veces,3,IA y ML,Presencial,3.3,2026-08-04
E1898,Ciencia de Datos,4,20,Hombre,17.3,6.9,93,Bus,4,3,0,5.4,Nunca,4,Visualización,Virtual,3.52,2026-08-03
E1899,Psicología,3,21,No binario,17.5,8.4,103,Carro,3,4,4,14.3,Frecuentemente,1,Analítica de negocio,Presencial,3.63,2026-08-14
E1900,Economía,6,25,Mujer,28.5,6.6,17,TransMilenio,4,4,3,9.1,A veces,3,No estoy seguro,Presencial,3.76,2026-08-01
E1901,Diseño,1,18,Mujer,11.3,5.7,60,TransMilenio,5,3,2,4.0,Frecuentemente,4,IA y ML,Presencial,3.07,2026-08-12
E1902,Ciencia de Datos,4,20,Mujer,17.4,8.1,9,TransMilenio,4,5,0,5.6,A veces,5,IA y ML,Presencial,3.46,2026-08-01
E1903,Ciencia de Datos,4,19,Hombre,20.8,7.5,96,Bicicleta,4,4,3,6.1,Nunca,3,IA y ML,Presencial,3.62,2026-08-15
E1904,Ingeniería Industrial,5,22,Hombre,17.8,6.5,83,Caminando,5,3,3,5.2,Frecuentemente,2,,Presencial,3.58,2026-08-03
E1905,Ciencia de Datos,3,22,Hombre,19.6,6.9,37,Bus,5,3,3,8.7,A veces,2,Visualización,Presencial,3.95,2026-08-08
E1906,Psicología,4,20,Hombre,11.9,7.3,30,Bus,3,5,5,8.7,A veces,3,No estoy seguro,Presencial,3.92,2026-08-05
E1907,Ingeniería de Sistemas,3,20,Hombre,17.7,6.6,44,TransMilenio,4,4,1,5.8,A veces,4,IA y ML,Híbrida,3.25,2026-08-06
E1908,Ingeniería Industrial,3,20,Hombre,16.5,5.8,12,Caminando,4,4,3,8.8,A veces,1,No estoy seguro,Presencial,3.22,2026-08-17
E1909,Ingeniería de Sistemas,6,21,Mujer,26.2,5.8,52,Bicicleta,5,3,2,6.0,Todos los días,5,Visualización,Presencial,3.6,2026-08-04
E1910,Ciencia de Datos,4,21,Hombre,5.8,6.4,77,Caminando,3,5,4,5.4,A veces,3,IA y ML,Presencial,3.66,2026-08-19
E1911,Ciencia de Datos,5,22,Mujer,23.3,6.4,97,TransMilenio,4,5,1,5.3,Todos los días,3,No estoy seguro,Presencial,3.39,2026-08-15
E1912,Economía,4,20,Mujer,19.6,6.3,34,Carro,4,3,0,7.4,Frecuentemente,2,IA y ML,Presencial,3.8,2026-08-06
E1913,Economía,5,20,Hombre,14.2,7.7,50,Bicicleta,4,4,6,4.2,A veces,2,Analítica de negocio,Presencial,3.61,2026-08-13
E1914,Ingeniería Industrial,2,19,Mujer,17.1,6.4,42,Bicicleta,3,5,3,10.7,Nunca,2,Analítica de negocio,Presencial,3.21,2026-08-05
E1915,Ingeniería de Sistemas,1,23,Mujer,13.6,7.7,80,TransMilenio,4,4,1,9.2,Nunca,4,IA y ML,Híbrida,3.78,2026-08-07
E1916,Ingeniería Industrial,5,21,Prefiere no responder,12.8,6.1,66,Caminando,3,4,3,6.8,Frecuentemente,2,Analítica de negocio,Presencial,3.68,2026-08-21
E1917,Psicología,5,25,Hombre,19.7,7.1,21,TransMilenio,5,4,3,6.3,Frecuentemente,2,Ingeniería de datos,Presencial,3.31,2026-08-10
E1918,Ingeniería Industrial,7,18,Mujer,19.3,6.5,42,Caminando,4,5,0,2.6,Frecuentemente,2,No estoy seguro,Virtual,3.93,2026-08-06
E1919,Ingeniería Industrial,4,19,Hombre,11.5,6.1,4,Carro,4,4,3,12.6,Frecuentemente,3,IA y ML,Virtual,3.01,2026-08-08
E1920,Diseño,1,17,Hombre,14.0,7.2,47,Moto,4,3,3,14.7,Todos los días,4,IA y ML,Presencial,3.54,2026-08-10
E1921,Diseño,4,23,Hombre,18.9,6.1,61,TransMilenio,5,4,2,7.3,A veces,4,Ingeniería de datos,Presencial,3.46,2026-08-20
E1922,Economía,4,21,Mujer,22.4,8.2,83,Caminando,4,3,0,8.7,Frecuentemente,2,IA y ML,Híbrida,3.74,2026-08-15
E1923,Ciencia de Datos,3,20,Hombre,14.0,7.4,64,TransMilenio,4,5,1,12.5,A veces,5,No estoy seguro,Presencial,2.59,2026-08-17
E1924,Psicología,7,22,Mujer,17.6,5.0,32,TransMilenio,4,3,3,9.0,Frecuentemente,2,Visualización,Presencial,3.56,2026-08-15
E1925,Ingeniería de Sistemas,4,21,Mujer,18.5,7.0,60,Bus,4,4,2,5.1,Todos los días,4,No estoy seguro,Presencial,3.96,2026-08-06
E1926,Ingeniería de Sistemas,3,21,Hombre,13.1,7.4,35,Moto,3,3,3,15.0,Frecuentemente,4,Visualización,Presencial,3.17,2026-08-11
E1927,Ingeniería de Sistemas,1,18,Hombre,3.0,6.6,29,Bus,4,4,2,6.2,A veces,4,Ingeniería de datos,Presencial,3.49,2026-08-08
E1928,Economía,4,22,Hombre,15.6,6.8,0,Carro,4,3,0,1.1,A veces,4,IA y ML,Presencial,3.52,2026-08-15
E1929,Diseño,1,21,Mujer,16.0,7.2,83,TransMilenio,4,4,4,6.0,Todos los días,4,Visualización,Híbrida,3.69,2026-08-19
E1930,Ingeniería Industrial,5,16,Hombre,17.3,6.9,80,TransMilenio,5,4,3,14.7,Frecuentemente,3,Ciencia social computacional,Híbrida,3.35,2026-08-14
E1931,Psicología,7,21,Mujer,24.7,6.2,75,Bicicleta,4,4,0,8.1,A veces,2,No estoy seguro,Híbrida,3.57,2026-08-14
E1932,Ingeniería de Sistemas,1,17,Mujer,8.8,,53,TransMilenio,4,4,3,0,Frecuentemente,2,No estoy seguro,Presencial,3.1,2026-08-06
E1933,Ingeniería Industrial,2,18,Hombre,3.1,5.9,40,Caminando,3,4,1,8.7,Frecuentemente,3,Ciencia social computacional,Presencial,3.08,2026-08-10
E1934,Ciencia de Datos,1,17,Hombre,11.2,7.2,94,Bus,4,4,6,5.2,A veces,4,Analítica de negocio,Presencial,3.62,2026-08-05
E1935,Administración,4,20,Mujer,15.7,7.0,57,Caminando,4,5,4,3.5,A veces,3,Visualización,Presencial,4.37,2026-08-07
E1936,Economía,1,19,Mujer,11.6,7.3,49,TransMilenio,4,4,4,8.0,Frecuentemente,3,Visualización,Presencial,3.22,2026-08-10
E1937,Ciencia de Datos,3,19,Hombre,16.5,6.7,54,Carro,4,4,4,12.4,Frecuentemente,3,Ingeniería de datos,Presencial,2.84,2026-08-16
E1938,Administración,2,19,Hombre,8.6,7.1,22,Caminando,2,5,2,11.5,A veces,2,IA y ML,Virtual,3.44,2026-08-04
E1939,Economía,5,19,Mujer,18.7,5.4,59,Bus,5,4,4,9.9,Frecuentemente,4,Ingeniería de datos,Presencial,3.27,2026-08-03
E1940,Ingeniería Industrial,3,18,Mujer,1.1,6.5,32,Bicicleta,4,4,2,8.7,A veces,3,Analítica de negocio,Presencial,3.14,2026-08-11
E1941,Economía,6,24,Mujer,12.7,6.8,103,Moto,5,4,2,8.2,Frecuentemente,5,Analítica de negocio,Híbrida,3.63,2026-08-02
E1942,Ciencia de Datos,2,19,Mujer,20.0,6.4,54,TransMilenio,5,4,4,0,Frecuentemente,4,IA y ML,Presencial,3.79,2026-08-06
E1943,Ingeniería de Sistemas,1,18,Hombre,20.2,7.6,69,Moto,3,5,1,13.7,A veces,4,Visualización,Híbrida,3.61,2026-08-13
E1944,Economía,2,19,Mujer,18.7,6.7,71,Carro,5,4,2,10.3,A veces,4,Visualización,Presencial,3.01,2026-08-12
E1945,Ingeniería Industrial,4,21,Mujer,8.5,6.1,31,TransMilenio,3,5,2,7.4,Todos los días,3,Ingeniería de datos,Presencial,2.82,2026-08-11
E1946,Diseño,4,20,Hombre,4.4,8.2,67,Carro,2,5,5,10.0,A veces,2,Ingeniería de datos,Presencial,3.21,2026-08-04
E1947,Ingeniería Industrial,3,23,Hombre,21.1,7.9,102,Bus,5,4,4,4.5,Frecuentemente,4,Ingeniería de datos,Presencial,3.64,2026-08-18
E1948,Administración,5,17,Mujer,18.2,7.6,66,TransMilenio,5,3,3,7.2,A veces,1,Analítica de negocio,Presencial,3.61,2026-08-14
E1949,Ciencia de Datos,2,21,Hombre,13.7,7.2,56,TransMilenio,5,4,5,3.3,A veces,5,Ingeniería de datos,Presencial,3.59,2026-08-19
E1950,Ingeniería Industrial,3,21,Mujer,14.9,6.7,60,TransMilenio,3,5,2,7.6,A veces,2,Analítica de negocio,Híbrida,2.85,2026-08-10
E1951,Ingeniería de Sistemas,4,17,Hombre,10.1,6.5,5,Carro,3,5,2,12.1,A veces,4,Analítica de negocio,Presencial,3.9,2026-08-13
E1952,Economía,5,22,Hombre,14.4,7.4,10,Bus,4,4,4,11.3,A veces,4,IA y ML,Presencial,3.23,2026-08-04
E1953,Administración,7,24,Hombre,20.4,9.8,21,Bus,2,4,6,15.9,A veces,3,IA y ML,Presencial,3.75,2026-08-12
E1954,Ingeniería de Sistemas,4,19,Mujer,21.9,7.0,18,Caminando,5,4,7,8.4,Nunca,4,IA y ML,Presencial,3.39,2026-08-05
E1955,Ingeniería Industrial,1,19,Mujer,11.3,6.1,52,Carro,3,4,4,6.8,Frecuentemente,3,Ciencia social computacional,Presencial,3.45,2026-08-01
E1956,Economía,9,20,Hombre,26.3,5.8,35,Moto,5,3,1,6.8,Frecuentemente,2,IA y ML,Presencial,3.42,2026-08-06
E1957,Ingeniería de Sistemas,6,23,Hombre,20.0,6.2,31,TransMilenio,5,3,0,7.0,Nunca,4,IA y ML,Presencial,3.68,2026-08-09
E1958,Ingeniería Industrial,2,21,Hombre,28.3,7.5,57,Carro,4,5,4,4.1,A veces,2,Ciencia social computacional,Presencial,3.6,2026-08-05
E1959,Administración,4,20,Hombre,21.1,,40,Carro,4,5,4,8.8,A veces,2,Visualización,Presencial,3.44,2026-08-13
E1960,Ingeniería Industrial,4,20,Mujer,26.9,6.5,49,Bus,5,3,1,7.6,Todos los días,4,IA y ML,Presencial,3.21,2026-08-19
E1961,Ingeniería de Sistemas,2,20,Mujer,12.3,7.2,71,Caminando,3,5,6,9.6,Todos los días,4,Ciencia social computacional,Presencial,3.26,2026-08-09
E1962,Administración,3,17,Hombre,11.4,8.0,42,Carro,3,5,4,15.8,Frecuentemente,3,Visualización,Híbrida,3.28,2026-08-14
E1963,Diseño,7,24,Hombre,14.0,6.6,48,Bicicleta,4,4,2,14.3,Frecuentemente,1,Visualización,Híbrida,3.42,2026-08-05
E1964,Psicología,2,17,Hombre,11.1,7.1,0,Bicicleta,4,3,4,8.3,Frecuentemente,4,IA y ML,Presencial,3.65,2026-08-18
E1965,Administración,3,18,Hombre,13.7,6.9,66,Carro,4,5,3,9.1,A veces,4,No estoy seguro,Presencial,3.49,2026-08-19
E1966,Economía,4,19,Prefiere no responder,20.2,4.9,76,TransMilenio,4,4,2,11.0,Todos los días,2,Visualización,Presencial,3.69,2026-08-21
E1967,Economía,2,22,Mujer,17.8,5.3,73,Bus,4,4,3,9.3,A veces,2,Analítica de negocio,Híbrida,4.17,2026-08-11
E1968,Ingeniería Industrial,4,19,Hombre,19.5,6.9,31,Carro,4,3,1,8.1,Nunca,3,IA y ML,Virtual,3.74,2026-08-06
E1969,Ingeniería de Sistemas,5,21,Mujer,10.9,6.9,59,Bus,4,4,3,11.0,A veces,4,Analítica de negocio,Híbrida,3.4,2026-08-01
E1970,Ciencia de Datos,3,20,Hombre,14.4,7.5,56,Bus,3,5,5,5.4,Frecuentemente,3,No estoy seguro,Híbrida,3.32,2026-08-08
E1971,Administración,3,20,Hombre,17.4,7.2,0,Bus,3,5,3,16.3,A veces,4,IA y ML,Presencial,3.31,2026-08-06
E1972,Ingeniería Industrial,2,20,Hombre,15.2,6.6,37,Bus,4,5,2,7.0,Frecuentemente,3,Visualización,Presencial,3.53,2026-08-19
E1973,Ciencia de Datos,2,17,Mujer,6.1,6.4,16,Bus,2,3,5,7.0,Frecuentemente,4,Visualización,Presencial,3.53,2026-08-07
E1974,Administración,4,21,Mujer,15.5,5.0,3,Carro,4,4,1,3.1,Nunca,3,IA y ML,Presencial,3.45,2026-08-19
E1975,Economía,1,16,Hombre,12.1,6.4,52,TransMilenio,3,4,3,13.2,Frecuentemente,2,IA y ML,Presencial,3.54,2026-08-16
E1976,Ingeniería de Sistemas,3,22,Mujer,17.4,7.5,25,Carro,5,4,4,3.1,Frecuentemente,4,IA y ML,Presencial,2.84,2026-08-15
E1977,Ingeniería Industrial,3,20,Hombre,15.4,6.3,50,Bus,4,3,4,2.8,Frecuentemente,3,IA y ML,Presencial,3.33,2026-08-11
E1978,Ingeniería Industrial,3,21,Hombre,13.9,6.6,105,Bus,4,4,2,4.9,A veces,2,Analítica de negocio,Presencial,3.59,2026-08-10
E1979,Economía,6,21,Mujer,20.5,6.4,5,Carro,5,5,2,9.3,A veces,2,No estoy seguro,Híbrida,3.33,2026-08-08
E1980,Administración,6,20,Mujer,17.2,5.5,72,Bus,5,4,1,2.1,Todos los días,1,Visualización,Presencial,3.16,2026-08-07
E1981,Psicología,5,20,Mujer,16.5,6.3,19,Bus,4,4,5,8.0,A veces,1,Ingeniería de datos,Híbrida,3.52,2026-08-08
E1982,Ingeniería Industrial,1,21,Mujer,12.2,6.8,60,TransMilenio,5,3,2,0.1,Todos los días,2,Visualización,Presencial,3.1,2026-08-21
E1983,Ingeniería Industrial,5,22,Hombre,80.0,,63,Carro,5,3,0,6.5,Todos los días,1,Analítica de negocio,Híbrida,3.69,2026-08-14
E1984,Administración,3,22,Mujer,25.8,6.3,56,Carro,4,3,1,6.5,Todos los días,3,Visualización,Híbrida,3.98,2026-08-04
E1985,Administración,6,24,No binario,26.8,7.7,115,Bicicleta,4,5,5,17.6,Todos los días,3,Analítica de negocio,Presencial,3.65,2026-08-04
E1986,Diseño,2,18,Mujer,18.1,7.6,20,TransMilenio,5,3,3,7.0,Frecuentemente,3,Analítica de negocio,Presencial,3.59,2026-08-06
E1987,Ingeniería de Sistemas,3,21,Hombre,15.8,6.8,89,Bicicleta,4,4,2,14.2,Frecuentemente,5,Ingeniería de datos,Presencial,3.63,2026-08-12
E1988,Ciencia de Datos,4,18,Mujer,21.7,6.0,46,Moto,5,4,5,9.7,Frecuentemente,4,IA y ML,Presencial,3.38,2026-08-12
E1989,Ingeniería de Sistemas,5,23,Hombre,16.0,7.8,66,TransMilenio,3,4,4,10.5,Nunca,3,Visualización,Híbrida,3.81,2026-08-01
E1990,Ingeniería Industrial,4,22,Mujer,27.6,8.5,68,TransMilenio,5,3,1,5.4,A veces,3,Ingeniería de datos,Presencial,3.75,2026-08-02
E1991,Ingeniería Industrial,6,23,Hombre,15.5,7.2,40,Bicicleta,4,4,4,9.9,A veces,2,IA y ML,Presencial,2.83,2026-08-13
E1992,Ciencia de Datos,5,22,Hombre,14.4,6.9,53,TransMilenio,4,4,2,1.3,Frecuentemente,3,IA y ML,Presencial,2.9,2026-08-01
E1993,Ingeniería Industrial,2,18,Mujer,10.4,6.4,12,TransMilenio,4,4,1,11.8,A veces,1,No estoy seguro,Presencial,3.07,2026-08-10
E1994,Ingeniería Industrial,2,16,Hombre,16.5,7.2,61,Bus,5,3,2,16.2,Frecuentemente,2,Ciencia social computacional,Híbrida,3.32,2026-08-01
E1995,Ingeniería de Sistemas,5,19,Mujer,14.2,7.0,46,TransMilenio,4,3,0,3.9,Todos los días,2,Analítica de negocio,Presencial,3.24,2026-08-08
E1996,Economía,3,20,Mujer,8.9,5.4,65,Bus,4,3,0,5.4,Frecuentemente,3,Visualización,Presencial,3.7,2026-08-06
E1997,Ingeniería de Sistemas,3,18,Mujer,14.3,6.7,0,Bus,2,5,4,8.6,Todos los días,4,IA y ML,Presencial,4.0,2026-08-11
E1998,Administración,8,22,Hombre,21.4,6.4,114,TransMilenio,5,3,6,10.3,Frecuentemente,3,Ciencia social computacional,Presencial,3.56,2026-08-20
E1999,Ingeniería de Sistemas,7,26,Hombre,15.2,6.8,111,Moto,5,5,2,3.8,A veces,4,Visualización,Presencial,3.69,2026-08-12
E2000,Administración,6,23,Mujer,19.1,6.2,63,TransMilenio,3,4,4,3.8,Nunca,3,No estoy seguro,Híbrida,3.62,2026-08-09
E2001,Psicología,2,19,Mujer,5.2,6.1,63,TransMilenio,4,3,3,4.7,A veces,2,Visualización,Presencial,2.78,2026-08-16
E2002,Ciencia de Datos,3,23,Mujer,11.3,7.1,73,Bus,3,4,2,18.1,A veces,3,IA y ML,Presencial,3.16,2026-08-09
E2003,Economía,1,21,Mujer,14.1,7.8,74,Caminando,4,4,3,10.0,Nunca,3,Analítica de negocio,Presencial,3.34,2026-08-05
E2004,Administración,4,20,Mujer,9.8,6.5,87,Bicicleta,4,4,0,12.3,A veces,4,Ingeniería de datos,Presencial,3.3,2026-08-18
E2005,Ingeniería Industrial,3,20,Hombre,18.3,7.3,42,TransMilenio,4,4,5,11.5,Frecuentemente,3,No estoy seguro,Presencial,3.94,2026-08-08
E2006,Administración,1,19,Hombre,16.8,7.6,49,Bus,4,3,1,11.1,Frecuentemente,2,Ciencia social computacional,Híbrida,3.73,2026-08-08
E2007,Ingeniería Industrial,4,20,Mujer,18.7,5.9,46,Bus,4,4,1,11.1,Frecuentemente,2,IA y ML,Presencial,3.15,2026-08-14
E2008,Ingeniería de Sistemas,2,21,Hombre,16.2,5.6,88,Carro,5,3,0,12.4,Nunca,4,IA y ML,Presencial,3.78,2026-08-13
E2009,Ingeniería de Sistemas,5,19,Hombre,8.5,6.7,48,Carro,4,4,2,5.9,A veces,3,Visualización,Presencial,3.42,2026-08-17
E2010,Economía,5,19,Hombre,17.2,6.4,26,Moto,4,4,2,8.0,A veces,2,IA y ML,Presencial,3.59,2026-08-11
E2011,Ingeniería de Sistemas,1,18,Mujer,24.3,5.9,14,Bicicleta,5,3,2,15.3,Frecuentemente,3,IA y ML,Híbrida,3.51,2026-08-18
E2012,Ingeniería de Sistemas,1,20,Hombre,11.4,6.8,43,Caminando,5,4,5,11.4,Frecuentemente,3,Analítica de negocio,Presencial,3.22,2026-08-08
E2013,Ciencia de Datos,4,19,Hombre,18.4,7.9,33,Bus,4,4,3,8.2,A veces,2,Ingeniería de datos,Híbrida,3.58,2026-08-01
E2014,Ciencia de Datos,5,21,Mujer,16.0,6.4,60,Bicicleta,4,4,0,13.1,Nunca,4,IA y ML,Presencial,3.02,2026-08-06
E2015,Ciencia Datos,1,18,Mujer,13.9,6.5,93,TransMilenio,4,3,2,10.5,Todos los días,2,Analítica de negocio,Híbrida,3.15,2026-08-07
E2016,Administración,2,17,Mujer,19.8,6.7,97,Bus,5,3,0,3.7,Frecuentemente,2,Visualización,Presencial,2.68,2026-08-02
E2017,Administración,2,24,Hombre,19.2,8.0,10,Bicicleta,3,4,3,5.7,Nunca,4,Ingeniería de datos,Presencial,4.15,2026-08-09
E2018,Ciencia de Datos,3,22,No binario,13.0,7.6,60,TransMilenio,5,4,4,4.1,A veces,4,IA y ML,Presencial,3.41,2026-08-15
E2019,Economía,3,17,Mujer,7.1,7.5,39,Caminando,4,3,7,3.1,Frecuentemente,3,IA y ML,Presencial,2.93,2026-08-16
E2020,Diseño,4,19,Hombre,19.4,7.8,103,TransMilenio,4,3,4,6.9,Todos los días,3,Visualización,Virtual,3.74,2026-08-09
E2021,Diseño,5,22,Hombre,12.9,7.5,65,Carro,3,4,1,14.6,A veces,3,Ingeniería de datos,Presencial,4.13,2026-08-13
E2022,Diseño,5,21,Hombre,18.8,7.5,51,Caminando,5,5,6,10.3,A veces,2,Analítica de negocio,Presencial,3.64,2026-08-11
E2023,Ingeniería Industrial,3,19,Hombre,10.4,5.8,21,TransMilenio,5,4,3,14.3,Todos los días,2,Visualización,Presencial,2.78,2026-08-08
E2024,Psicología,7,18,Mujer,18.1,7.0,70,Bicicleta,3,4,5,6.2,A veces,1,IA y ML,Presencial,4.08,2026-08-04
E2025,Ciencia de Datos,7,22,Hombre,20.4,,68,Moto,4,5,3,1.0,A veces,4,IA y ML,Presencial,3.94,2026-08-18
E2026,Economía,3,18,Mujer,4.7,6.5,62,Bus,4,4,2,9.9,Frecuentemente,3,Ciencia social computacional,Virtual,3.31,2026-08-15
E2027,Economía,1,22,Mujer,16.1,6.5,47,Moto,4,3,3,8.4,Todos los días,2,Visualización,Presencial,4.39,2026-08-14
E2028,Economía,6,25,Mujer,27.0,7.4,64,Bus,4,5,3,4.1,A veces,3,No estoy seguro,Híbrida,3.87,2026-08-15
E2029,Ciencia de Datos,3,19,Prefiere no responder,20.6,7.6,81,Bus,5,3,1,15.2,Frecuentemente,4,No estoy seguro,Presencial,3.02,2026-08-10
E2030,Ingeniería de Sistemas,5,21,Hombre,6.5,6.8,38,TransMilenio,3,4,3,3.1,Nunca,5,Analítica de negocio,Presencial,3.44,2026-08-19
E2031,Economía,8,23,Hombre,13.9,6.7,50,TransMilenio,4,4,1,15.6,A veces,3,Ingeniería de datos,Presencial,2.88,2026-08-08
E2032,Ingeniería Industrial,7,20,Hombre,12.9,7.2,17,TransMilenio,4,4,3,9.7,A veces,2,IA y ML,Presencial,3.6,2026-08-21
E2033,Ciencia de Datos,7,20,Hombre,29.8,6.4,,TransMilenio,5,3,0,5.0,A veces,4,Ciencia social computacional,Presencial,3.73,2026-08-17
E2034,Administración,2,20,Hombre,10.0,6.7,15,Caminando,3,5,3,10.9,Nunca,4,Analítica de negocio,Virtual,3.0,2026-08-12
E2035,Ingeniería de Sistemas,5,21,Mujer,11.0,8.2,87,TransMilenio,3,4,5,7.7,A veces,4,Visualización,Presencial,3.21,2026-08-13
E2036,Ingeniería Industrial,5,23,Hombre,18.8,6.5,17,Bus,4,4,3,10.2,Frecuentemente,3,Ingeniería de datos,Virtual,3.71,2026-08-16
E2037,Ingeniería de Sistemas,5,22,Mujer,19.7,8.6,17,Bicicleta,5,3,3,4.0,Nunca,4,Analítica de negocio,Presencial,3.38,2026-08-02
E2038,Ingeniería de Sistemas,3,18,Hombre,21.0,7.6,17,Bus,3,4,4,7.6,A veces,3,Analítica de negocio,Presencial,3.83,2026-08-12
E2039,Economía,1,17,No binario,10.1,7.2,54,TransMilenio,5,4,4,9.5,A veces,2,Ingeniería de datos,Presencial,4.17,2026-08-21
E2040,Psicología,4,22,Hombre,7.6,8.8,64,Bicicleta,4,3,3,7.7,Todos los días,1,IA y ML,Presencial,3.5,2026-08-10
E2041,Ingeniería Industrial,5,21,Mujer,17.7,6.1,5,Carro,5,3,7,9.5,A veces,2,IA y ML,Híbrida,3.48,2026-08-04
E2042,Administración,5,19,Mujer,20.9,5.7,59,TransMilenio,4,4,4,7.4,Frecuentemente,1,Ingeniería de datos,Presencial,3.08,2026-08-02
E2043,Ingeniería Industrial,2,19,Mujer,7.3,7.2,13,Carro,4,3,4,9.6,Frecuentemente,1,IA y ML,Híbrida,3.52,2026-08-11
E2044,Ingeniería Industrial,3,20,Mujer,22.8,8.2,94,Bus,4,4,1,9.2,Frecuentemente,5,Ingeniería de datos,Presencial,4.03,2026-08-12
E2045,Ciencia de Datos,7,25,Hombre,18.4,6.9,48,TransMilenio,4,4,0,3.3,Frecuentemente,3,Analítica de negocio,Híbrida,4.06,2026-08-10
E2046,Ingeniería de Sistemas,4,23,Hombre,11.9,7.0,31,Carro,4,3,3,6.8,A veces,3,IA y ML,Presencial,2.94,2026-08-17
E2047,Ingeniería Industrial,6,24,Mujer,23.3,6.7,6,Bicicleta,5,3,1,11.7,Todos los días,2,Ingeniería de datos,Presencial,3.64,2026-08-19
E2048,Ingeniería de Sistemas,2,17,Hombre,17.7,7.5,61,Carro,4,4,0,0,Frecuentemente,3,Ingeniería de datos,Presencial,3.46,2026-08-15
E2049,Ciencia de Datos,5,21,Hombre,21.3,7.2,59,Bus,5,3,3,12.4,Todos los días,3,Analítica de negocio,Híbrida,3.13,2026-08-16
E2050,Economía,3,17,Hombre,11.6,5.8,14,Caminando,5,4,2,7.1,Nunca,3,Ciencia social computacional,Presencial,3.05,2026-08-20
E2051,Ciencia de Datos,4,21,Hombre,14.2,6.7,84,Bicicleta,3,4,2,13.5,Frecuentemente,4,Ciencia social computacional,Presencial,4.02,2026-08-21
E2052,Psicología,4,19,Mujer,15.8,7.2,66,Caminando,4,4,5,7.2,Todos los días,1,IA y ML,Presencial,3.74,2026-08-17
E2053,Ciencia de Datos,10,26,Mujer,27.4,7.4,52,Carro,4,4,2,8.3,A veces,3,Analítica de negocio,Presencial,3.39,2026-08-15
E2054,Ingeniería Industrial,5,24,Mujer,12.0,7.3,6,Carro,3,4,3,8.0,Frecuentemente,1,IA y ML,Presencial,3.29,2026-08-16
E2055,Ciencia de Datos,6,20,Hombre,28.1,7.1,87,Carro,5,5,3,11.8,Frecuentemente,3,Analítica de negocio,Híbrida,3.78,2026-08-05
E2056,Administración,2,22,Mujer,8.7,6.9,35,Bicicleta,3,5,2,6.0,Todos los días,3,Ciencia social computacional,Presencial,3.49,2026-08-19
E2057,Ingeniería Industrial,5,22,Hombre,15.9,5.0,27,TransMilenio,5,4,2,7.7,A veces,1,Ingeniería de datos,Presencial,3.16,2026-08-13
E2058,Ingeniería Industrial,6,21,No binario,9.6,8.0,70,TransMilenio,3,4,1,4.8,Frecuentemente,3,Analítica de negocio,Híbrida,4.08,2026-08-15
E2059,Ingeniería Industrial,3,19,Hombre,15.9,5.7,87,Bus,5,4,1,9.2,A veces,3,Analítica de negocio,Presencial,4.04,2026-08-12
E2060,Economía,8,22,Hombre,22.0,8.4,0,Caminando,4,4,2,16.5,A veces,3,Ciencia social computacional,Híbrida,4.17,2026-08-07
E2061,Diseño,3,18,Hombre,13.3,6.3,0,Bus,5,3,2,8.9,Frecuentemente,2,Analítica de negocio,Presencial,3.23,2026-08-10
E2062,Ingeniería de Sistemas,2,17,Hombre,9.4,8.3,48,Caminando,2,5,4,7.3,Frecuentemente,4,Visualización,Presencial,4.17,2026-08-05
E2063,Economía,4,23,Mujer,21.8,6.8,24,TransMilenio,4,4,3,3.5,Frecuentemente,3,IA y ML,Presencial,3.74,2026-08-20
E2064,Psicología,4,20,Hombre,15.8,5.9,84,Bus,4,4,0,12.8,A veces,2,IA y ML,Presencial,3.34,2026-08-05
E2065,Economía,3,22,Mujer,21.2,6.8,93,Bicicleta,5,2,2,11.8,Frecuentemente,5,Analítica de negocio,Presencial,3.74,2026-08-16
E2066,Ciencia de Datos,2,19,Hombre,10.6,,35,Bus,4,4,2,14.2,A veces,3,IA y ML,Presencial,3.63,2026-08-17
E2067,Ingeniería Industrial,4,17,Mujer,11.5,6.6,38,TransMilenio,3,4,2,8.0,Todos los días,1,Ciencia social computacional,Híbrida,3.37,2026-08-01
E2068,Ingeniería Industrial,5,21,Hombre,17.5,5.6,37,Bus,3,3,2,13.2,Nunca,3,Ciencia social computacional,Presencial,3.87,2026-08-14
E2069,Ingeniería Industrial,5,18,Mujer,17.8,6.2,57,Bus,5,3,5,10.4,Frecuentemente,2,,Presencial,3.6,2026-08-14
E2070,Diseño,1,19,Hombre,15.5,6.7,67,Bus,5,5,1,7.8,A veces,2,Visualización,Presencial,3.57,2026-08-21
E2071,Ciencia de Datos,1,19,Mujer,1.2,7.2,37,TransMilenio,3,4,5,0,A veces,4,IA y ML,Presencial,3.3,2026-08-04
E2072,Economía,2,22,Hombre,19.3,6.8,25,Bus,3,4,1,7.7,Frecuentemente,1,Ingeniería de datos,Híbrida,3.6,2026-08-12
E2073,Ingeniería de Sistemas,4,24,Hombre,16.3,7.6,95,Moto,4,5,4,10.1,A veces,3,IA y ML,Presencial,3.49,2026-08-06
E2074,Ciencia de Datos,6,22,Mujer,22.9,5.5,,TransMilenio,5,3,5,4.9,Todos los días,3,Visualización,Presencial,3.49,2026-08-08
E2075,Ciencia de Datos,5,23,Hombre,19.4,6.9,31,Bus,4,4,3,6.5,Nunca,4,Ingeniería de datos,Presencial,3.6,2026-08-06
E2076,Ingeniería Industrial,5,23,Hombre,23.2,7.2,61,Carro,4,5,7,11.9,A veces,3,Ciencia social computacional,Híbrida,3.95,2026-08-12
E2077,Economía,1,20,Hombre,12.6,6.8,11,Bus,5,4,2,7.8,Frecuentemente,3,Visualización,Presencial,3.1,2026-08-18
E2078,Ciencia de Datos,2,19,Mujer,8.2,7.5,28,TransMilenio,4,4,0,4.6,Frecuentemente,5,Analítica de negocio,Presencial,2.94,2026-08-19
E2079,Psicología,2,19,Mujer,25.5,7.1,90,TransMilenio,5,4,3,6.3,A veces,1,Visualización,Virtual,4.16,2026-08-01
E2080,Economía,4,23,Mujer,17.0,7.8,114,Bus,5,4,2,11.1,Nunca,2,Ingeniería de datos,Presencial,3.18,2026-08-04
E2081,Ciencia de Datos,3,20,Hombre,16.4,5.5,56,Caminando,4,4,3,13.3,Todos los días,2,Visualización,Presencial,3.01,2026-08-01
E2082,Ingeniería de Sistemas,4,20,Hombre,7.3,7.2,27,Bicicleta,3,5,4,12.3,Todos los días,4,Analítica de negocio,Presencial,3.4,2026-08-01
E2083,Ingeniería Industrial,5,18,Mujer,14.5,7.1,58,TransMilenio,3,3,2,10.0,A veces,1,No estoy seguro,Presencial,3.37,2026-08-18
E2084,Administración,6,26,Hombre,28.4,7.0,62,Bus,5,4,5,3.8,Frecuentemente,3,Visualización,Presencial,3.31,2026-08-18
E2085,Ingeniería Industrial,5,21,Hombre,19.2,5.3,78,TransMilenio,5,3,2,7.2,A veces,2,Visualización,Virtual,3.17,2026-08-08
E2086,Administración,5,21,Mujer,12.6,9.0,53,Bicicleta,3,4,4,7.3,Todos los días,2,Ingeniería de datos,Híbrida,3.86,2026-08-18
E2087,Economía,4,18,Mujer,11.7,6.7,38,TransMilenio,5,3,3,4.9,A veces,3,Visualización,Presencial,3.38,2026-08-10
E2088,Ciencia de Datos,4,22,Hombre,18.6,7.0,15,TransMilenio,3,5,5,13.1,Frecuentemente,5,Ingeniería de datos,Virtual,3.85,2026-08-03
E2089,Ingeniería Industrial,3,23,Mujer,14.4,6.7,103,Bus,5,3,7,5.7,Frecuentemente,2,IA y ML,Híbrida,2.94,2026-08-21
E2090,Ingeniería de Sistemas,3,19,Mujer,12.4,6.1,62,Bicicleta,5,3,6,4.8,A veces,3,IA y ML,Presencial,3.11,2026-08-05
E2091,Diseño,3,22,Hombre,15.1,5.9,32,Bus,4,4,0,12.2,A veces,2,Ingeniería de datos,Híbrida,2.94,2026-08-14
E2092,Ingeniería de Sistemas,1,19,Hombre,20.6,6.9,30,TransMilenio,5,3,5,8.5,Todos los días,3,Visualización,Híbrida,2.87,2026-08-16
E2093,Economía,4,20,Mujer,14.0,6.7,19,Bus,4,4,3,12.6,Frecuentemente,1,IA y ML,Presencial,3.11,2026-08-18
E2094,Ciencia de Datos,5,22,Hombre,15.0,6.5,89,Carro,4,4,4,10.0,A veces,1,Analítica de negocio,Presencial,4.01,2026-08-05
E2095,Diseño,4,21,Mujer,11.4,6.3,78,Bicicleta,5,4,2,14.2,Frecuentemente,2,No estoy seguro,Presencial,3.02,2026-08-21
E2096,Economía,6,19,Mujer,18.3,7.9,29,TransMilenio,3,5,3,8.1,A veces,1,IA y ML,Híbrida,4.2,2026-08-09
E2097,Ingeniería de Sistemas,5,20,Hombre,17.3,7.3,61,Moto,5,3,1,4.2,Frecuentemente,2,Ingeniería de datos,Presencial,3.72,2026-08-19
E2098,Administración,4,22,Hombre,18.9,6.6,54,Carro,4,4,4,8.5,Frecuentemente,3,Analítica de negocio,Presencial,3.74,2026-08-06
E2099,Ingeniería Industrial,5,23,Mujer,15.7,5.9,44,Bus,4,5,0,10.6,Frecuentemente,3,IA y ML,Presencial,3.57,2026-08-13
E2100,Ciencia de Datos,5,22,Mujer,27.1,7.1,62,Carro,5,3,2,9.0,Nunca,3,IA y ML,Virtual,3.41,2026-08-12
E2101,Administración,5,20,Mujer,22.8,6.2,108,Carro,5,3,2,10.1,Nunca,3,Analítica de negocio,Presencial,3.95,2026-08-20
E2102,Ingeniería Industrial,4,20,Hombre,15.9,7.5,78,Bus,4,5,4,11.2,Frecuentemente,2,Ingeniería de datos,Híbrida,3.66,2026-08-17
E2103,Diseño,1,17,Hombre,7.3,6.7,39,Carro,2,5,4,8.2,Frecuentemente,4,IA y ML,Presencial,3.21,2026-08-13
E2104,Ingeniería de Sistemas,2,19,No binario,24.3,8.3,53,TransMilenio,3,3,2,6.3,A veces,4,No estoy seguro,Presencial,4.12,2026-08-07
E2105,Diseño,1,19,Mujer,9.1,8.9,19,TransMilenio,3,5,4,17.9,Frecuentemente,2,Visualización,Presencial,3.27,2026-08-01
E2106,Ciencia de Datos,5,19,Hombre,20.7,,38,Carro,4,3,2,5.1,A veces,4,No estoy seguro,Híbrida,3.77,2026-08-19
E2107,Ingeniería de Sistemas,5,20,Mujer,21.5,5.2,42,Carro,5,3,2,5.6,Frecuentemente,4,Analítica de negocio,Presencial,3.55,2026-08-21
E2108,Ciencia de Datos,4,23,Hombre,25.0,6.6,41,Moto,5,4,4,0,A veces,5,Ingeniería de datos,Híbrida,3.47,2026-08-08
E2109,Ingeniería Industrial,5,21,Mujer,17.0,,,Caminando,3,3,3,3.5,Todos los días,4,IA y ML,Presencial,3.25,2026-08-06
E2110,Diseño,2,18,Hombre,16.8,8.0,,Bus,4,4,5,5.6,A veces,2,IA y ML,Virtual,3.93,2026-08-02
E2111,Ingeniería de Sistemas,5,21,Mujer,17.8,7.0,24,Moto,3,4,3,12.2,A veces,2,Analítica de negocio,Presencial,3.8,2026-08-21
E2112,Psicología,4,18,Mujer,16.7,6.2,20,Bicicleta,5,3,4,8.7,A veces,3,IA y ML,Presencial,3.57,2026-08-07
E2113,Ciencia de Datos,1,18,Mujer,13.7,6.3,81,Caminando,5,4,5,9.7,Frecuentemente,3,Analítica de negocio,Presencial,3.67,2026-08-10
E2114,Ingeniería Industrial,5,21,Mujer,24.4,7.5,3,Carro,4,3,1,9.9,Todos los días,3,No estoy seguro,Presencial,3.48,2026-08-21
E2115,Economía,3,19,Hombre,8.7,6.6,49,Bicicleta,4,4,0,7.2,A veces,2,,Presencial,3.25,2026-08-08
E2116,Administración,3,23,Mujer,14.8,7.1,71,Caminando,3,5,2,8.9,Nunca,3,No estoy seguro,Presencial,3.63,2026-08-07
E2117,Ingeniería Industrial,8,23,Mujer,27.5,8.9,86,TransMilenio,4,4,4,8.4,Todos los días,2,IA y ML,Presencial,3.67,2026-08-05
E2118,Ciencia de Datos,8,25,Hombre,21.1,7.9,86,TransMilenio,3,5,6,10.4,Frecuentemente,3,Visualización,Presencial,3.5,2026-08-01
E2119,Ciencia de Datos,5,18,Mujer,8.2,7.4,41,Bus,3,4,5,14.6,A veces,4,IA y ML,Presencial,3.42,2026-08-06
E2120,Administración,3,23,Mujer,13.7,7.2,52,Bus,4,4,2,10.5,A veces,3,Analítica de negocio,Presencial,3.24,2026-08-19
E2121,Ciencia de Datos,2,20,Mujer,18.7,7.7,25,Caminando,2,3,3,9.1,Todos los días,3,Analítica de negocio,Presencial,4.12,2026-08-17
E2122,Economía,2,19,Hombre,8.8,7.2,42,Moto,3,5,4,10.2,Frecuentemente,3,Ciencia social computacional,Presencial,3.63,2026-08-12
E2123,Diseño,6,21,Mujer,16.9,6.3,93,Caminando,5,4,2,0,Frecuentemente,2,Analítica de negocio,Presencial,3.62,2026-08-02
E2124,Ingeniería de Sistemas,3,17,Mujer,16.8,7.4,53,Moto,5,4,3,6.6,Nunca,5,IA y ML,Presencial,3.76,2026-08-05
E2125,Ingeniería de Sistemas,1,18,Hombre,2.9,6.7,66,Moto,4,5,2,0.9,A veces,5,IA y ML,Presencial,3.75,2026-08-21
E2126,Psicología,5,22,Mujer,15.1,6.6,58,Caminando,3,5,3,11.2,A veces,3,Ciencia social computacional,Presencial,3.36,2026-08-03
E2127,Administración,4,27,Mujer,15.0,7.8,31,Bicicleta,4,4,4,11.3,Todos los días,1,No estoy seguro,Presencial,3.66,2026-08-17
E2128,Ingeniería Industrial,4,23,Hombre,18.6,,37,Carro,4,4,2,14.2,A veces,4,Visualización,Presencial,3.97,2026-08-11
E2129,Ciencia de Datos,5,21,Mujer,22.3,6.0,40,Bicicleta,5,3,1,14.6,Frecuentemente,5,No estoy seguro,Presencial,3.88,2026-08-10
E2130,Economía,3,20,Hombre,5.6,6.9,48,Bus,3,4,1,4.7,Frecuentemente,2,Ciencia social computacional,Presencial,3.11,2026-08-18
E2131,Administración,1,18,Mujer,11.5,6.2,66,TransMilenio,4,4,4,8.6,A veces,4,Ingeniería de datos,Presencial,3.17,2026-08-20
E2132,Ingeniería de Sistemas,3,22,Hombre,18.5,,109,Caminando,5,4,2,1.0,A veces,3,Visualización,Presencial,3.59,2026-08-03
E2133,Diseño,5,22,Mujer,12.1,6.4,24,Bus,3,4,2,10.7,Nunca,1,Analítica de negocio,Híbrida,3.52,2026-08-09
E2134,Ingeniería de Sistemas,4,22,Mujer,21.0,8.3,37,Carro,3,4,7,12.9,Nunca,2,IA y ML,Presencial,3.4,2026-08-21
E2135,Administración,4,20,Hombre,9.3,5.4,128,Moto,5,3,2,5.1,Frecuentemente,3,IA y ML,Presencial,3.73,2026-08-11
E2136,Economía,7,23,Hombre,17.5,7.1,70,TransMilenio,4,5,3,8.4,Frecuentemente,3,Analítica de negocio,Híbrida,3.2,2026-08-14
E2137,Ciencia de Datos,5,23,Mujer,19.9,6.8,49,Carro,5,3,3,5.9,Frecuentemente,5,No estoy seguro,Presencial,3.59,2026-08-10
E2138,Administración,1,20,Mujer,13.4,5.4,19,TransMilenio,4,4,5,10.7,A veces,1,Ingeniería de datos,Virtual,4.06,2026-08-05
E2139,Economía,5,20,No binario,25.7,5.9,100,Bus,5,3,0,3.3,Frecuentemente,2,Ingeniería de datos,Presencial,3.36,2026-08-16
E2140,Ingeniería Industrial,7,21,Mujer,16.6,6.7,39,Moto,4,4,2,7.3,A veces,4,IA y ML,Presencial,3.89,2026-08-02
E2141,Ciencia de Datos,3,20,Hombre,13.8,6.4,47,TransMilenio,5,2,2,6.3,A veces,5,IA y ML,Híbrida,3.5,2026-08-06
E2142,Diseño,5,18,Hombre,14.1,6.2,91,Caminando,5,4,3,2.6,A veces,3,Visualización,Virtual,3.2,2026-08-12
E2143,Economía,2,20,Hombre,16.1,7.5,81,Moto,4,4,2,5.3,Frecuentemente,2,Ciencia social computacional,Presencial,3.68,2026-08-08
E2144,Ciencia de Datos,4,18,Mujer,18.6,5.9,31,Bicicleta,4,4,1,9.3,Frecuentemente,5,Visualización,Presencial,3.08,2026-08-07
E2145,Ingeniería de Sistemas,3,18,Mujer,13.5,7.7,41,Bus,4,4,3,15.8,A veces,2,No estoy seguro,Presencial,3.94,2026-08-18
E2146,Administración,1,17,Mujer,4.8,6.4,46,Carro,4,5,6,11.4,Frecuentemente,1,Visualización,Presencial,3.17,2026-08-06
E2147,Psicología,1,19,Mujer,17.9,7.3,54,Caminando,4,4,2,8.0,Nunca,2,Analítica de negocio,Presencial,3.1,2026-08-13
E2148,Ingeniería Industrial,4,21,Hombre,15.1,8.3,48,Bicicleta,5,4,2,5.9,A veces,2,Ingeniería de datos,Híbrida,3.31,2026-08-09
E2149,Economía,4,23,Mujer,7.1,7.2,60,Carro,4,4,3,6.0,Nunca,2,IA y ML,Virtual,3.24,2026-08-16
E2150,Ciencia de Datos,5,22,Mujer,19.5,7.6,48,Transmilenio,2,4,3,12.6,Frecuentemente,3,No estoy seguro,Híbrida,4.24,2026-08-19
E2151,Economía,7,23,Mujer,24.3,4.8,42,TransMilenio,5,3,3,13.0,Frecuentemente,2,Visualización,Híbrida,3.47,2026-08-08
E2152,Ingeniería Industrial,4,22,Hombre,15.7,5.7,44,Bicicleta,5,2,0,6.0,Todos los días,3,Analítica de negocio,Presencial,3.6,2026-08-18
E2153,Administración,5,19,Mujer,23.2,9.0,48,Carro,5,5,0,15.8,Frecuentemente,2,Analítica de negocio,Híbrida,3.64,2026-08-06
E2154,Ciencia de Datos,6,21,Hombre,10.7,5.8,30,TransMilenio,4,4,3,11.2,Frecuentemente,3,Ingeniería de datos,Presencial,3.39,2026-08-13
E2155,Economía,5,21,Mujer,20.5,4.7,31,TransMilenio,5,4,2,7.6,Frecuentemente,3,IA y ML,Presencial,3.1,2026-08-07
E2156,Ingeniería Industrial,2,23,Mujer,12.2,6.8,56,Moto,3,4,4,5.4,A veces,2,No estoy seguro,Presencial,3.52,2026-08-16
E2157,Economía,4,20,Hombre,22.0,8.5,59,TransMilenio,3,4,2,6.8,A veces,2,IA y ML,Presencial,3.76,2026-08-03
E2158,Administración,4,20,Hombre,24.2,5.3,58,Caminando,5,3,5,2.7,Todos los días,3,No estoy seguro,Presencial,3.49,2026-08-06
E2159,Administración,5,23,Hombre,20.0,7.5,31,TransMilenio,4,4,4,4.8,Todos los días,3,Visualización,Híbrida,3.82,2026-08-03
E2160,Psicología,6,21,Hombre,17.7,7.2,57,Caminando,4,5,6,15.0,Frecuentemente,2,Ingeniería de datos,Híbrida,3.91,2026-08-06
E2161,Administración,1,20,Prefiere no responder,22.2,7.9,72,Carro,4,5,0,8.5,Frecuentemente,3,Analítica de negocio,Híbrida,3.84,2026-08-13
E2162,Ingeniería Industrial,3,22,Hombre,14.0,6.5,97,Caminando,4,4,5,6.4,Frecuentemente,2,Visualización,Híbrida,3.01,2026-08-19
E2163,Ingeniería de Sistemas,4,23,Mujer,15.9,7.4,62,Carro,4,4,3,3.9,A veces,3,Ciencia social computacional,Presencial,3.42,2026-08-02
E2164,Economía,2,20,Mujer,15.6,6.4,73,TransMilenio,4,5,2,6.9,A veces,1,No estoy seguro,Presencial,3.15,2026-08-12
E2165,Ingeniería de Sistemas,5,20,Mujer,10.1,5.6,7,Caminando,5,3,0,9.7,Nunca,3,Analítica de negocio,Presencial,2.43,2026-08-04
E2166,Ingeniería Industrial,5,20,Hombre,22.2,7.1,49,Moto,5,4,2,4.2,Todos los días,3,Ingeniería de datos,Híbrida,3.81,2026-08-20
E2167,Diseño,2,22,Mujer,8.2,7.8,0,TransMilenio,3,4,1,6.6,Frecuentemente,3,Visualización,Híbrida,3.94,2026-08-07
E2168,Ingeniería Industrial,3,19,Mujer,19.0,6.2,0,TransMilenio,4,4,3,8.7,A veces,1,IA y ML,Presencial,3.58,2026-08-05
E2169,Ingeniería de Sistemas,1,18,Hombre,0,7.0,0,Caminando,2,5,1,6.3,A veces,3,IA y ML,Híbrida,3.5,2026-08-21
E2170,Ciencia de Datos,2,17,Mujer,16.0,5.7,42,Bicicleta,5,3,2,13.8,Nunca,5,Analítica de negocio,Presencial,3.22,2026-08-12
E2171,Ingeniería Industrial,1,19,Hombre,12.9,7.7,122,Carro,5,4,3,9.9,Frecuentemente,4,IA y ML,Híbrida,3.23,2026-08-20
E2172,Ciencia de Datos,4,22,Mujer,17.6,6.0,66,TransMilenio,4,4,5,10.1,Nunca,4,No estoy seguro,Presencial,3.53,2026-08-19
E2173,Ciencia de Datos,5,24,Mujer,24.6,9.2,12,Bicicleta,3,4,4,6.9,A veces,3,Visualización,Presencial,3.78,2026-08-21
E2174,Economía,3,19,Hombre,13.3,,55,TransMilenio,4,5,2,7.1,A veces,2,No estoy seguro,Presencial,3.7,2026-08-01
E2175,Administración,5,19,Hombre,34.7,6.5,30,Bus,5,3,4,10.8,Todos los días,4,Ciencia social computacional,Presencial,3.82,2026-08-10
E2176,Diseño,6,20,Mujer,17.7,,32,Carro,4,3,3,7.6,Todos los días,3,Ciencia social computacional,Presencial,3.82,2026-08-03
E2177,Psicología,1,17,Mujer,4.7,8.7,43,Bus,3,4,2,12.3,A veces,1,Ciencia social computacional,Presencial,3.44,2026-08-18
E2178,Administración,3,20,Hombre,9.0,6.7,0,Carro,4,3,4,9.3,Frecuentemente,2,Visualización,Presencial,3.42,2026-08-18
E2179,Ingeniería de Sistemas,3,20,Mujer,7.2,8.2,60,Caminando,2,5,2,11.6,A veces,5,Analítica de negocio,Presencial,3.52,2026-08-01
E2180,Ingeniería Industrial,3,20,Mujer,23.9,7.3,18,TransMilenio,4,3,3,5.2,Nunca,4,Analítica de negocio,Híbrida,3.51,2026-08-10
E2181,Economía,4,22,Mujer,11.8,6.5,86,TransMilenio,3,5,4,7.2,Todos los días,4,No estoy seguro,Presencial,3.47,2026-08-02
E2182,Administración,4,19,Hombre,0.5,6.8,70,Caminando,3,4,5,9.3,A veces,3,No estoy seguro,Virtual,3.41,2026-08-15
E2183,Ingeniería Industrial,5,24,Hombre,16.4,6.6,83,TransMilenio,3,5,2,9.6,Frecuentemente,3,No estoy seguro,Presencial,3.89,2026-08-09
E2184,Ciencia de Datos,7,23,Hombre,19.7,5.9,99,Carro,5,3,4,6.0,Nunca,4,Visualización,Presencial,3.33,2026-08-09
E2185,Administración,7,24,Hombre,29.2,7.1,77,TransMilenio,5,3,4,9.6,Todos los días,3,Ingeniería de datos,Híbrida,4.24,2026-08-14
E2186,Ciencia de Datos,3,22,Hombre,13.9,7.6,107,Caminando,5,2,1,8.0,A veces,4,No estoy seguro,Híbrida,3.53,2026-08-11
E2187,Ingeniería Industrial,3,22,Hombre,17.6,7.6,83,Bus,3,5,1,7.0,A veces,2,Ingeniería de datos,Presencial,4.04,2026-08-17
E2188,Ciencia de Datos,1,19,Mujer,10.5,5.4,32,TransMilenio,5,4,3,8.0,Frecuentemente,4,No estoy seguro,Presencial,2.92,2026-08-06
E2189,Ingeniería de Sistemas,4,19,No binario,19.7,6.4,51,TransMilenio,4,5,2,1.7,Frecuentemente,2,Ciencia social computacional,Presencial,3.25,2026-08-02
E2190,Economía,2,20,Hombre,12.6,7.1,93,Carro,5,4,2,9.4,Frecuentemente,3,IA y ML,Presencial,3.37,2026-08-19
E2191,Economía,5,22,Hombre,32.5,6.9,46,Carro,5,4,3,10.1,A veces,2,Visualización,Presencial,3.8,2026-08-15
E2192,Ingeniería de Sistemas,7,22,Mujer,11.4,7.5,73,TransMilenio,5,4,2,8.5,Todos los días,2,IA y ML,Híbrida,3.53,2026-08-01
E2193,Ciencia de Datos,2,20,Mujer,0,6.8,33,Carro,4,3,4,9.4,Frecuentemente,2,Ingeniería de datos,Presencial,3.52,2026-08-18
E2194,Administración,7,21,Mujer,30.2,8.1,55,Caminando,5,4,6,5.8,Frecuentemente,2,No estoy seguro,Presencial,3.73,2026-08-09
E2195,Administración,6,22,Hombre,23.1,8.2,31,TransMilenio,5,4,5,10.7,Frecuentemente,2,Visualización,Híbrida,3.85,2026-08-06
E2196,Ingeniería Industrial,4,20,Hombre,18.0,5.6,76,Caminando,4,4,0,8.5,Frecuentemente,4,IA y ML,Presencial,2.89,2026-08-21
E2197,Ingeniería de Sistemas,4,21,Hombre,23.3,6.3,81,TransMilenio,4,3,5,8.2,A veces,2,No estoy seguro,Presencial,3.67,2026-08-13
E2198,Psicología,2,19,Prefiere no responder,8.8,7.5,72,Moto,3,5,6,5.2,Frecuentemente,3,Analítica de negocio,Híbrida,4.06,2026-08-01
E2199,Ingeniería de Sistemas,4,23,Hombre,25.6,6.2,79,Caminando,3,4,3,13.3,Frecuentemente,2,Analítica de negocio,Presencial,3.77,2026-08-01
E2200,Ingeniería de Sistemas,4,20,Mujer,20.5,9.1,34,Caminando,3,3,3,9.4,Nunca,3,Ciencia social computacional,Híbrida,3.91,2026-08-14
E2201,Ciencia de Datos,1,18,No binario,11.6,7.0,43,Carro,5,3,3,11.1,Todos los días,4,No estoy seguro,Presencial,3.85,2026-08-08
E2202,Ciencia de Datos,3,19,Hombre,15.8,6.4,44,Bus,4,4,4,13.8,Frecuentemente,3,IA y ML,Híbrida,3.85,2026-08-20
E2203,Ingeniería de Sistemas,8,22,Mujer,9.0,7.0,51,TransMilenio,4,4,3,9.4,A veces,4,IA y ML,Presencial,3.29,2026-08-12
E2204,Economía,5,23,Mujer,16.3,6.6,59,TransMilenio,5,4,4,10.1,Frecuentemente,1,Analítica de negocio,Presencial,2.61,2026-08-04
E2205,Ingeniería Industrial,6,19,Mujer,14.3,6.7,26,TransMilenio,4,4,4,17.3,Nunca,2,IA y ML,Híbrida,3.96,2026-08-12
E2206,Ciencia de Datos,3,18,Hombre,18.6,7.2,99,Bus,4,4,3,3.1,Todos los días,3,Visualización,Híbrida,3.39,2026-08-07
E2207,Ciencia de Datos,6,21,Mujer,19.1,7.1,79,TransMilenio,4,4,1,12.6,Todos los días,5,IA y ML,Presencial,3.81,2026-08-05
E2208,Economía,2,16,Hombre,12.0,7.6,35,TransMilenio,4,5,4,7.4,Frecuentemente,3,Ingeniería de datos,Presencial,3.61,2026-08-20
E2209,Psicología,3,24,Hombre,16.3,7.1,28,TransMilenio,4,4,5,10.4,A veces,1,Analítica de negocio,Presencial,3.19,2026-08-08
E2210,Ingeniería Industrial,4,20,Mujer,14.9,6.6,102,TransMilenio,5,3,0,6.7,A veces,3,IA y ML,Presencial,3.36,2026-08-05
E2211,Ingeniería de Sistemas,4,21,Mujer,17.5,5.8,27,Carro,5,2,3,5.5,Frecuentemente,3,Visualización,Presencial,3.03,2026-08-14
E2212,Ingeniería Industrial,4,19,Prefiere no responder,16.3,,55,Caminando,5,2,3,9.9,Todos los días,2,Visualización,Virtual,3.31,2026-08-18
E2213,Ciencia de Datos,3,20,Hombre,11.0,7.7,66,TransMilenio,3,3,3,10.6,A veces,2,IA y ML,Presencial,3.98,2026-08-17
E2214,Economía,3,22,Hombre,17.7,6.8,55,Bicicleta,5,3,0,7.6,Nunca,4,IA y ML,Híbrida,3.24,2026-08-06
E2215,Ingeniería Industrial,2,19,Mujer,19.4,6.5,59,Carro,3,4,4,5.7,Frecuentemente,1,Visualización,Presencial,3.88,2026-08-17
E2216,Ingeniería Industrial,5,21,Hombre,17.3,8.0,5,TransMilenio,5,3,2,7.4,Frecuentemente,5,Visualización,Presencial,3.3,2026-08-14
E2217,Diseño,3,22,Hombre,22.0,6.3,39,TransMilenio,5,3,1,13.9,Frecuentemente,3,Analítica de negocio,Presencial,3.87,2026-08-19
E2218,Ingeniería de Sistemas,3,20,Mujer,11.7,5.8,52,Caminando,4,5,5,5.5,A veces,4,IA y ML,Presencial,3.21,2026-08-17
E2219,Ingeniería de Sistemas,10,25,Mujer,24.1,5.9,13,TransMilenio,4,4,1,14.7,Todos los días,4,IA y ML,Presencial,3.08,2026-08-09
E2220,Ingeniería de Sistemas,8,19,Mujer,12.2,6.9,65,Moto,4,4,3,4.7,Todos los días,2,IA y ML,Presencial,3.47,2026-08-01
E2221,Psicología,2,20,Hombre,14.2,7.1,,TransMilenio,5,4,3,2.8,Frecuentemente,2,Analítica de negocio,Presencial,3.21,2026-08-11
E2222,Economía,3,20,Hombre,19.4,6.0,67,Carro,4,4,2,8.6,Frecuentemente,2,Analítica de negocio,Presencial,3.52,2026-08-11
E2223,Psicología,4,22,Mujer,13.8,4.9,13,Carro,4,5,2,10.7,Frecuentemente,1,Visualización,Presencial,3.55,2026-08-09
E2224,Ingeniería de Sistemas,6,20,Hombre,18.6,8.8,2,TransMilenio,3,5,3,13.6,Frecuentemente,3,No estoy seguro,Presencial,4.1,2026-08-19
E2225,Ciencia de Datos,5,22,Mujer,16.7,6.7,50,Bus,4,5,0,7.4,Frecuentemente,3,IA y ML,Presencial,4.17,2026-08-03
E2226,Ciencia de Datos,5,20,Mujer,14.2,5.9,3,Transmilenio,5,3,3,9.1,Frecuentemente,3,Analítica de negocio,Presencial,3.28,2026-08-16
E2227,Administración,6,20,Mujer,23.9,5.0,31,TransMilenio,5,3,0,0,Frecuentemente,3,Ciencia social computacional,Presencial,3.44,2026-08-04
E2228,Ingeniería de Sistemas,3,17,Hombre,21.5,6.5,46,Bicicleta,5,4,1,2.0,Nunca,4,IA y ML,Híbrida,3.74,2026-08-01
E2229,Economía,1,22,Mujer,19.9,9.2,113,TransMilenio,4,4,5,6.1,A veces,4,No estoy seguro,Presencial,3.84,2026-08-11
E2230,Psicología,3,19,Hombre,26.6,,64,Bus,5,4,1,6.1,Frecuentemente,5,Visualización,Presencial,3.52,2026-08-12
E2231,Economía,6,20,Mujer,21.8,6.6,51,Bus,5,3,7,14.2,Todos los días,2,IA y ML,Presencial,3.55,2026-08-09
E2232,Administración,3,23,Hombre,16.3,8.1,51,Bus,3,4,3,5.7,Frecuentemente,4,Analítica de negocio,Presencial,3.59,2026-08-17
E2233,Ingeniería de Sistemas,6,21,Hombre,16.9,8.2,37,Bus,5,3,3,5.2,A veces,3,Ingeniería de datos,Presencial,3.89,2026-08-17
E2234,Ingeniería Industrial,2,20,Hombre,11.7,5.9,73,Caminando,4,4,1,5.7,A veces,4,IA y ML,Presencial,3.29,2026-08-03
E2235,Ingeniería Industrial,4,22,Hombre,10.6,7.4,83,Bicicleta,4,5,2,10.2,Nunca,4,Analítica de negocio,Presencial,3.05,2026-08-12
E2236,Administración,3,21,Mujer,7.3,6.5,29,Bus,5,3,4,7.7,A veces,3,No estoy seguro,Presencial,3.34,2026-08-17
E2237,Administración,1,20,Mujer,12.4,5.8,34,Bus,4,3,3,6.4,A veces,2,IA y ML,Presencial,3.85,2026-08-04
E2238,Ciencia de Datos,4,22,Hombre,23.1,7.2,74,TransMilenio,5,4,2,10.6,Frecuentemente,2,Ciencia social computacional,Presencial,3.43,2026-08-15
E2239,Ciencia de Datos,7,24,Mujer,10.1,5.3,45,Moto,3,4,3,6.1,A veces,4,Ingeniería de datos,Híbrida,3.49,2026-08-11
E2240,Ingeniería de Sistemas,4,24,Hombre,16.6,8.3,67,TransMilenio,1,5,3,3.5,A veces,5,Ingeniería de datos,Presencial,3.65,2026-08-21
E2241,Ciencia de Datos,2,18,Hombre,6.6,8.0,61,TransMilenio,3,5,4,3.4,Todos los días,3,No estoy seguro,Presencial,3.4,2026-08-17
E2242,Ciencia de Datos,1,20,Mujer,4.6,5.2,82,TransMilenio,3,3,4,16.4,A veces,4,No estoy seguro,Virtual,2.65,2026-08-12
E2243,Economía,4,19,Mujer,22.3,6.7,71,Caminando,4,4,4,0,Todos los días,3,Ingeniería de datos,Presencial,3.88,2026-08-12
E2244,Economía,5,23,Hombre,25.2,7.0,35,Carro,4,5,0,4.9,Frecuentemente,2,No estoy seguro,Presencial,3.19,2026-08-01
E2245,Ingeniería Industrial,1,16,Mujer,14.6,6.8,35,TransMilenio,3,4,1,9.5,Todos los días,4,No estoy seguro,Presencial,3.48,2026-08-19
E2246,Diseño,2,18,Hombre,6.3,5.6,53,Caminando,4,3,5,5.0,Frecuentemente,3,No estoy seguro,Presencial,3.33,2026-08-09
E2247,Administración,4,23,Hombre,21.2,7.0,16,TransMilenio,3,4,2,2.9,Frecuentemente,1,,Presencial,3.51,2026-08-19
E2248,Psicología,2,20,Mujer,6.2,6.9,71,TransMilenio,5,3,2,5.6,Frecuentemente,3,Analítica de negocio,Híbrida,3.2,2026-08-08
E2249,Economía,2,20,Hombre,21.9,7.4,65,TransMilenio,4,5,1,9.8,Frecuentemente,2,Analítica de negocio,Virtual,3.22,2026-08-09
E2250,Ingeniería Industrial,4,21,No binario,10.7,7.7,65,Bus,3,4,4,8.6,A veces,2,No estoy seguro,Híbrida,3.3,2026-08-01
E2251,Psicología,2,21,Mujer,12.1,6.0,17,Bicicleta,5,4,2,5.3,A veces,3,Ingeniería de datos,Presencial,3.11,2026-08-11
E2252,Ciencia de Datos,7,20,Hombre,18.8,7.0,37,TransMilenio,4,4,5,3.3,A veces,3,IA y ML,Presencial,3.89,2026-08-04
E2253,Administración,5,21,Hombre,20.6,6.5,54,TransMilenio,4,4,2,8.1,Frecuentemente,3,Visualización,Presencial,3.63,2026-08-07
E2254,Ciencia de Datos,3,18,Mujer,11.7,7.6,28,Caminando,4,4,2,9.0,A veces,4,Visualización,Presencial,3.39,2026-08-04
E2255,Ingeniería de Sistemas,5,19,Hombre,12.0,7.2,63,Moto,5,4,3,11.4,Nunca,3,Visualización,Presencial,3.67,2026-08-05
E2256,Economía,1,20,Hombre,11.5,7.0,17,TransMilenio,2,5,0,6.7,A veces,3,Ingeniería de datos,Virtual,3.21,2026-08-13
E2257,Ingeniería de Sistemas,3,21,Prefiere no responder,18.4,6.6,51,Bicicleta,4,5,3,11.4,Frecuentemente,4,Analítica de negocio,Virtual,4.09,2026-08-07
E2258,Diseño,4,21,Mujer,12.8,,85,TransMilenio,3,5,2,0,A veces,1,IA y ML,Presencial,3.4,2026-08-13
E2259,Ingeniería Industrial,1,17,Hombre,16.1,5.8,24,Bus,5,3,1,11.4,A veces,4,IA y ML,Híbrida,3.14,2026-08-18
E2260,Ciencia de Datos,5,22,Hombre,72.0,7.2,57,Bicicleta,4,3,2,7.7,A veces,3,Analítica de negocio,Presencial,3.78,2026-08-20
E2261,Ingeniería Industrial,4,18,Hombre,12.8,,56,TransMilenio,4,3,2,14.4,Todos los días,3,Ingeniería de datos,Presencial,2.96,2026-08-20
E2262,Ciencia de Datos,5,19,Mujer,10.1,6.3,16,Caminando,2,4,3,5.9,Nunca,4,Ingeniería de datos,Presencial,3.27,2026-08-16
E2263,Administración,2,16,Mujer,19.7,6.8,58,Moto,4,3,4,13.2,A veces,2,Ingeniería de datos,Presencial,3.33,2026-08-19
E2264,Psicología,2,19,Mujer,19.9,7.6,53,TransMilenio,3,5,1,8.0,A veces,1,IA y ML,Presencial,3.45,2026-08-10
E2265,Economía,2,18,Mujer,21.5,6.6,6,Caminando,3,5,2,5.0,Nunca,4,IA y ML,Híbrida,3.72,2026-08-09
E2266,Psicología,3,23,Mujer,1.8,6.9,9,Bus,2,4,3,6.9,Frecuentemente,3,Analítica de negocio,Presencial,3.84,2026-08-07
E2267,Economía,4,24,Mujer,15.9,6.9,81,Bus,5,3,3,16.2,Todos los días,4,IA y ML,Presencial,3.44,2026-08-12
E2268,Administración,2,20,Mujer,26.2,,77,TransMilenio,4,4,2,10.3,A veces,2,IA y ML,Presencial,3.16,2026-08-05
E2269,Ciencia de Datos,4,22,Hombre,19.4,5.1,38,Carro,5,2,3,7.4,Frecuentemente,4,No estoy seguro,Presencial,3.16,2026-08-10
E2270,Administración,6,24,Mujer,28.8,7.5,25,Carro,5,5,0,6.9,Frecuentemente,4,IA y ML,Presencial,3.3,2026-08-06
E2271,Economía,2,21,Mujer,14.4,7.1,76,TransMilenio,4,4,1,8.5,Frecuentemente,1,No estoy seguro,Virtual,3.43,2026-08-03
E2272,Ingeniería Industrial,4,22,Mujer,10.1,8.4,59,Caminando,3,3,6,1.8,A veces,4,No estoy seguro,Presencial,3.33,2026-08-14
E2273,Ingeniería Industrial,2,20,Mujer,8.4,6.3,59,Caminando,4,4,2,3.2,Frecuentemente,3,Ingeniería de datos,Presencial,3.39,2026-08-08
E2274,Psicología,5,22,Hombre,13.5,,66,Caminando,5,3,2,4.6,A veces,4,No estoy seguro,Presencial,3.55,2026-08-06
E2275,Ciencia de Datos,1,18,Mujer,12.0,7.9,51,Moto,4,3,1,6.1,Nunca,4,IA y ML,Presencial,3.59,2026-08-14
E2276,Economía,4,21,Hombre,12.9,6.7,58,Bus,4,4,2,2.7,Nunca,3,No estoy seguro,Presencial,3.75,2026-08-10
E2277,Economía,2,20,Hombre,17.0,5.5,53,Carro,5,3,4,4.4,A veces,1,IA y ML,Presencial,3.2,2026-08-10
E2278,Ciencia de Datos,2,20,Hombre,17.5,5.9,24,Caminando,4,2,5,3.8,Frecuentemente,3,IA y ML,Híbrida,3.49,2026-08-01
E2279,Ingeniería de Sistemas,3,23,Hombre,16.9,7.8,55,Carro,5,3,3,3.4,A veces,3,Ciencia social computacional,Presencial,3.59,2026-08-04
E2280,Diseño,3,22,Hombre,25.0,5.9,53,Bus,5,3,3,17.2,Frecuentemente,5,IA y ML,Presencial,3.83,2026-08-17
E2281,Diseño,4,20,Hombre,2.2,7.3,29,Carro,4,4,2,3.4,Todos los días,2,IA y ML,Presencial,3.27,2026-08-06
E2282,Economía,2,19,Mujer,6.0,8.6,103,Bus,3,4,4,8.6,Frecuentemente,3,Visualización,Presencial,3.59,2026-08-01
E2283,Ingeniería Industrial,3,17,Hombre,12.6,7.9,62,TransMilenio,4,4,3,9.7,A veces,5,Analítica de negocio,Híbrida,3.67,2026-08-18
E2284,Diseño,5,23,Mujer,21.8,7.0,50,Caminando,5,4,4,2.1,Nunca,1,IA y ML,Presencial,3.81,2026-08-01
E2285,Ciencia de Datos,1,16,Mujer,17.8,5.9,2,Caminando,4,4,3,10.9,Frecuentemente,3,IA y ML,Presencial,3.48,2026-08-15
E2286,Ingeniería de Sistemas,3,21,Hombre,13.3,6.9,61,Bicicleta,4,4,2,0,Frecuentemente,4,IA y ML,Presencial,3.25,2026-08-01
E2287,Ciencia de Datos,3,21,Mujer,16.8,6.9,72,Bus,3,5,4,11.2,Nunca,3,Ingeniería de datos,Presencial,3.7,2026-08-01
E2288,Economía,6,21,Hombre,19.2,5.0,18,Caminando,5,3,1,13.1,A veces,1,Analítica de negocio,Presencial,3.13,2026-08-19
E2289,Ciencia de Datos,4,19,Prefiere no responder,21.4,6.6,49,TransMilenio,5,3,4,7.5,Frecuentemente,3,IA y ML,Presencial,3.28,2026-08-03
E2290,Administración,5,20,Mujer,19.2,6.8,54,Caminando,5,4,3,0,A veces,3,Ingeniería de datos,Presencial,3.15,2026-08-10
E2291,Ingeniería de Sistemas,4,18,Mujer,7.1,6.9,57,TransMilenio,4,5,3,5.0,Frecuentemente,5,Visualización,Presencial,3.76,2026-08-16
E2292,Administración,4,25,Mujer,19.3,8.1,48,TransMilenio,4,3,1,2.8,A veces,3,IA y ML,Presencial,3.82,2026-08-21
E2293,Diseño,3,19,Mujer,10.7,6.3,1,Caminando,4,3,2,0,Nunca,3,No estoy seguro,Presencial,3.75,2026-08-16
E2294,Ciencia de Datos,3,21,Hombre,16.0,6.5,71,Bus,4,4,3,1.9,Frecuentemente,3,No estoy seguro,Híbrida,3.3,2026-08-10
E2295,Ingeniería Industrial,5,22,Hombre,9.0,8.6,61,Carro,3,5,0,7.8,Frecuentemente,2,No estoy seguro,Presencial,3.72,2026-08-15
E2296,Economía,3,19,Hombre,13.2,8.4,64,TransMilenio,3,4,2,13.7,A veces,2,Analítica de negocio,Presencial,3.17,2026-08-07
E2297,Ingeniería de Sistemas,3,20,Mujer,12.3,7.1,35,Caminando,4,4,5,10.6,Frecuentemente,5,IA y ML,Presencial,3.85,2026-08-10
E2298,Psicología,4,19,Mujer,16.6,5.0,102,Bus,5,4,2,10.2,A veces,3,Ciencia social computacional,Presencial,3.48,2026-08-13
E2299,Economía,4,20,Hombre,17.5,4.7,71,Carro,5,4,2,13.5,Frecuentemente,4,No estoy seguro,Presencial,3.21,2026-08-16
E2300,Ingeniería Industrial,6,18,Mujer,20.9,6.7,60,TransMilenio,4,5,6,11.9,Todos los días,2,Ciencia social computacional,Presencial,4.1,2026-08-19
E2301,Ciencia de Datos,3,20,Hombre,20.2,6.2,63,Bus,5,3,5,7.8,Todos los días,5,Analítica de negocio,Presencial,3.64,2026-08-18
E2302,Administración,4,19,Hombre,22.4,8.6,40,Carro,4,4,2,12.1,A veces,1,IA y ML,Híbrida,2.96,2026-08-07
E2303,Ciencia de Datos,3,21,Mujer,13.4,6.3,86,Carro,5,5,3,4.9,A veces,3,IA y ML,Presencial,3.91,2026-08-04
E2304,Administración,5,20,Hombre,26.9,6.6,48,Bus,3,4,3,4.8,Frecuentemente,4,No estoy seguro,Virtual,3.78,2026-08-10
E2305,Ingeniería Industrial,2,20,Mujer,11.6,6.4,61,TransMilenio,2,5,1,5.8,Todos los días,3,Ingeniería de datos,Presencial,3.65,2026-08-06
E2306,Administración,6,23,Hombre,32.5,6.6,53,Carro,5,3,2,6.8,A veces,3,No estoy seguro,Híbrida,3.21,2026-08-09
E2307,Ciencia de Datos,4,22,Hombre,10.0,7.7,60,Bicicleta,5,3,4,2.3,Frecuentemente,3,IA y ML,Presencial,3.35,2026-08-04
E2308,Ingeniería de Sistemas,3,23,Mujer,15.7,7.0,98,Bus,4,3,3,9.4,A veces,5,IA y ML,Presencial,3.97,2026-08-12
E2309,Diseño,3,20,Mujer,10.0,6.6,94,TransMilenio,5,3,5,10.5,Frecuentemente,3,,Híbrida,3.33,2026-08-04
E2310,Ingeniería Industrial,6,26,Hombre,15.8,6.2,64,Caminando,5,4,4,10.1,Frecuentemente,2,IA y ML,Presencial,3.18,2026-08-01
E2311,Ciencia de Datos,5,20,Hombre,18.1,7.4,,Bus,5,2,3,10.9,A veces,4,Visualización,Virtual,3.93,2026-08-09
E2312,Diseño,2,17,Hombre,13.8,6.6,32,Moto,4,3,2,7.7,Nunca,3,IA y ML,Híbrida,3.9,2026-08-18
E2313,Ingeniería de Sistemas,4,19,Mujer,16.1,7.5,62,Bus,4,4,4,7.8,Todos los días,2,Analítica de negocio,Presencial,3.61,2026-08-21
E2314,Ingeniería de Sistemas,7,22,Mujer,15.3,7.4,63,Bus,3,4,4,14.3,A veces,4,IA y ML,Híbrida,3.39,2026-08-21
E2315,Ciencia de Datos,3,18,Hombre,15.8,6.5,75,TransMilenio,5,3,2,4.8,Todos los días,3,IA y ML,Presencial,3.48,2026-08-08
E2316,Ingeniería Industrial,4,19,Hombre,27.7,6.0,48,TransMilenio,4,4,4,8.4,Todos los días,2,IA y ML,Presencial,3.27,2026-08-01
E2317,Ingeniería Industrial,6,23,Mujer,10.6,6.6,15,Carro,4,3,2,0,Todos los días,2,Ciencia social computacional,Híbrida,3.92,2026-08-15
E2318,Economía,3,19,Hombre,14.8,6.9,76,Caminando,3,5,5,16.3,Frecuentemente,3,Analítica de negocio,Presencial,3.59,2026-08-04
E2319,Diseño,6,23,Hombre,23.3,5.5,100,Caminando,5,3,4,12.6,A veces,3,IA y ML,Presencial,3.4,2026-08-05
E2320,Economía,3,21,Mujer,15.2,8.8,49,TransMilenio,4,4,2,9.7,A veces,2,IA y ML,Presencial,3.62,2026-08-21
E2321,Psicología,3,20,Hombre,16.2,6.5,0,TransMilenio,5,3,4,3.4,A veces,2,IA y ML,Presencial,2.8,2026-08-02
E2322,Ingeniería de Sistemas,2,20,Hombre,9.7,,40,TransMilenio,4,3,2,2.4,Frecuentemente,4,Ciencia social computacional,Híbrida,3.07,2026-08-17
E2323,Ingeniería Industrial,4,23,Hombre,9.7,6.9,13,TransMilenio,3,4,4,18.1,Todos los días,4,Visualización,Presencial,3.19,2026-08-19
E2324,Diseño,4,22,Prefiere no responder,23.5,7.3,55,TransMilenio,5,4,4,4.0,Nunca,3,Visualización,Presencial,3.84,2026-08-19
E2325,Ingeniería de Sistemas,7,20,Hombre,17.3,4.5,25,Bicicleta,5,3,2,10.2,Frecuentemente,2,No estoy seguro,Presencial,3.11,2026-08-06
E2326,Ingeniería de Sistemas,4,22,Mujer,12.0,6.8,28,Caminando,5,4,4,3.4,Frecuentemente,4,Visualización,Híbrida,3.33,2026-08-17
E2327,Ingeniería Industrial,5,19,Mujer,16.5,6.7,30,Carro,3,5,6,17.2,A veces,4,Analítica de negocio,Presencial,3.45,2026-08-21
E2328,Ciencia de Datos,6,22,Hombre,19.0,5.3,53,TransMilenio,5,4,6,0,Frecuentemente,2,No estoy seguro,Presencial,3.28,2026-08-02
E2329,Economía,4,21,Mujer,14.4,7.2,89,Caminando,3,4,2,11.9,Nunca,3,Ingeniería de datos,Presencial,3.45,2026-08-15
E2330,Administración,2,20,Mujer,15.5,7.1,0,Caminando,5,2,2,11.0,Frecuentemente,2,Analítica de negocio,Presencial,3.99,2026-08-06
E2331,Ingeniería de Sistemas,3,21,Hombre,19.6,8.0,23,Bus,3,3,4,1.8,Todos los días,3,Ciencia social computacional,Presencial,3.44,2026-08-18
E2332,Ciencia de Datos,4,23,Mujer,21.3,9.0,44,Carro,4,5,4,4.4,Todos los días,5,Ingeniería de datos,Híbrida,3.31,2026-08-06
E2333,Economía,5,20,Mujer,14.7,6.3,66,Carro,5,4,3,14.1,A veces,3,Analítica de negocio,Presencial,3.44,2026-08-06
E2334,Ingeniería Industrial,4,18,Hombre,23.4,4.8,58,TransMilenio,4,2,0,14.7,Todos los días,2,Ingeniería de datos,Presencial,3.5,2026-08-02
E2335,Ingeniería Industrial,4,23,Hombre,11.8,7.6,28,Bicicleta,4,4,4,11.2,Frecuentemente,2,Visualización,Presencial,3.16,2026-08-11
E2336,Administración,3,19,Mujer,13.9,7.3,32,TransMilenio,4,4,2,0.2,A veces,2,Ingeniería de datos,Presencial,3.88,2026-08-19
E2337,Ingeniería de Sistemas,1,17,Mujer,8.2,7.6,56,Caminando,3,4,1,8.1,Frecuentemente,3,Visualización,Presencial,4.28,2026-08-10
E2338,Ciencia de Datos,1,18,Mujer,8.5,6.8,13,Carro,3,3,3,11.7,Frecuentemente,3,IA y ML,Híbrida,3.51,2026-08-16
E2339,Economía,6,23,Mujer,20.1,6.3,0,Bus,4,5,2,8.2,A veces,3,Ciencia social computacional,Presencial,2.65,2026-08-01
E2340,Ingeniería Industrial,2,16,Hombre,21.1,8.4,92,Carro,3,4,3,8.5,Frecuentemente,2,Visualización,Presencial,3.89,2026-08-07
E2341,Administración,3,19,Mujer,21.2,6.7,0,Moto,3,4,1,6.7,A veces,2,Ciencia social computacional,Presencial,3.25,2026-08-06
E2342,Ingeniería de Sistemas,4,20,Hombre,7.5,6.1,67,TransMilenio,4,5,3,12.9,A veces,4,Ciencia social computacional,Presencial,3.21,2026-08-20
E2343,Ingeniería de Sistemas,3,22,Mujer,8.4,8.2,24,Bicicleta,3,4,4,15.5,Frecuentemente,3,No estoy seguro,Presencial,3.49,2026-08-21
E2344,Ingeniería de Sistemas,5,23,Hombre,28.0,7.7,,Caminando,3,3,4,7.3,Nunca,5,IA y ML,Presencial,3.91,2026-08-08
E2345,Diseño,3,21,Mujer,7.8,6.7,46,TransMilenio,4,4,4,15.5,A veces,4,Analítica de negocio,Híbrida,3.45,2026-08-11
E2346,Economía,3,19,Hombre,22.7,7.5,75,Bus,5,3,4,11.7,Todos los días,4,No estoy seguro,Híbrida,3.47,2026-08-08
E2347,Ingeniería Industrial,2,23,Hombre,15.1,6.8,32,Bus,4,3,4,1.7,Frecuentemente,4,IA y ML,Presencial,3.71,2026-08-12
E2348,Ciencia de Datos,1,18,Mujer,14.1,6.7,50,Carro,5,3,3,10.3,A veces,4,Ingeniería de datos,Presencial,3.17,2026-08-12
E2349,Ingeniería Industrial,4,20,Hombre,25.0,7.5,8,Bus,4,4,1,7.7,Todos los días,3,No estoy seguro,Híbrida,3.33,2026-08-17
E2350,Diseño,2,21,Mujer,17.3,6.6,69,Caminando,3,3,1,13.8,Frecuentemente,5,Ingeniería de datos,Presencial,4.22,2026-08-21
E2351,Ciencia de Datos,3,18,Hombre,15.5,9.2,0,Bus,3,4,4,8.3,Nunca,3,Ingeniería de datos,Presencial,3.21,2026-08-01
E2352,Ingeniería Industrial,4,23,Mujer,8.4,6.8,99,Carro,4,4,3,6.6,Nunca,2,Ingeniería de datos,Presencial,3.03,2026-08-20
E2353,Psicología,3,17,Mujer,13.2,6.5,52,TransMilenio,4,3,2,9.1,Frecuentemente,4,IA y ML,Híbrida,3.45,2026-08-11
E2354,Ingeniería Industrial,4,23,Mujer,17.2,8.2,27,TransMilenio,3,5,5,7.1,A veces,3,IA y ML,Presencial,3.49,2026-08-02
E2355,Ingeniería Industrial,3,23,Hombre,23.9,6.4,67,TransMilenio,5,3,4,6.2,Todos los días,1,Ingeniería de datos,Presencial,3.75,2026-08-20
E2356,Ingeniería de Sistemas,6,20,Hombre,22.0,6.2,46,Moto,5,4,1,6.2,Nunca,3,No estoy seguro,Presencial,3.33,2026-08-12
E2357,Administración,2,19,Mujer,23.8,5.5,106,Bus,5,4,6,2.4,Frecuentemente,3,IA y ML,Híbrida,3.07,2026-08-12
E2358,Economía,3,17,Hombre,10.3,5.6,80,Bicicleta,5,4,2,15.6,A veces,2,Ingeniería de datos,Presencial,3.69,2026-08-07
E2359,Diseño,1,20,Hombre,7.9,6.9,28,Caminando,4,4,3,11.3,Todos los días,3,Ingeniería de datos,Presencial,3.34,2026-08-19
E2360,Diseño,7,26,Mujer,9.6,7.7,56,TransMilenio,3,4,0,8.7,Nunca,2,Ciencia social computacional,Híbrida,4.05,2026-08-01
E2361,Economía,4,21,Hombre,23.1,6.2,52,TransMilenio,5,4,3,0.8,Frecuentemente,4,No estoy seguro,Presencial,3.03,2026-08-09
E2362,Psicología,6,22,Hombre,17.2,7.7,49,Bus,2,5,1,9.2,A veces,2,IA y ML,Presencial,3.83,2026-08-01
E2363,Ingeniería de Sistemas,6,23,Hombre,18.6,6.7,98,TransMilenio,4,4,2,10.1,Frecuentemente,4,IA y ML,Híbrida,3.4,2026-08-13
E2364,Diseño,4,20,Hombre,12.2,6.7,50,TransMilenio,3,4,4,11.1,A veces,3,Ciencia social computacional,Presencial,3.26,2026-08-09
E2365,Ingeniería de Sistemas,4,21,Mujer,3.8,7.8,57,Carro,5,4,2,7.6,Nunca,5,Analítica de negocio,Híbrida,3.74,2026-08-16
E2366,Economía,4,23,Mujer,14.1,7.2,60,TransMilenio,3,5,0,10.3,A veces,2,Analítica de negocio,Presencial,3.94,2026-08-19
E2367,Ciencia de Datos,4,23,Mujer,7.8,7.2,21,Moto,2,5,0,16.3,Nunca,3,Visualización,Presencial,3.06,2026-08-07
E2368,Administración,1,21,Hombre,10.7,7.4,33,TransMilenio,4,4,2,10.7,A veces,3,Ciencia social computacional,Presencial,3.68,2026-08-15
E2369,Diseño,5,21,No binario,12.6,7.0,34,Bicicleta,4,3,1,8.6,A veces,2,Visualización,Presencial,3.93,2026-08-05
E2370,Administración,6,21,Hombre,17.2,6.5,66,Bus,5,3,5,6.2,Todos los días,1,Ciencia social computacional,Híbrida,3.22,2026-08-09
E2371,Ingeniería de Sistemas,7,22,Prefiere no responder,31.2,6.9,22,Bicicleta,5,5,5,4.4,Frecuentemente,3,IA y ML,Presencial,3.44,2026-08-15
E2372,Psicología,7,23,Mujer,21.5,6.5,20,TransMilenio,4,4,5,7.6,Frecuentemente,2,IA y ML,Presencial,3.73,2026-08-03
E2373,Ingeniería Industrial,6,21,Hombre,16.6,6.9,49,Bus,4,3,4,6.3,Todos los días,5,IA y ML,Presencial,3.56,2026-08-10
E2374,Ingeniería de Sistemas,8,22,Mujer,19.3,7.6,48,TransMilenio,3,5,1,5.9,Frecuentemente,3,IA y ML,Híbrida,3.1,2026-08-12
E2375,Ciencia de Datos,2,18,Mujer,18.5,8.1,52,Caminando,5,5,4,13.3,Frecuentemente,4,,Presencial,3.73,2026-08-12
E2376,Economía,1,19,Hombre,5.5,6.8,13,TransMilenio,4,5,1,8.5,A veces,2,IA y ML,Presencial,3.22,2026-08-21
E2377,Economía,3,17,Hombre,16.5,8.5,29,Bus,3,5,1,11.0,Todos los días,1,Ciencia social computacional,Presencial,3.18,2026-08-03
E2378,Ingeniería Industrial,3,19,Mujer,10.0,7.8,0,TransMilenio,4,4,2,9.5,Frecuentemente,3,Ciencia social computacional,Presencial,3.67,2026-08-08
E2379,Ingeniería Industrial,1,18,Hombre,5.5,7.0,116,TransMilenio,3,4,3,8.0,A veces,2,Analítica de negocio,Presencial,2.86,2026-08-08
E2380,Ciencia de Datos,3,18,Mujer,18.9,6.6,40,Carro,4,3,5,9.1,Frecuentemente,3,Analítica de negocio,Presencial,3.37,2026-08-19
E2381,Ciencia de Datos,3,21,Hombre,11.1,7.6,69,Caminando,3,5,5,13.2,Todos los días,5,No estoy seguro,Presencial,3.32,2026-08-09
E2382,Administración,5,18,Hombre,7.1,6.7,135,Bus,4,3,4,11.1,Frecuentemente,2,Ciencia social computacional,Presencial,3.28,2026-08-06
E2383,Ciencia de Datos,2,21,Mujer,13.0,6.5,28,Carro,4,5,3,5.5,A veces,5,No estoy seguro,Presencial,3.21,2026-08-02
E2384,Ingeniería de Sistemas,6,20,Hombre,21.9,7.7,75,TransMilenio,5,4,0,8.0,A veces,3,Ingeniería de datos,Híbrida,3.34,2026-08-05
E2385,Psicología,3,21,No binario,15.6,5.8,48,TransMilenio,4,3,3,11.4,Frecuentemente,3,Analítica de negocio,Presencial,3.38,2026-08-19
E2386,Economía,5,22,Hombre,18.0,6.2,57,Carro,4,4,4,12.7,Frecuentemente,3,Visualización,Presencial,4.05,2026-08-01
E2387,Economía,5,23,Mujer,11.5,7.2,,Carro,4,4,3,8.3,Frecuentemente,3,Ingeniería de datos,Presencial,2.73,2026-08-09
E2388,Ciencia Datos,4,18,Mujer,15.1,7.5,0,Carro,4,4,1,2.2,A veces,5,Analítica de negocio,Presencial,3.78,2026-08-10
E2389,Ciencia de Datos,3,19,Mujer,10.8,8.4,29,Moto,2,3,2,9.5,A veces,5,IA y ML,Presencial,4.06,2026-08-12
E2390,Economía,4,24,Hombre,18.2,7.0,19,TransMilenio,4,4,4,6.2,A veces,5,Ingeniería de datos,Presencial,3.43,2026-08-21
E2391,Diseño,6,25,Prefiere no responder,20.7,6.8,87,Caminando,4,3,4,10.7,Frecuentemente,2,Visualización,Híbrida,3.44,2026-08-09
E2392,Ciencia de Datos,4,22,Prefiere no responder,9.6,7.2,52,TransMilenio,4,3,2,8.8,Frecuentemente,4,Analítica de negocio,Híbrida,2.97,2026-08-05
E2393,Economía,2,20,Hombre,14.8,8.1,44,Carro,3,4,1,2.9,A veces,2,Analítica de negocio,Presencial,3.8,2026-08-08
E2394,Psicología,4,18,Hombre,24.7,4.6,72,Caminando,5,3,1,3.0,Frecuentemente,3,Ingeniería de datos,Presencial,3.59,2026-08-11
E2395,Psicología,2,19,Mujer,9.4,6.0,90,Carro,5,4,0,13.4,Todos los días,1,Analítica de negocio,Presencial,2.82,2026-08-06
E2396,Economía,3,21,Hombre,22.1,5.8,22,TransMilenio,4,4,0,6.3,Frecuentemente,2,Ingeniería de datos,Presencial,3.4,2026-08-11
E2397,Administración,3,23,Mujer,14.8,8.6,37,TransMilenio,3,5,2,3.3,Todos los días,4,No estoy seguro,Presencial,3.7,2026-08-02
E2398,Ingeniería de Sistemas,4,20,Hombre,12.0,8.6,81,TransMilenio,4,5,2,5.1,A veces,5,IA y ML,Presencial,4.11,2026-08-12
E2399,Diseño,3,20,Hombre,14.1,8.6,52,Bus,3,4,2,9.2,A veces,2,Ingeniería de datos,Presencial,3.37,2026-08-16
E2400,Economía,2,24,Mujer,14.6,6.7,49,Caminando,4,4,2,1.6,Nunca,4,Visualización,Presencial,3.23,2026-08-06
E2401,Administración,2,19,Mujer,14.7,8.9,92,TransMilenio,4,3,4,0.5,Nunca,1,Ciencia social computacional,Presencial,3.5,2026-08-08
E2402,Ingeniería Industrial,1,16,Hombre,15.0,5.3,50,Caminando,5,4,3,8.4,Frecuentemente,1,Analítica de negocio,Presencial,3.02,2026-08-14
E2403,Psicología,4,18,Hombre,19.5,6.2,78,Bus,4,4,4,0,Todos los días,2,Analítica de negocio,Híbrida,3.22,2026-08-17
E2404,Ingeniería de Sistemas,5,22,Hombre,22.3,6.4,51,TransMilenio,5,4,2,13.5,A veces,4,Ingeniería de datos,Presencial,3.76,2026-08-19
E2405,Ingeniería Industrial,2,18,Mujer,24.3,,43,TransMilenio,4,4,1,8.6,A veces,1,No estoy seguro,Presencial,3.88,2026-08-19
E2406,Ingeniería de Sistemas,2,21,Mujer,18.9,7.9,23,Bus,3,4,0,4.2,Frecuentemente,4,IA y ML,Presencial,4.43,2026-08-20
E2407,Ingeniería de Sistemas,6,21,Mujer,7.8,6.6,46,Bicicleta,3,3,4,9.0,A veces,4,Ingeniería de datos,Presencial,3.15,2026-08-05
E2408,Ingeniería de Sistemas,3,21,Mujer,15.2,7.0,21,Moto,4,5,3,4.2,Todos los días,3,Visualización,Presencial,3.44,2026-08-21
E2409,Administración,3,18,Hombre,10.7,7.1,47,TransMilenio,3,4,3,4.3,A veces,2,IA y ML,Presencial,3.75,2026-08-21
E2410,Administración,1,20,Mujer,10.3,7.1,52,TransMilenio,4,3,4,12.5,Frecuentemente,3,Analítica de negocio,Presencial,3.13,2026-08-15
E2411,Ingeniería de Sistemas,3,22,Hombre,11.7,6.2,58,Carro,4,3,3,9.4,A veces,2,Visualización,Presencial,3.47,2026-08-09
E2412,Ingeniería Industrial,5,21,Hombre,13.9,6.7,,Bicicleta,4,4,0,8.2,Frecuentemente,4,Visualización,Híbrida,3.41,2026-08-11
E2413,Ciencia de Datos,4,18,Hombre,13.9,7.1,47,TransMilenio,3,4,6,13.3,Nunca,4,No estoy seguro,Presencial,3.29,2026-08-08
E2414,Administración,2,19,Hombre,17.9,8.2,53,Moto,4,2,4,14.4,A veces,4,IA y ML,Híbrida,3.77,2026-08-16
E2415,Ciencia de Datos,4,22,Mujer,16.0,6.5,21,TransMilenio,2,4,5,3.1,Frecuentemente,4,No estoy seguro,Presencial,3.55,2026-08-10
E2416,Ingeniería de Sistemas,7,23,Hombre,21.3,7.7,87,TransMilenio,4,5,4,6.0,Todos los días,5,Ciencia social computacional,Híbrida,3.32,2026-08-02
E2417,Administración,8,20,Prefiere no responder,20.4,,29,Carro,5,2,3,9.4,Frecuentemente,3,IA y ML,Presencial,2.85,2026-08-08
E2418,Ingeniería Industrial,2,18,Mujer,18.1,6.2,78,Carro,5,4,3,12.8,A veces,2,Visualización,Presencial,3.34,2026-08-12
E2419,Administración,1,19,Hombre,19.6,5.3,91,Bicicleta,5,4,4,13.8,Nunca,3,IA y ML,Híbrida,3.25,2026-08-11
E2420,Ciencia de Datos,4,18,Mujer,21.9,6.3,86,Carro,5,4,1,10.8,A veces,2,Ciencia social computacional,Presencial,3.13,2026-08-06
E2421,Ingeniería Industrial,4,21,Mujer,20.2,7.1,64,TransMilenio,4,3,4,9.1,Todos los días,2,Analítica de negocio,Presencial,3.13,2026-08-03
E2422,Diseño,2,21,Mujer,13.9,7.5,22,TransMilenio,4,4,0,6.2,Todos los días,3,Ingeniería de datos,Presencial,3.25,2026-08-10
E2423,Psicología,3,21,Hombre,17.8,7.5,72,TransMilenio,4,4,3,9.9,Frecuentemente,3,Visualización,Presencial,3.45,2026-08-08
E2424,Ingeniería Industrial,2,17,Hombre,6.1,6.8,32,TransMilenio,4,4,1,12.0,Frecuentemente,1,No estoy seguro,Presencial,3.53,2026-08-09
E2425,Ingeniería de Sistemas,2,20,Mujer,15.2,5.4,82,Bus,4,3,2,2.0,Nunca,5,IA y ML,Presencial,3.46,2026-08-08
E2426,Diseño,4,21,Hombre,18.2,7.1,65,Moto,3,5,3,9.8,Frecuentemente,3,IA y ML,Presencial,3.51,2026-08-11
E2427,Administración,3,18,Hombre,17.7,,49,TransMilenio,4,4,2,7.7,A veces,3,IA y ML,Presencial,3.27,2026-08-17
E2428,Administración,4,22,Hombre,19.6,7.1,67,Bus,5,4,2,7.9,Frecuentemente,2,Ciencia social computacional,Presencial,2.81,2026-08-04
E2429,Psicología,3,21,mujer,19.2,7.9,81,Bus,5,3,1,10.1,Frecuentemente,1,IA y ML,Híbrida,3.51,2026-08-14
E2430,Diseño,3,19,Mujer,8.2,6.3,28,TransMilenio,5,3,0,5.4,Todos los días,3,Visualización,Presencial,3.07,2026-08-19
E2431,Ingeniería Industrial,2,17,Hombre,10.3,6.4,55,Bicicleta,3,4,4,7.2,Frecuentemente,2,IA y ML,Híbrida,3.19,2026-08-07
E2432,Ciencia de Datos,4,18,Hombre,17.2,7.8,65,Caminando,3,4,2,5.5,Frecuentemente,4,Ingeniería de datos,Presencial,3.46,2026-08-08
E2433,Administración,6,21,Mujer,9.7,6.3,15,TransMilenio,3,5,0,5.0,A veces,1,IA y ML,Presencial,3.55,2026-08-09
E2434,Diseño,1,20,Hombre,14.7,8.4,16,Bus,2,5,4,8.6,Frecuentemente,1,Visualización,Híbrida,3.95,2026-08-19
E2435,Administración,7,21,Hombre,19.2,7.0,68,TransMilenio,5,3,6,8.5,A veces,1,Analítica de negocio,Presencial,3.45,2026-08-14
E2436,Economía,2,19,Hombre,17.9,6.3,0,Caminando,5,4,3,8.8,Todos los días,2,IA y ML,Presencial,3.97,2026-08-14
E2437,Ingeniería de Sistemas,4,20,Hombre,16.1,6.2,63,Moto,4,4,4,7.6,A veces,2,Analítica de negocio,Presencial,3.1,2026-08-21
E2438,Economía,4,20,Hombre,19.4,5.6,12,TransMilenio,5,3,2,8.2,Nunca,3,IA y ML,Virtual,3.41,2026-08-10
E2439,Ingeniería de Sistemas,6,22,Hombre,21.0,6.7,50,Bicicleta,3,4,2,8.4,Nunca,4,No estoy seguro,Híbrida,3.17,2026-08-03
E2440,Administración,5,23,Mujer,6.0,8.0,59,TransMilenio,3,4,4,9.6,A veces,3,No estoy seguro,Presencial,3.5,2026-08-07
E2441,Ciencia de Datos,4,19,Mujer,23.9,7.6,17,TransMilenio,4,3,4,1.3,Frecuentemente,4,IA y ML,Presencial,3.79,2026-08-11
E2442,Ingeniería de Sistemas,8,22,Hombre,19.7,7.7,39,Carro,5,4,2,7.3,Todos los días,4,Ingeniería de datos,Presencial,3.64,2026-08-16
E2443,Diseño,4,24,Hombre,16.3,7.1,96,Moto,5,4,3,6.3,Todos los días,1,Analítica de negocio,Presencial,3.32,2026-08-16
E2444,Diseño,2,20,Mujer,14.8,6.8,17,Moto,3,5,4,16.7,Frecuentemente,1,Ingeniería de datos,Presencial,3.75,2026-08-19
E2445,Ciencia de Datos,4,19,Mujer,24.4,7.2,85,Carro,4,3,1,10.8,Nunca,2,Ciencia social computacional,Híbrida,3.68,2026-08-20
E2446,Economía,3,19,Hombre,15.2,5.4,5,TransMilenio,4,3,1,1.4,A veces,1,Analítica de negocio,Presencial,3.27,2026-08-19
E2447,Diseño,4,22,Mujer,13.4,6.3,48,Bus,4,4,4,8.6,A veces,5,Visualización,Presencial,3.16,2026-08-03
E2448,Diseño,4,21,Hombre,16.9,5.5,34,Bicicleta,3,4,3,14.6,Frecuentemente,1,Ingeniería de datos,Presencial,3.47,2026-08-17
E2449,Ciencia de Datos,2,20,Hombre,14.2,7.2,37,Bus,3,4,0,9.8,Nunca,5,Analítica de negocio,Presencial,3.74,2026-08-08
E2450,Administración,4,18,Mujer,23.2,7.1,62,Caminando,5,3,5,6.5,Frecuentemente,1,Analítica de negocio,Híbrida,3.98,2026-08-18
E2451,Diseño,2,21,Hombre,24.8,6.7,74,Carro,5,3,1,10.3,Todos los días,4,Visualización,Híbrida,3.63,2026-08-17
E2452,Ingeniería de Sistemas,6,23,Hombre,16.2,4.9,10,TransMilenio,4,4,4,8.1,Frecuentemente,3,Ingeniería de datos,Presencial,3.39,2026-08-11
E2453,Administración,6,22,Hombre,26.0,7.2,55,Bicicleta,5,4,0,1.3,A veces,5,Analítica de negocio,Presencial,3.76,2026-08-10
E2454,Administración,1,20,Mujer,9.5,6.3,,Bicicleta,3,3,0,3.2,A veces,3,Ingeniería de datos,Presencial,3.48,2026-08-10
E2455,Economía,2,19,Hombre,11.1,6.5,58,Bus,4,2,1,9.8,Frecuentemente,3,Analítica de negocio,Presencial,4.43,2026-08-02
E2456,Ingeniería Industrial,3,21,Hombre,10.9,6.9,39,Caminando,3,5,5,2.0,Frecuentemente,4,Ciencia social computacional,Presencial,3.6,2026-08-07
E2457,Psicología,6,22,Mujer,8.9,7.6,75,Bus,3,5,6,16.3,A veces,2,Ingeniería de datos,Virtual,3.27,2026-08-05
E2458,Ingeniería de Sistemas,4,20,Mujer,16.0,8.5,67,TransMilenio,3,4,3,8.5,Frecuentemente,4,IA y ML,Presencial,3.66,2026-08-04
E2459,Administración,2,21,Hombre,9.7,6.6,42,Caminando,3,5,4,9.2,Todos los días,3,IA y ML,Presencial,3.21,2026-08-19
E2460,Ingeniería Industrial,3,18,Mujer,5.1,8.9,84,TransMilenio,2,3,2,1.2,A veces,3,Ciencia social computacional,Híbrida,3.77,2026-08-02
E2461,Ciencia de Datos,1,21,Mujer,6.8,5.6,14,Carro,4,5,1,4.8,Frecuentemente,3,Analítica de negocio,Presencial,3.64,2026-08-07
E2462,Diseño,3,19,Mujer,10.1,7.4,88,TransMilenio,4,4,2,12.3,Nunca,2,IA y ML,Presencial,3.22,2026-08-08
E2463,Economía,4,17,Mujer,15.5,6.7,62,Bus,4,3,5,4.8,A veces,3,IA y ML,Presencial,3.51,2026-08-19
E2464,Ciencia de Datos,5,23,Mujer,28.2,4.7,57,Bus,5,3,2,2.0,A veces,4,IA y ML,Híbrida,2.8,2026-08-14
E2465,Ingeniería de Sistemas,3,17,Hombre,13.3,7.1,9,Caminando,5,3,3,5.4,A veces,3,Ingeniería de datos,Híbrida,3.28,2026-08-19
E2466,Ingeniería Industrial,5,22,Hombre,13.7,8.1,63,Bicicleta,3,4,3,13.7,A veces,1,Ciencia social computacional,Presencial,3.5,2026-08-13
E2467,Economía,5,21,Mujer,13.2,6.3,89,Bus,5,3,4,5.4,A veces,1,IA y ML,Presencial,3.43,2026-08-15
E2468,Diseño,6,22,Mujer,16.1,6.5,85,Bus,4,4,1,11.9,Frecuentemente,3,IA y ML,Virtual,2.79,2026-08-11
E2469,Ciencia de Datos,3,19,Prefiere no responder,15.1,6.1,53,Transmilenio,3,3,3,6.9,Todos los días,5,Analítica de negocio,Híbrida,4.05,2026-08-10
E2470,Ingeniería Industrial,4,21,Mujer,15.0,6.1,85,Carro,5,3,1,9.7,A veces,4,IA y ML,Híbrida,3.34,2026-08-16
E2471,Administración,5,19,Hombre,15.7,5.6,28,TransMilenio,5,3,3,12.2,Nunca,2,Analítica de negocio,Híbrida,3.56,2026-08-05
E2472,Economía,1,16,Hombre,16.4,5.4,49,Caminando,5,4,1,4.4,Frecuentemente,4,Ingeniería de datos,Presencial,3.49,2026-08-16
E2473,Ingeniería de Sistemas,6,22,Mujer,19.7,6.7,31,TransMilenio,4,4,3,7.9,Frecuentemente,3,IA y ML,Presencial,3.33,2026-08-11
E2474,Psicología,4,20,Mujer,11.6,5.6,47,Moto,3,4,2,8.6,A veces,4,IA y ML,Presencial,3.24,2026-08-07
E2475,Ingeniería de Sistemas,4,20,Mujer,14.4,6.5,73,Carro,3,4,3,0.5,A veces,3,Analítica de negocio,Presencial,3.33,2026-08-09
E2476,Ciencia de Datos,5,22,No binario,10.3,6.9,0,TransMilenio,3,4,2,12.0,A veces,4,IA y ML,Presencial,3.38,2026-08-15
E2477,Ciencia de Datos,4,22,Hombre,9.3,8.3,40,Moto,2,4,0,13.5,Frecuentemente,4,Analítica de negocio,Presencial,3.15,2026-08-02
E2478,Ingeniería Industrial,2,20,Hombre,21.0,8.0,97,Bus,5,3,2,5.1,Frecuentemente,2,IA y ML,Híbrida,3.4,2026-08-20
E2479,Economía,1,20,Hombre,8.9,8.7,62,TransMilenio,4,5,1,10.3,Nunca,1,Ingeniería de datos,Presencial,3.12,2026-08-21
E2480,Economía,6,24,Mujer,16.5,6.6,24,Caminando,5,2,3,9.9,A veces,2,Analítica de negocio,Presencial,3.44,2026-08-16
E2481,Administración,2,19,Mujer,17.2,6.2,82,Bus,5,3,3,7.5,A veces,1,Analítica de negocio,Presencial,4.08,2026-08-19
E2482,Economía,3,21,Hombre,19.2,6.7,23,TransMilenio,4,3,2,3.3,Frecuentemente,2,No estoy seguro,Presencial,3.17,2026-08-03
E2483,Ingeniería de Sistemas,5,23,Prefiere no responder,15.5,,11,Caminando,4,3,2,12.5,A veces,3,Analítica de negocio,Presencial,3.04,2026-08-15
E2484,Economía,4,19,Hombre,22.3,7.2,75,TransMilenio,2,4,5,9.8,A veces,4,IA y ML,Presencial,4.0,2026-08-05
E2485,Psicología,1,19,Hombre,18.0,6.8,18,Caminando,5,4,2,9.5,A veces,2,Ciencia social computacional,Virtual,3.38,2026-08-15
E2486,Ingeniería de Sistemas,4,18,Mujer,20.0,7.3,38,Caminando,3,5,2,13.2,A veces,4,Analítica de negocio,Presencial,3.54,2026-08-08
E2487,Psicología,4,23,Hombre,15.9,6.3,51,TransMilenio,4,5,2,1.6,Frecuentemente,3,Analítica de negocio,Presencial,2.95,2026-08-15
E2488,Ingeniería de Sistemas,2,20,Hombre,22.7,6.2,79,Bicicleta,4,4,6,10.3,Frecuentemente,4,Analítica de negocio,Híbrida,3.82,2026-08-07
E2489,Administración,6,20,Hombre,23.5,4.5,24,Bus,5,4,1,4.7,Todos los días,1,Visualización,Presencial,2.97,2026-08-07
E2490,Administración,1,20,Hombre,2.5,5.8,36,Bus,4,4,6,17.8,A veces,1,Ciencia social computacional,Presencial,2.73,2026-08-06
E2491,Ingeniería Industrial,4,22,Hombre,15.2,6.7,26,Caminando,3,5,3,9.7,Todos los días,4,IA y ML,Híbrida,3.57,2026-08-19
E2492,Economía,5,22,Prefiere no responder,26.1,8.3,9,TransMilenio,5,3,5,6.0,A veces,2,No estoy seguro,Presencial,3.93,2026-08-18
E2493,Psicología,6,23,Mujer,22.6,7.0,25,TransMilenio,5,4,2,11.0,A veces,3,IA y ML,Híbrida,3.57,2026-08-09
E2494,Ingeniería Industrial,3,20,Mujer,15.5,,70,Bicicleta,5,5,1,12.1,Frecuentemente,3,IA y ML,Presencial,2.95,2026-08-16
E2495,Economía,6,21,Hombre,26.3,6.8,31,TransMilenio,4,4,3,6.0,Frecuentemente,2,IA y ML,Híbrida,4.08,2026-08-10
E2496,Ingeniería de Sistemas,1,19,Hombre,18.4,8.9,48,Moto,3,5,4,9.5,Todos los días,4,Ciencia social computacional,Presencial,3.56,2026-08-13
E2497,Ingeniería Industrial,2,18,Hombre,15.7,7.6,37,TransMilenio,3,5,1,12.1,A veces,2,Ciencia social computacional,Virtual,3.69,2026-08-06
E2498,Administración,2,18,Mujer,19.1,6.0,130,Carro,5,3,6,6.2,Frecuentemente,3,Visualización,Presencial,3.2,2026-08-14
E2499,Ingeniería Industrial,5,20,Mujer,25.8,6.8,35,Bicicleta,4,4,3,8.9,Frecuentemente,1,Ingeniería de datos,Híbrida,4.23,2026-08-19
E2500,Ingeniería Industrial,6,22,Mujer,21.0,5.3,48,TransMilenio,4,4,0,8.2,Frecuentemente,2,IA y ML,Presencial,3.18,2026-08-11
E1000,Ciencia de Datos,3,22,Mujer,13.6,5.2,78,TransMilenio,5,2,3,11.7,A veces,4,Analítica de negocio,Presencial,2.89,2026-08-17
E1077,Psicología,4,20,Hombre,19.0,6.4,58,Carro,4,4,3,7.8,Nunca,3,Ingeniería de datos,Presencial,3.08,2026-08-04
E0597,Administración,3,18,Hombre,24.6,7.2,,TransMilenio,5,4,4,6.7,Frecuentemente,2,IA y ML,Híbrida,3.49,2026-08-13
E0135,Diseño,2,20,Mujer,15.2,7.6,38,Carro,2,5,1,7.1,A veces,3,Ingeniería de datos,Presencial,3.94,2026-08-13
E1280,Ingeniería de Sistemas,3,19,Mujer,17.6,7.3,73,Bicicleta,3,4,4,9.5,A veces,2,No estoy seguro,Presencial,3.67,2026-08-18
E1375,Ciencia de Datos,2,18,Mujer,12.3,7.5,108,TransMilenio,5,4,0,6.3,Frecuentemente,3,IA y ML,Presencial,3.02,2026-08-01
E2010,Economía,5,19,Hombre,17.2,6.4,26,Moto,4,4,2,8.0,A veces,2,IA y ML,Presencial,3.59,2026-08-11
E2113,Ciencia de Datos,1,18,Mujer,13.7,6.3,81,Caminando,5,4,5,9.7,Frecuentemente,3,Analítica de negocio,Presencial,3.67,2026-08-10
E0456,Administración,2,19,Mujer,17.7,5.8,47,Caminando,4,4,3,4.9,Frecuentemente,1,IA y ML,Presencial,3.24,2026-08-04
E1001,Ingeniería de Sistemas,1,19,Mujer,20.1,5.2,92,Caminando,5,3,1,9.1,Frecuentemente,4,Analítica de negocio,Presencial,3.82,2026-08-19
E0438,Ingeniería Industrial,1,19,Mujer,15.5,7.8,50,TransMilenio,3,4,5,3.7,Todos los días,3,Analítica de negocio,Presencial,3.79,2026-08-11
E1192,Administración,2,20,Mujer,15.6,7.7,50,Caminando,3,4,6,10.8,A veces,4,Visualización,Presencial,3.75,2026-08-02
